time/fps,time/process,time/physics_process,time/navigation_process,memory/static,memory/static_max,memory/msg_buf_max,object/objects,object/resources,object/nodes,object/orphan_nodes,raster/total_objects_drawn,raster/total_primitives_drawn,raster/total_draw_calls,video/video_mem,video/texture_mem,video/buffer_mem,physics_2d/active_objects,physics_2d/collision_pairs,physics_2d/islands,physics_3d/active_objects,physics_3d/collision_pairs,physics_3d/islands,audio/driver/output_latency,navigation/active_maps,navigation/regions,navigation/agents,navigation/links,navigation/polygons,navigation/edges,navigation/edges_merged,navigation/edges_connected,navigation/edges_free,navigation/obstacles,pipeline/compilations_canvas,pipeline/compilations_mesh,pipeline/compilations_surface,pipeline/compilations_draw,pipeline/compilations_specialization,navigation_2d/active_maps,navigation_2d/regions,navigation_2d/agents,navigation_2d/links,navigation_2d/polygons,navigation_2d/edges,navigation_2d/edges_merged,navigation_2d/edges_connected,navigation_2d/edges_free,navigation_2d/obstacles,navigation_3d/active_maps,navigation_3d/regions,navigation_3d/agents,navigation_3d/links,navigation_3d/polygons,navigation_3d/edges,navigation_3d/edges_merged,navigation_3d/edges_connected,navigation_3d/edges_free,navigation_3d/obstacles
1.0,0.0,0.0,0.0,81984192.0,91968112.0,4096.0,7040.0,463.0,67.0,0.0,515.0,1042.0,72.0,98328000.0,56952064.0,3885108.0,1.0,1.0,1.0,0.0,0.0,0.0,0.01,1.0,0.0,0.0,0.0,0.0,0.0,0.0,0.0,0.0,0.0,3.0,0.0,0.0,0.0,0.0,1.0,0.0,0.0,0.0,0.0,0.0,0.0,0.0,0.0,0.0,0.0,0.0,0.0,0.0,0.0,0.0,0.0,0.0,0.0,0.0
137.0,0.020597,0.000467,0.000007,81962320.0,91968112.0,4096.0,7038.0,463.0,67.0,0.0,515.0,1042.0,72.0,98589216.0,56951808.0,3884452.0,1.0,1.0,1.0,0.0,0.0,0.0,0.01,1.0,0.0,0.0,0.0,0.0,0.0,0.0,0.0,0.0,0.0,3.0,0.0,0.0,0.0,0.0,1.0,0.0,0.0,0.0,0.0,0.0,0.0,0.0,0.0,0.0,0.0,0.0,0.0,0.0,0.0,0.0,0.0,0.0,0.0,0.0
141.0,0.021197,0.000338,0.000007,81976688.0,91968112.0,4096.0,7038.0,463.0,67.0,0.0,515.0,1042.0,72.0,98589216.0,56951808.0,3884452.0,1.0,3.0,3.0,0.0,0.0,0.0,0.01,1.0,0.0,0.0,0.0,0.0,0.0,0.0,0.0,0.0,0.0,3.0,0.0,0.0,0.0,0.0,1.0,0.0,0.0,0.0,0.0,0.0,0.0,0.0,0.0,0.0,0.0,0.0,0.0,0.0,0.0,0.0,0.0,0.0,0.0,0.0
135.0,0.020709,0.000441,0.000006,81984784.0,91968112.0,4096.0,7039.0,463.0,67.0,0.0,515.0,1042.0,72.0,98589216.0,56951808.0,3884452.0,1.0,3.0,3.0,0.0,0.0,0.0,0.01,1.0,0.0,0.0,0.0,0.0,0.0,0.0,0.0,0.0,0.0,3.0,0.0,0.0,0.0,0.0,1.0,0.0,0.0,0.0,0.0,0.0,0.0,0.0,0.0,0.0,0.0,0.0,0.0,0.0,0.0,0.0,0.0,0.0,0.0,0.0
137.0,0.021675,0.022382,0.000009,82673168.0,91968112.0,4096.0,6753.0,463.0,85.0,0.0,387.0,786.0,58.0,99637792.0,58000384.0,3884452.0,1.0,4.0,3.0,0.0,0.0,0.0,0.01,1.0,0.0,0.0,0.0,0.0,0.0,0.0,0.0,0.0,0.0,3.0,0.0,0.0,0.0,0.0,1.0,0.0,0.0,0.0,0.0,0.0,0.0,0.0,0.0,0.0,0.0,0.0,0.0,0.0,0.0,0.0,0.0,0.0,0.0,0.0
142.0,0.021159,0.000598,0.000008,82678328.0,91968112.0,4096.0,6753.0,463.0,85.0,0.0,387.0,786.0,58.0,99637792.0,58000384.0,3884452.0,1.0,4.0,3.0,0.0,0.0,0.0,0.01,1.0,0.0,0.0,0.0,0.0,0.0,0.0,0.0,0.0,0.0,3.0,0.0,0.0,0.0,0.0,1.0,0.0,0.0,0.0,0.0,0.0,0.0,0.0,0.0,0.0,0.0,0.0,0.0,0.0,0.0,0.0,0.0,0.0,0.0,0.0
137.0,0.021065,0.000432,0.000007,82678608.0,91968112.0,4096.0,6753.0,463.0,85.0,0.0,387.0,786.0,58.0,99637792.0,58000384.0,3884452.0,1.0,4.0,3.0,0.0,0.0,0.0,0.01,1.0,0.0,0.0,0.0,0.0,0.0,0.0,0.0,0.0,0.0,3.0,0.0,0.0,0.0,0.0,1.0,0.0,0.0,0.0,0.0,0.0,0.0,0.0,0.0,0.0,0.0,0.0,0.0,0.0,0.0,0.0,0.0,0.0,0.0,0.0
140.0,0.020692,0.000353,0.000008,82682576.0,91968112.0,4096.0,6753.0,463.0,85.0,0.0,387.0,786.0,58.0,99637792.0,58000384.0,3884452.0,1.0,5.0,4.0,0.0,0.0,0.0,0.01,1.0,0.0,0.0,0.0,0.0,0.0,0.0,0.0,0.0,0.0,3.0,0.0,0.0,0.0,0.0,1.0,0.0,0.0,0.0,0.0,0.0,0.0,0.0,0.0,0.0,0.0,0.0,0.0,0.0,0.0,0.0,0.0,0.0,0.0,0.0
140.0,0.021208,0.000334,0.000004,82712928.0,91968112.0,4096.0,6756.0,463.0,85.0,0.0,386.0,784.0,57.0,99637792.0,58000384.0,3884452.0,1.0,7.0,6.0,0.0,0.0,0.0,0.01,1.0,0.0,0.0,0.0,0.0,0.0,0.0,0.0,0.0,0.0,3.0,0.0,0.0,0.0,0.0,1.0,0.0,0.0,0.0,0.0,0.0,0.0,0.0,0.0,0.0,0.0,0.0,0.0,0.0,0.0,0.0,0.0,0.0,0.0,0.0
140.0,0.020905,0.000616,0.000008,82714728.0,91968112.0,4096.0,6754.0,463.0,85.0,0.0,386.0,784.0,57.0,99637792.0,58000384.0,3884452.0,1.0,11.0,10.0,0.0,0.0,0.0,0.01,1.0,0.0,0.0,0.0,0.0,0.0,0.0,0.0,0.0,0.0,3.0,0.0,0.0,0.0,0.0,1.0,0.0,0.0,0.0,0.0,0.0,0.0,0.0,0.0,0.0,0.0,0.0,0.0,0.0,0.0,0.0,0.0,0.0,0.0,0.0
141.0,0.021119,0.00751,0.000007,84257872.0,91968112.0,4096.0,7569.0,463.0,151.0,0.0,903.0,2058.0,47.0,99652512.0,58000384.0,3899140.0,4.0,55.0,22.0,0.0,0.0,0.0,0.01,1.0,0.0,0.0,0.0,0.0,0.0,0.0,0.0,0.0,0.0,3.0,0.0,0.0,0.0,0.0,1.0,0.0,0.0,0.0,0.0,0.0,0.0,0.0,0.0,0.0,0.0,0.0,0.0,0.0,0.0,0.0,0.0,0.0,0.0,0.0
137.0,0.021527,0.00078,0.000008,84380528.0,91968112.0,4096.0,7578.0,463.0,151.0,0.0,910.0,2152.0,51.0,99652512.0,58000384.0,3899140.0,4.0,59.0,26.0,0.0,0.0,0.0,0.01,1.0,0.0,0.0,0.0,0.0,0.0,0.0,0.0,0.0,0.0,3.0,0.0,0.0,0.0,0.0,1.0,0.0,0.0,0.0,0.0,0.0,0.0,0.0,0.0,0.0,0.0,0.0,0.0,0.0,0.0,0.0,0.0,0.0,0.0,0.0
139.0,0.021716,0.000608,0.000009,84356272.0,91968112.0,4096.0,7574.0,463.0,151.0,0.0,909.0,2150.0,50.0,99652512.0,58000384.0,3899140.0,4.0,55.0,22.0,0.0,0.0,0.0,0.01,1.0,0.0,0.0,0.0,0.0,0.0,0.0,0.0,0.0,0.0,3.0,0.0,0.0,0.0,0.0,1.0,0.0,0.0,0.0,0.0,0.0,0.0,0.0,0.0,0.0,0.0,0.0,0.0,0.0,0.0,0.0,0.0,0.0,0.0,0.0
139.0,0.021037,0.000834,0.000008,84340832.0,91968112.0,4096.0,7570.0,463.0,151.0,0.0,909.0,2150.0,50.0,99652512.0,58000384.0,3899140.0,4.0,63.0,30.0,0.0,0.0,0.0,0.01,1.0,0.0,0.0,0.0,0.0,0.0,0.0,0.0,0.0,0.0,3.0,0.0,0.0,0.0,0.0,1.0,0.0,0.0,0.0,0.0,0.0,0.0,0.0,0.0,0.0,0.0,0.0,0.0,0.0,0.0,0.0,0.0,0.0,0.0,0.0
139.0,0.020531,0.000558,0.000004,84368704.0,91968112.0,4096.0,7571.0,463.0,151.0,0.0,909.0,2150.0,50.0,99652512.0,58000384.0,3899140.0,5.0,54.0,21.0,0.0,0.0,0.0,0.01,1.0,0.0,0.0,0.0,0.0,0.0,0.0,0.0,0.0,0.0,3.0,0.0,0.0,0.0,0.0,1.0,0.0,0.0,0.0,0.0,0.0,0.0,0.0,0.0,0.0,0.0,0.0,0.0,0.0,0.0,0.0,0.0,0.0,0.0,0.0
93.0,0.354866,0.001441,0.000004,84363648.0,91968112.0,4096.0,7573.0,463.0,151.0,0.0,909.0,2150.0,50.0,99652512.0,58000384.0,3899140.0,5.0,69.0,29.0,0.0,0.0,0.0,0.01,1.0,0.0,0.0,0.0,0.0,0.0,0.0,0.0,0.0,0.0,3.0,0.0,0.0,0.0,0.0,1.0,0.0,0.0,0.0,0.0,0.0,0.0,0.0,0.0,0.0,0.0,0.0,0.0,0.0,0.0,0.0,0.0,0.0,0.0,0.0
139.0,0.02097,0.000595,0.000005,84386416.0,91968112.0,4096.0,7579.0,463.0,151.0,0.0,909.0,2150.0,50.0,99652512.0,58000384.0,3899140.0,5.0,64.0,24.0,0.0,0.0,0.0,0.01,1.0,0.0,0.0,0.0,0.0,0.0,0.0,0.0,0.0,0.0,3.0,0.0,0.0,0.0,0.0,1.0,0.0,0.0,0.0,0.0,0.0,0.0,0.0,0.0,0.0,0.0,0.0,0.0,0.0,0.0,0.0,0.0,0.0,0.0,0.0

category_frame_time,categ::physics_3d,categ::physics_2d,categ::audio_thread,script_functions,physics_time,process_time,physics_frame_time,categ::physics_3d::integrate_forces,categ::physics_3d::generate_islands,categ::physics_3d::setup_constraints,categ::physics_3d::solve_constraints,categ::physics_3d::integrate_velocities,categ::physics_3d::flush_queries,categ::physics_2d::integrate_forces,categ::physics_2d::generate_islands,categ::physics_2d::setup_constraints,categ::physics_2d::solve_constraints,categ::physics_2d::integrate_velocities,categ::physics_2d::flush_queries,categ::audio_thread::audio_server,categ::audio_thread::audio_driver,res://Scripts/DungeonGenerator.gd::26::_ready,res://Scripts/DungeonGenerator.gd::130::_load_room,res://Scripts/Room.gd::6::_ready,res://Scripts/player.gd::0::@implicit_ready,res://Scripts/player.gd::183::_physics_process,res://Scripts/weapon.gd::64::_ready,res://Scripts/DungeonGenerator.gd::46::_setup_door_signals,res://Scripts/player.gd::86::_process,res://Scripts/health_bar.gd::6::_process,res://Scripts/Obstacle_Scripts/BaseRoom.gd::13::_ready,res://Scripts/stats.gd::20::_process,res://Scripts/player.gd::245::_movement,res://Scripts/skill.gd::10::_process,res://Scripts/UI_Scripts/transitioner.gd::9::_ready,res://Scripts/weapon.gd::0::@implicit_ready,res://Scripts/stats.gd::0::@implicit_ready,res://Scripts/weapon_slot.gd::13::_process,res://Scripts/weapon_slot.gd::0::@implicit_new,res://Scripts/weapon.gd::0::@implicit_new,res://Scripts/weapon.gd::461::_choose_item_stats,res://Scripts/player.gd::197::_input,res://Scripts/UI_Scripts/transitioner.gd::0::@implicit_ready,res://Scripts/Obstacle_Scripts/BaseRoom.gd::0::@implicit_new,res://Scripts/skill.gd::0::@implicit_ready,res://Scripts/skill.gd::0::@implicit_new,res://Scripts/player.gd::0::@implicit_new,res://Scripts/health_bar.gd::0::@implicit_ready,res://Scripts/Global.gd::80::_input,res://Scripts/weapon_slot.gd::0::@implicit_ready,res://Scripts/Room.gd::0::@implicit_ready,res://Scripts/weapon_slot.gd::10::_ready,res://Scripts/weapon.gd::85::_process,res://Scripts/DungeonGenerator.gd::0::@implicit_new,res://Scripts/DungeonGenerator.gd::0::@implicit_ready,res://Scripts/health_bar.gd::0::@implicit_new,res://Scripts/stats.gd::0::@implicit_new,res://Scenes/PlayerStuff/Player.tscn::GDScript_gntrk::0::@implicit_new,res://Scenes/PlayerStuff/Player.tscn::GDScript_gntrk::4::_process,res://Scripts/Room.gd::0::@implicit_new,res://Scripts/player.gd::279::_on_attack_hitbox_body_entered,res://Scripts/player.gd::47::_ready,res://Scripts/UI_Scripts/transitioner.gd::0::@implicit_new,res://Scripts/player.gd::231::_update_last_direction,res://Scripts/weapon.gd::418::_on_body_entered,res://Scripts/weapon.gd::440::_on_body_exited,res://Scripts/weapon_slot.gd::33::addWeapon,res://Scripts/Global.gd::53::_addDamage,res://Scripts/Global.gd::48::_addSpeed,res://Scripts/Global.gd::40::_addHealth,res://Scripts/DungeonGenerator.gd::105::_change_room,res://Scripts/DungeonGenerator.gd::92::_on_door_entered,res://Scripts/target_dummy.gd::0::@implicit_new,res://Scripts/target_dummy.gd::9::_process,res://Scripts/target_dummy.gd::0::@implicit_ready,res://Scripts/player.gd::162::start_dash,res://Scripts/Obstacle_Scripts/BaseRoom.gd::20::generate_traps,res://Scripts/Obstacle_Scripts/BaseRoom.gd::30::spawn_random_trap,res://Scripts/mob_health_bar.gd::8::_ready,res://Scripts/mob_health_bar.gd::10::_process,res://Scripts/Obstacle_Scripts/Spike_Trap.gd::12::_ready,res://Scripts/Obstacle_Scripts/ShurikenTrap.gd::16::_ready,res://Scripts/Obstacle_Scripts/ShurikenTrap.gd::20::_process,res://Scripts/EnemiesScripts/skull.gd::0::@implicit_ready,res://Scripts/EnemiesScripts/bear.gd::0::@implicit_ready,res://Scripts/EnemiesScripts/bear.gd::0::@implicit_new,res://Scripts/Obstacle_Scripts/Spike_Trap.gd::0::@implicit_new,res://Scripts/EnemiesScripts/skull.gd::0::@implicit_new,res://Scripts/Obstacle_Scripts/ShurikenTrap.gd::0::@implicit_ready,res://Scripts/EnemiesScripts/skull.gd::36::_ready,res://Scripts/EnemiesScripts/reptile_damage_area.gd::0::@implicit_new,res://Scripts/Obstacle_Scripts/Spike_Trap.gd::0::@implicit_ready,res://Scripts/EnemiesScripts/reptile.gd::0::@implicit_new,res://Scripts/EnemiesScripts/bear.gd::29::_ready,res://Scripts/EnemiesScripts/bear_damage_area.gd::0::@implicit_new,res://Scripts/EnemiesScripts/lizard.gd::0::@implicit_ready,res://Scripts/EnemiesScripts/lizard.gd::0::@implicit_new,res://Scripts/EnemiesScripts/lizard.gd::29::_ready,res://Scripts/Obstacle_Scripts/SandTrap.gd::0::@implicit_new,res://Scripts/Obstacle_Scripts/ShurikenTrap.gd::0::@implicit_new,res://Scripts/EnemiesScripts/reptile_damage_area.gd::27::_process,res://Scripts/EnemiesScripts/reptile.gd::0::@implicit_ready,res://Scripts/EnemiesScripts/lizard_damage_area.gd::0::@implicit_new,res://Scripts/EnemiesScripts/reptile.gd::29::_ready,res://Scripts/EnemiesScripts/bear_damage_area.gd::26::_process,res://Scripts/EnemiesScripts/lizard_damage_area.gd::27::_process,res://Scripts/mob_health_bar.gd::0::@implicit_new,res://Scripts/EnemiesScripts/lizard.gd::33::_physics_process,res://Scripts/EnemiesScripts/bear.gd::33::_physics_process,res://Scripts/EnemiesScripts/lizard.gd::91::_update_vision,res://Scripts/EnemiesScripts/bear.gd::91::_update_vision,res://Scripts/EnemiesScripts/reptile.gd::33::_physics_process,res://Scripts/EnemiesScripts/skull.gd::88::_physics_process,res://Scripts/EnemiesScripts/lizard.gd::175::_idle,res://Scripts/EnemiesScripts/reptile.gd::91::_update_vision,res://Scripts/EnemiesScripts/bear.gd::175::_idle,res://Scripts/EnemiesScripts/reptile.gd::175::_idle,res://Scripts/EnemiesScripts/skull.gd::77::_aim,res://Scripts/EnemiesScripts/skull.gd::80::_check_player_collision,res://Scripts/Obstacle_Scripts/ShurikenTrap.gd::35::_on_body_entered,res://Scripts/weapon.gd::205::start_attack_motion,res://Scripts/player.gd::145::start_attack,res://Scripts/weapon.gd::479::_item_sound,res://Scripts/weapon_slot.gd::48::switch_to_next_weapon,res://Scripts/DungeonGenerator.gd::65::_on_local_teleport,res://Scripts/EnemiesScripts/bear.gd::108::_follow_breadcrumbs,res://Scripts/EnemiesScripts/bear.gd::182::_update_animation,res://Scripts/EnemiesScripts/bear_damage_area.gd::12::_on_body_entered,res://Scripts/player.gd::63::take_damage,res://Scripts/player.gd::52::_flash,res://Scripts/EnemiesScripts/bear_damage_area.gd::20::_on_body_exited
0.026173,0.000028,0.000403,0.001573,0.031751,0.013738,0.011428,0.016667,0.0,0.0,0.0,0.0,0.0,0.000003,0.0,0.0,0.000022,0.000015,0.0,0.000001,0.000367,0.001206,0.031229,0.031221,0.000357,0.000118,0.000094,0.000038,0.000035,0.000024,0.000024,0.000023,0.000021,0.000014,0.000009,0.000009,0.000007,0.000005,0.000005,0.000005,0.000004,0.000003,0.000003,0.000003,0.000002,0.000002,0.000002,0.000002,0.000002,0.000001,0.000001,0.000001,0.000001,0.000001,0.000001,0.000001,0.0,0.0,0.0,0.0,0.0,0.0,0.0,0.0,,,,,,,,,,,,,,,,,,,,,,,,,,,,,,,,,,,,,,,,,,,,,,,,,,,,,,,,,,,,,,,,,,,,
0.005348,0.000006,0.000091,0.000089,0.000077,0.000166,0.005065,0.016667,0.0,0.0,0.0,0.0,0.0,0.000003,0.000019,0.000001,0.000034,0.000007,0.0,0.000001,0.000077,0.000012,,,,,0.000018,,,0.000022,0.000012,,0.000012,0.000014,0.000006,,,,0.000004,,,,0.000003,,,,,,,0.000001,,,,0.000001,,,,,,0.0,,,,,,,,,,,,,,,,,,,,,,,,,,,,,,,,,,,,,,,,,,,,,,,,,,,,,,,,,,,,,,,,,,,,,,,,
0.000744,0.000002,0.000055,0.0,0.000092,0.000168,0.000573,0.016667,0.0,0.0,0.0,0.0,0.0,0.000002,0.000001,0.0,0.000028,0.000024,0.000001,0.000001,0.0,0.0,,,,,0.000013,,,0.000029,0.000021,,0.000015,0.000017,0.000009,,,,0.000006,,,,,,,,,,,,,,,0.000002,,,,,,0.0,,,,,,,,,,,,,,,,,,,,,,,,,,,,,,,,,,,,,,,,,,,,,,,,,,,,,,,,,,,,,,,,,,,,,,,,
0.001901,0.0,0.0,0.000001,0.000034,0.0,0.001899,0.016667,,,,,,,,,,,,,0.0,0.000001,,,,,,,,0.000011,0.000009,,0.000005,0.000008,0.000005,,,,0.000003,,,,,,,,,,,,,,,0.000001,,,,,,0.0,,,,,,,,,,,,,,,,,,,,,,,,,,,,,,,,,,,,,,,,,,,,,,,,,,,,,,,,,,,,,,,,,,,,,,,,
0.007214,0.0,0.0,0.000104,0.000032,0.0,0.007213,0.016667,,,,,,,,,,,,,0.000091,0.000013,,,,,,,,0.000009,0.000011,,0.000004,0.000005,0.000005,,,,0.000002,,,,,,,,,,,,,,,0.000001,,,,,,0.000001,,,,,,,,,,,,,,,,,,,,,,,,,,,,,,,,,,,,,,,,,,,,,,,,,,,,,,,,,,,,,,,,,,,,,,,,
0.007535,0.0,0.0,0.000053,0.000164,0.0,0.007532,0.016667,,,,,,,,,,,,,0.000029,0.000024,,,,,,,,0.000079,0.000038,,0.00003,0.000041,0.000009,,,,0.000009,,,,,,,,,,,,,,,0.000003,,,,,,0.000001,,,,,,,,,,,,,,,,,,,,,,,,,,,,,,,,,,,,,,,,,,,,,,,,,,,,,,,,,,,,,,,,,,,,,,,,
0.010966,0.000003,0.000063,0.000165,0.000081,0.000176,0.010788,0.016667,0.0,0.0,0.0,0.0,0.0,0.000003,0.000002,0.0,0.000037,0.000022,0.000001,0.000001,0.000145,0.00002,,,,,0.000017,,,0.000024,0.000017,,0.000013,0.000014,0.000006,,,,0.000004,,,,,,,,,,,,,,,0.000002,,,,,,0.0,,,,,,,,,,,,,,,,,,,,,,,,,,,,,,,,,,,,,,,,,,,,,,,,,,,,,,,,,,,,,,,,,,,,,,,,
0.004522,0.0,0.0,0.000002,0.000114,0.0,0.00452,0.016667,,,,,,,,,,,,,0.0,0.000002,,,,,,,,0.000071,0.000018,,0.000013,0.000058,0.000007,,,,0.000005,,,,,,,,,,,,,,,0.000002,,,,,,0.0,,,,,,,,,,,,,,,,,,,,,,,,,,,,,,,,,,,,,,,,,,,,,,,,,,,,,,,,,,,,,,,,,,,,,,,,
0.004119,0.0,0.0,0.000036,0.000059,0.0,0.004118,0.016667,,,,,,,,,,,,,0.00002,0.000016,,,,,,,,0.000024,0.000016,,0.000011,0.000013,0.000006,,,,0.000004,,,,,,,,,,,,,,,0.000001,,,,,,0.0,,,,,,,,,,,,,,,,,,,,,,,,,,,,,,,,,,,,,,,,,,,,,,,,,,,,,,,,,,,,,,,,,,,,,,,,
0.006862,0.000003,0.00006,0.00001,0.000063,0.000198,0.006662,0.016667,0.0,0.0,0.0,0.0,0.0,0.000003,0.000002,0.000001,0.000033,0.000022,0.0,0.000002,0.0,0.00001,,,,,0.000016,,,0.000019,0.000011,,0.000009,0.000011,0.000005,,,,0.000003,,,,,,,,,,,,,,,0.000001,,,,,,0.000001,,,,,,,,,,,,,,,,,,,,,,,,,,,,,,,,,,,,,,,,,,,,,,,,,,,,,,,,,,,,,,,,,,,,,,,,
0.020599,0.0,0.0,0.000099,0.000069,0.0,0.020597,0.016667,,,,,,,,,,,,,0.000061,0.000038,,,,,,,,0.000027,0.000018,,0.000013,0.000015,0.000007,,,,0.000005,,,,,,,,,,,,,,,0.000001,,,,,,0.0,,,,,,,,,,,,,,,,,,,,,,,,,,,,,,,,,,,,,,,,,,,,,,,,,,,,,,,,,,,,,,,,,,,,,,,,
0.000821,0.000003,0.000112,0.000002,0.000091,0.000185,0.000633,0.016667,0.0,0.0,0.0,0.0,0.0,0.000003,0.000002,0.000001,0.000066,0.00004,0.0,0.000003,0.0,0.000002,,,,,0.000019,,,0.000029,0.000018,,0.000014,0.000018,0.000007,,,,0.000004,,,,,,,,,,,,,,,0.000001,,,,,,0.0,,,,,,,,,,,,,,,,,,,,,,,,,,,,,,,,,,,,,,,,,,,,,,,,,,,,,,,,,,,,,,,,,,,,,,,,
0.006841,0.0,0.0,0.00002,0.000033,0.0,0.00684,0.016667,,,,,,,,,,,,,0.000009,0.000011,,,,,,,,0.000013,0.000008,,0.000006,0.000008,0.000004,,,,0.000002,,,,,,,,,,,,,,,0.000001,,,,,,0.0,,,,,,,,,,,,,,,,,,,,,,,,,,,,,,,,,,,,,,,,,,,,,,,,,,,,,,,,,,,,,,,,,,,,,,,,
0.006074,0.0,0.0,0.000069,0.000063,0.0,0.006072,0.016667,,,,,,,,,,,,,0.000057,0.000012,,,,,,,,0.000024,0.000014,,0.00001,0.000013,0.000012,,,,0.000003,,,,,,,,,,,,,,,0.000001,,,,,,0.0,,,,,,,,,,,,,,,,,,,,,,,,,,,,,,,,,,,,,,,,,,,,,,,,,,,,,,,,,,,,,,,,,,,,,,,,
0.015368,0.000002,0.000069,0.000031,0.000109,0.000168,0.015197,0.016667,0.0,0.0,0.0,0.0,0.0,0.000002,0.000002,0.000001,0.000045,0.000019,0.0,0.000002,0.000012,0.000019,,,,,0.000017,,,0.000054,0.000016,,0.000012,0.000043,0.000007,,,,0.000004,,,,,,,,,,,,,,,0.000002,,,,,,0.0,,,,,,,,,,,,,,,,,,,,,,,,,,,,,,,,,,,,,,,,,,,,,,,,,,,,,,,,,,,,,,,,,,,,,,,,
0.004254,0.0,0.0,0.000054,0.000054,0.0,0.004253,0.016667,,,,,,,,,,,,,0.000046,0.000008,,,,,,,,0.000023,0.000011,,0.000011,0.000012,0.000005,,,,0.000004,,,,,,,,,,,,,,,0.000002,,,,,,0.0,,,,,,,,,,,,,,,,,,,,,,,,,,,,,,,,,,,,,,,,,,,,,,,,,,,,,,,,,,,,,,,,,,,,,,,,
0.00093,0.000002,0.000079,0.0,0.000081,0.000125,0.000803,0.016667,0.0,0.0,0.0,0.0,0.0,0.000002,0.000002,0.000001,0.000047,0.000028,0.0,0.000001,0.0,0.0,,,,,0.000012,,,0.000023,0.000015,,0.000018,0.000015,0.000009,,,,0.000004,,,,,,,,,,,,,,,0.000001,,,,,,0.0,,,,,,,,,,,,,,,,,,,,,,,,,,,,,,,,,,,,,,,,,,,,,,,,,,,,,,,,,,,,,,,,,,,,,,,,
0.007324,0.0,0.0,0.000096,0.000057,0.0,0.007323,0.016667,,,,,,,,,,,,,0.000075,0.000021,,,,,,,,0.000018,0.000017,,0.000009,0.000011,0.000008,,,,0.000004,,,,,,,,,,,,,,,0.000002,,,,,,0.0,,,,,,,,,,,,,,,,,,,,,,,,,,,,,,,,,,,,,,,,,,,,,,,,,,,,,,,,,,,,,,,,,,,,,,,,
0.006637,0.0,0.0,0.000016,0.000072,0.0,0.006634,0.016667,,,,,,,,,,,,,0.0,0.000016,,,,,,,,0.000028,0.000019,,0.000013,0.000016,0.000007,,,,0.000005,,,,,,,,,,,,,,,0.000001,,,,,,0.0,,,,,,,,,,,,,,,,,,,,,,,,,,,,,,,,,,,,,,,,,,,,,,,,,,,,,,,,,,,,,,,,,,,,,,,,
0.014545,0.000003,0.000065,0.000125,0.000079,0.000149,0.014394,0.016667,0.0,0.0,0.0,0.0,0.0,0.000003,0.000002,0.000001,0.000037,0.000022,0.000001,0.000002,0.000093,0.000032,,,,,0.000016,,,0.000027,0.000014,,0.000013,0.000016,0.000005,,,,0.000004,,,,,,,,,,,,,,,0.000001,,,,,,0.000001,,,,,,,,,,,,,,,,,,,,,,,,,,,,,,,,,,,,,,,,,,,,,,,,,,,,,,,,,,,,,,,,,,,,,,,,
0.003802,0.000002,0.00006,0.000002,0.000085,0.000161,0.003639,0.016667,0.0,0.0,0.0,0.0,0.0,0.000002,0.000003,0.0,0.000035,0.00002,0.0,0.000002,0.0,0.000002,,0.000001,,,0.000015,,,0.000028,0.000018,,0.000013,0.000016,0.000008,,,,0.000004,,,,,,,,,,,,,,,0.000001,,,,,,0.0,,,,,,,,,,,,,,,,,,,,,,,,,,,,,,,,,,,,,,,,,,,,,,,,,,,,,,,,,,,,,,,,,,,,,,,,
0.002528,0.0,0.0,0.000003,0.00006,0.0,0.002526,0.016667,,,,,,,,,,,,,0.0,0.000003,,,,,,,,0.000023,0.000015,,0.000012,0.000013,0.000007,,,,0.000005,,,,,,,,,,,,,,,0.000001,,,,,,0.0,,,,,,,,,,,,,,,,,,,,,,,,,,,,,,,,,,,,,,,,,,,,,,,,,,,,,,,,,,,,,,,,,,,,,,,,
0.006696,0.000002,0.000084,0.000066,0.000068,0.000116,0.006579,0.016667,0.0,0.0,0.0,0.0,0.0,0.000002,0.000002,0.0,0.000041,0.00004,0.0,0.000001,0.000057,0.000009,,,,,0.000013,,,0.000022,0.000012,,0.000012,0.000013,0.000005,,,,0.000003,,,,,,,,,,,,,,,0.000001,,,,,,0.000001,,,,,,,,,,,,,,,,,,,,,,,,,,,,,,,,,,,,,,,,,,,,,,,,,,,,,,,,,,,,,,,,,,,,,,,,
0.006809,0.0,0.0,0.000034,0.000062,0.0,0.006808,0.016667,,,,,,,,,,,,,0.00002,0.000014,,,,,,,,0.000024,0.000016,,0.000012,0.000013,0.000007,,,,0.000004,,,,,,,,,,,,,,,0.000001,,,,,,0.0,,,,,,,,,,,,,,,,,,,,,,,,,,,,,,,,,,,,,,,,,,,,,,,,,,,,,,,,,,,,,,,,,,,,,,,,
0.014635,0.000003,0.000049,0.000033,0.000085,0.000145,0.014488,0.016667,0.0,0.0,0.0,0.0,0.0,0.000003,0.000002,0.0,0.00003,0.000016,0.0,0.000001,0.000012,0.000021,,,,,0.000016,,,0.000024,0.000022,,0.000012,0.000014,0.000006,,,,0.000005,,,,,,,,,,,,,,,0.000002,,,,,,0.0,,,,,,,,,,,,,,,,,,,,,,,,,,,,,,,,,,,,,,,,,,,,,,,,,,,,,,,,,,,,,,,,,,,,,,,,
0.00194,0.0,0.0,0.000005,0.000082,0.0,0.001937,0.016667,,,,,,,,,,,,,0.0,0.000005,,,,,,,,0.000035,0.000021,,0.000015,0.00002,0.000007,,,,0.000005,,,,,,,,,,,,,,,0.000001,,,,,,0.0,,,,,,,,,,,,,,,,,,,,,,,,,,,,,,,,,,,,,,,,,,,,,,,,,,,,,,,,,,,,,,,,,,,,,,,,
0.00404,0.000002,0.000061,0.000094,0.000073,0.000137,0.003901,0.016667,0.0,0.0,0.0,0.0,0.0,0.000002,0.000003,0.0,0.000036,0.00002,0.0,0.000002,0.000081,0.000013,,,,,0.000016,,,0.000021,0.000014,,0.000014,0.000012,0.000005,,,,0.000003,,,,,,,,,,,,,,,0.000002,,,,,,0.0,,,,,,,,,,,,,,,,,,,,,,,,,,,,,,,,,,,,,,,,,,,,,,,,,,,,,,,,,,,,,,,,,,,,,,,,
0.006722,0.0,0.0,0.000004,0.000065,0.0,0.00672,0.016667,,,,,,,,,,,,,0.0,0.000004,,,,,,,,0.000025,0.00002,,0.000011,0.000014,0.000005,,,,0.000003,,,,,,,,,,,,,,,0.000002,,,,,,0.000001,,,,,,,,,,,,,,,,,,,,,,,,,,,,,,,,,,,,,,,,,,,,,,,,,,,,,,,,,,,,,,,,,,,,,,,,
0.007002,0.0,0.0,0.000019,0.000074,0.0,0.006999,0.016667,,,,,,,,,,,,,0.000011,0.000008,,,,,,,,0.000029,0.000018,,0.000013,0.000016,0.000009,,,,0.000005,,,,,,,,,,,,,,,0.000002,,,,,,0.0,,,,,,,,,,,,,,,,,,,,,,,,,,,,,,,,,,,,,,,,,,,,,,,,,,,,,,,,,,,,,,,,,,,,,,,,
0.015137,0.000003,0.000052,0.000129,0.000087,0.000153,0.014981,0.016667,0.0,0.0,0.0,0.0,0.0,0.000003,0.000003,0.0,0.000035,0.000012,0.0,0.000002,0.000095,0.000034,,,,,0.000018,,,0.000029,0.000018,,0.000014,0.000017,0.000005,,,,0.000004,,,,,,,,,,,,,,,0.000001,,,,,,0.0,,,,,,,,,,,,,,,,,,,,,,,,,,,,,,,,,,,,,,,,,,,,,,,,,,,,,,,,,,,,,,,,,,,,,,,,
0.000597,0.0,0.0,0.0,0.000054,0.0,0.000595,0.016667,,,,,,,,,,,,,0.0,0.0,,,,,,,,0.000024,0.000013,,0.000011,0.000012,0.000004,,,,0.000003,,,,,,,,,,,,,,,0.000001,,,,,,0.0,,,,,,,,,,,,,,,,,,,,,,,,,,,,,,,,,,,,,,,,,,,,,,,,,,,,,,,,,,,,,,,,,,,,,,,,
0.004652,0.000001,0.000054,0.000003,0.000057,0.000133,0.004517,0.016667,0.0,0.0,0.0,0.0,0.0,0.000001,0.000002,0.0,0.000034,0.000017,0.0,0.000001,0.0,0.000003,,,,,0.000011,,,0.000018,0.000012,,0.000008,0.000011,0.000006,,,,0.000002,,,,,,,,,,,,,,,0.000001,,,,,,0.0,,,,,,,,,,,,,,,,,,,,,,,,,,,,,,,,,,,,,,,,,,,,,,,,,,,,,,,,,,,,,,,,,,,,,,,,
0.006882,0.0,0.0,0.000115,0.000059,0.0,0.00688,0.016667,,,,,,,,,,,,,0.000089,0.000026,,,,,,,,0.000024,0.000013,,0.000012,0.000013,0.000007,,,,0.000004,,,,,,,,,,,,,,,0.000002,,,,,,0.0,,,,,,,,,,,,,,,,,,,,,,,,,,,,,,,,,,,,,,,,,,,,,,,,,,,,,,,,,,,,,,,,,,,,,,,,
0.007897,0.0,0.0,0.000018,0.00008,0.0,0.007894,0.016667,,,,,,,,,,,,,0.000003,0.000015,,,,,,,,0.000035,0.000019,,0.000016,0.000018,0.000007,,,,0.000004,,,,,,,,,,,,,,,0.000002,,,,,,0.0,,,,,,,,,,,,,,,,,,,,,,,,,,,,,,,,,,,,,,,,,,,,,,,,,,,,,,,,,,,,,,,,,,,,,,,,
0.012488,0.000002,0.000076,0.000032,0.000071,0.000134,0.012353,0.016667,0.0,0.0,0.0,0.0,0.0,0.000002,0.000001,0.000001,0.000037,0.000035,0.000001,0.000001,0.000013,0.000019,,,,,0.000014,,,0.000021,0.000014,,0.000014,0.000012,0.000005,,,,0.000003,,,,,,,,,,,,,,,0.000001,,,,,,0.0,,,,,,,,,,,,,,,,,,,,,,,,,,,,,,,,,,,,,,,,,,,,,,,,,,,,,,,,,,,,,,,,,,,,,,,,
0.000739,0.0,0.0,0.0,0.00007,0.0,0.000736,0.016667,,,,,,,,,,,,,0.0,0.0,,,,,,,,0.000029,0.000017,,0.000013,0.000016,0.000007,,,,0.000004,,,,,,,,,,,,,,,0.000002,,,,,,0.0,,,,,,,,,,,,,,,,,,,,,,,,,,,,,,,,,,,,,,,,,,,,,,,,,,,,,,,,,,,,,,,,,,,,,,,,
0.00649,0.000002,0.000058,0.000145,0.000053,0.000156,0.006333,0.016667,0.0,0.0,0.0,0.0,0.0,0.000002,0.000002,0.0,0.000033,0.000021,0.000001,0.000001,0.000128,0.000017,,,,,0.000014,,,0.000015,0.000009,,0.000008,0.000009,0.000004,,,,0.000003,,,,,,,,,,,,,,,0.0,,,,,,0.000001,,,,,,,,,,,,,,,,,,,,,,,,,,,,,,,,,,,,,,,,,,,,,,,,,,,,,,,,,,,,,,,,,,,,,,,,
0.006814,0.0,0.0,0.000004,0.000059,0.0,0.006813,0.016667,,,,,,,,,,,,,0.0,0.000004,,,,,,,,0.000031,0.000012,,0.00001,0.000012,0.000004,,,,0.000003,,,,,,,,,,,,,,,0.000001,,,,,,0.0,,,,,,,,,,,,,,,,,,,,,,,,,,,,,,,,,,,,,,,,,,,,,,,,,,,,,,,,,,,,,,,,,,,,,,,,
0.014426,0.000003,0.000076,0.00013,0.000073,0.000163,0.014261,0.016667,0.0,0.0,0.0,0.0,0.0,0.000003,0.000002,0.000001,0.000044,0.000027,0.000001,0.000001,0.00009,0.00004,,,,,0.000017,,,0.000022,0.000013,,0.000014,0.000013,0.000005,,,,0.000003,,,,,,,,,,,,,,,0.000001,,,,,,0.0,,,,,,,,,,,,,,,,,,,,,,,,,,,,,,,,,,,,,,,,,,,,,,,,,,,,,,,,,,,,,,,,,,,,,,,,
0.004988,0.0,0.0,0.000007,0.00007,0.0,0.004986,0.016667,,,,,,,,,,,,,0.0,0.000007,,,,,,,,0.000023,0.00003,,0.00001,0.000013,0.000004,,,,0.000003,,,,,,,,,,,,,,,0.000001,,,,,,0.0,,,,,,,,,,,,,,,,,,,,,,,,,,,,,,,,,,,,,,,,,,,,,,,,,,,,,,,,,,,,,,,,,,,,,,,,
0.000963,0.0,0.0,0.0,0.000033,0.0,0.000962,0.016667,,,,,,,,,,,,,0.0,0.0,,,,,,,,0.000013,0.000008,,0.000006,0.000008,0.000003,,,,0.000002,,,,,,,,,,,,,,,0.000001,,,,,,0.0,,,,,,,,,,,,,,,,,,,,,,,,,,,,,,,,,,,,,,,,,,,,,,,,,,,,,,,,,,,,,,,,,,,,,,,,
0.007396,0.000003,0.000071,0.000019,0.000054,0.000153,0.007241,0.016667,0.0,0.0,0.0,0.0,0.0,0.000003,0.000003,0.000001,0.00004,0.000026,0.0,0.000001,0.000011,0.000008,,,,,0.000015,,,0.000016,0.000009,,0.000008,0.000009,0.000004,,,,0.000003,,,,,,,,,,,,,,,0.000001,,,,,,0.0,,,,,,,,,,,,,,,,,,,,,,,,,,,,,,,,,,,,,,,,,,,,,,,,,,,,,,,,,,,,,,,,,,,,,,,,
0.006414,0.0,0.0,0.000055,0.000181,0.0,0.006408,0.016667,,,,,,,,,,,,,0.000046,0.000009,,,,,,,,0.000079,0.000043,,0.000036,0.000041,0.000013,,,,0.00001,,,,,,,,,,,,,,,0.000004,,,,,,0.000001,,,,,,,,,,,,,,,,,,,,,,,,,,,,,,,,,,,,,,,,,,,,,,,,,,,,,,,,,,,,,,,,,,,,,,,,
0.014221,0.000002,0.000065,0.000108,0.000079,0.00016,0.01406,0.016667,0.0,0.0,0.0,0.0,0.0,0.000002,0.000002,0.000001,0.000045,0.000014,0.000001,0.000002,0.000083,0.000025,,,,,0.000024,,,0.000024,0.000012,,0.000011,0.000014,0.000005,,,,0.000004,,,,,,,,,,,,,,,0.000001,,,,,,0.0,,,,,,,,,,,,,,,,,,,,,,,,,,,,,,,,,,,,,,,,,,,,,,,,,,,,,,,,,,,,,,,,,,,,,,,,
0.003669,0.0,0.0,0.000066,0.000055,0.0,0.003667,0.016667,,,,,,,,,,,,,0.000058,0.000008,,,,,,,,0.000024,0.000013,,0.000011,0.000013,0.000005,,,,0.000003,,,,,,,,,,,,,,,0.000001,,,,,,0.0,,,,,,,,,,,,,,,,,,,,,,,,,,,,,,,,,,,,,,,,,,,,,,,,,,,,,,,,,,,,,,,,,,,,,,,,
0.002366,0.0,0.0,0.000003,0.000048,0.0,0.002365,0.016667,,,,,,,,,,,,,0.0,0.000003,,,,,,,,0.00002,0.000011,,0.000009,0.000012,0.000005,,,,0.000003,,,,,,,,,,,,,,,0.000001,,,,,,0.0,,,,,,,,,,,,,,,,,,,,,,,,,,,,,,,,,,,,,,,,,,,,,,,,,,,,,,,,,,,,,,,,,,,,,,,,
0.006646,0.00006,0.000046,0.000025,0.000085,0.000268,0.006375,0.016667,0.0,0.0,0.0,0.0,0.0,0.00006,0.000003,0.000001,0.000032,0.000008,0.0,0.000002,0.000014,0.000011,,,,,0.000018,,,0.000028,0.000017,,0.000013,0.000016,0.000007,,,,0.000004,,,,,,,,,,,,,,,0.000001,,,,,,0.0,,,,,,,,,,,,,,,,,,,,,,,,,,,,,,,,,,,,,,,,,,,,,,,,,,,,,,,,,,,,,,,,,,,,,,,,
0.007041,0.0,0.0,0.000006,0.000066,0.0,0.007039,0.016667,,,,,,,,,,,,,0.0,0.000006,,,,,,,,0.000027,0.000016,,0.000012,0.000015,0.000007,,,,0.000004,,,,,,,,,,,,,,,0.000001,,,,,,0.0,,,,,,,,,,,,,,,,,,,,,,,,,,,,,,,,,,,,,,,,,,,,,,,,,,,,,,,,,,,,,,,,,,,,,,,,
0.014438,0.000002,0.00008,0.000104,0.000079,0.000186,0.01425,0.016667,0.0,0.0,0.0,0.0,0.0,0.000002,0.000003,0.0,0.000051,0.000025,0.0,0.000001,0.000073,0.000031,,,,,0.000015,,,0.000026,0.000016,,0.000013,0.000015,0.000005,,,,0.000004,,,,,,,,,,,,,,,0.000001,,,,,,0.0,,,,,,,,,,,,,,,,,,,,,,,,,,,,,,,,,,,,,,,,,,,,,,,,,,,,,,,,,,,,,,,,,,,,,,,,
0.002174,0.0,0.0,0.000001,0.000069,0.0,0.002171,0.016667,,,,,,,,,,,,,0.0,0.000001,,,,,,,,0.000029,0.000018,,0.000012,0.000015,0.000007,,,,0.000004,,,,,,,,,,,,,,,0.000002,,,,,,0.0,,,,,,,,,,,,,,,,,,,,,,,,,,,,,,,,,,,,,,,,,,,,,,,,,,,,,,,,,,,,,,,,,,,,,,,,
0.003891,0.000002,0.000106,0.000004,0.000067,0.000179,0.003711,0.016667,0.0,0.0,0.0,0.0,0.0,0.000002,0.000002,0.000001,0.000031,0.00007,0.000001,0.000001,0.0,0.000004,,,,,0.000014,,,0.000021,0.000013,,0.000011,0.000012,0.000006,,,,0.000003,,,,,,,,,,,,,,,0.000001,,,,,,0.0,,,,,,,,,,,,,,,,,,,,,,,,,,,,,,,,,,,,,,,,,,,,,,,,,,,,,,,,,,,,,,,,,,,,,,,,
0.00696,0.0,0.0,0.000065,0.000056,0.0,0.006958,0.016667,,,,,,,,,,,,,0.000058,0.000007,,,,,,,,0.000025,0.000013,,0.00001,0.000013,0.000005,,,,0.000003,,,,,,,,,,,,,,,0.000002,,,,,,0.0,,,,,,,,,,,,,,,,,,,,,,,,,,,,,,,,,,,,,,,,,,,,,,,,,,,,,,,,,,,,,,,,,,,,,,,,
0.006876,0.0,0.0,0.000028,0.00006,0.0,0.006874,0.016667,,,,,,,,,,,,,0.000014,0.000014,,,,,,,,0.000025,0.000015,,0.000011,0.000013,0.000007,,,,0.000004,,,,,,,,,,,,,,,0.000001,,,,,,0.0,,,,,,,,,,,,,,,,,,,,,,,,,,,,,,,,,,,,,,,,,,,,,,,,,,,,,,,,,,,,,,,,,,,,,,,,
0.015223,0.000002,0.000098,0.000075,0.000083,0.000147,0.015074,0.016667,0.0,0.0,0.0,0.0,0.0,0.000002,0.000003,0.0,0.000066,0.000028,0.0,0.000001,0.000058,0.000017,,,,,0.000015,,,0.000028,0.000016,,0.000013,0.000017,0.000007,,,,0.000005,,,,,,,,,,,,,,,0.000002,,,,,,0.0,,,,,,,,,,,,,,,,,,,,,,,,,,,,,,,,,,,,,,,,,,,,,,,,,,,,,,,,,,,,,,,,,,,,,,,,
0.00105,0.0,0.0,0.000002,0.000169,0.0,0.001042,0.016667,,,,,,,,,,,,,0.0,0.000002,,,,,,,,0.000073,0.000039,,0.000033,0.000032,0.000013,,,,0.000011,,,,,,,,,,,,,,,0.000005,,,,,,0.000001,,,,,,,,,,,,,,,,,,,,,,,,,,,,,,,,,,,,,,,,,,,,,,,,,,,,,,,,,,,,,,,,,,,,,,,,
0.004016,0.000002,0.000066,0.000021,0.000066,0.000143,0.00387,0.016667,0.0,0.0,0.0,0.0,0.0,0.000002,0.000002,0.000001,0.000037,0.000024,0.0,0.000002,0.000011,0.00001,,,,,0.000015,,,0.000021,0.000012,,0.000009,0.000012,0.000005,,,,0.000003,,,,,,,,,,,,,,,0.000002,,,,,,0.0,,,,,,,,,,,,,,,,,,,,,,,,,,,,,,,,,,,,,,,,,,,,,,,,,,,,,,,,,,,,,,,,,,,,,,,,
0.006893,0.0,0.0,0.000015,0.000061,0.0,0.006892,0.016667,,,,,,,,,,,,,0.000004,0.000011,,,,,,,,0.000024,0.000016,,0.000011,0.000013,0.000007,,,,0.000004,,,,,,,,,,,,,,,0.000001,,,,,,0.0,,,,,,,,,,,,,,,,,,,,,,,,,,,,,,,,,,,,,,,,,,,,,,,,,,,,,,,,,,,,,,,,,,,,,,,,
0.007177,0.0,0.0,0.000015,0.000064,0.0,0.007175,0.016667,,,,,,,,,,,,,0.0,0.000015,,,,,,,,0.000025,0.000017,,0.000012,0.000014,0.000007,,,,0.000004,,,,,,,,,,,,,,,0.000001,,,,,,0.0,,,,,,,,,,,,,,,,,,,,,,,,,,,,,,,,,,,,,,,,,,,,,,,,,,,,,,,,,,,,,,,,,,,,,,,,
0.014189,0.000003,0.000062,0.000146,0.000077,0.00014,0.014046,0.016667,0.0,0.0,0.0,0.0,0.0,0.000003,0.000002,0.0,0.000032,0.000026,0.0,0.000002,0.000123,0.000023,,,,,0.000017,,,0.000027,0.000014,,0.000011,0.000015,0.000005,,,,0.000003,,,,,,,,,,,,,,,0.000002,,,,,,0.0,,,,,,,,,,,,,,,,,,,,,,,,,,,,,,,,,,,,,,,,,,,,,,,,,,,,,,,,,,,,,,,,,,,,,,,,
0.000587,0.0,0.0,0.000001,0.000051,0.0,0.000585,0.016667,,,,,,,,,,,,,0.0,0.000001,,,,,,,,0.000022,0.000012,,0.000009,0.000012,0.000005,,,,0.000003,,,,,,,,,,,,,,,0.000002,,,,,,0.0,,,,,,,,,,,,,,,,,,,,,,,,,,,,,,,,,,,,,,,,,,,,,,,,,,,,,,,,,,,,,,,,,,,,,,,,
0.005491,0.000002,0.000052,0.000003,0.000041,0.000139,0.00535,0.016667,0.0,0.0,0.0,0.0,0.0,0.000002,0.000002,0.000001,0.000039,0.000009,0.0,0.000001,0.0,0.000003,,,,,0.000011,,,0.000012,0.000008,,0.000005,0.000007,0.000003,,,,0.000002,,,,,,,,,,,,,,,0.000001,,,,,,0.0,,,,,,,,,,,,,,,,,,,,,,,,,,,,,,,,,,,,,,,,,,,,,,,,,,,,,,,,,,,,,,,,,,,,,,,,
0.007143,0.0,0.0,0.000021,0.00003,0.0,0.007142,0.016667,,,,,,,,,,,,,0.000009,0.000012,,,,,,,,0.000012,0.000008,,0.000005,0.000007,0.000003,,,,0.000002,,,,,,,,,,,,,,,0.0,,,,,,0.000001,,,,,,,,,,,,,,,,,,,,,,,,,,,,,,,,,,,,,,,,,,,,,,,,,,,,,,,,,,,,,,,,,,,,,,,,
0.019885,0.000002,0.000083,0.000115,0.00007,0.000127,0.019756,0.016667,0.0,0.0,0.0,0.0,0.0,0.000002,0.000002,0.000001,0.000036,0.000043,0.0,0.000001,0.000074,0.000041,,,,,0.000012,,,0.000025,0.000015,,0.00001,0.000015,0.000006,,,,0.000003,,,,,,,,,,,,,,,0.000001,,,,,,0.0,,,,,,,,,,,,,,,,,,,,,,,,,,,,,,,,,,,,,,,,,,,,,,,,,,,,,,,,,,,,,,,,,,,,,,,,
0.000763,0.0,0.0,0.000001,0.000098,0.0,0.00076,0.016667,,,,,,,,,,,,,0.0,0.000001,,,,,,,,0.000042,0.000023,,0.000017,0.00002,0.000008,,,,0.000007,,,,,,,,,,,,,,,0.000003,,,,,,0.0,,,,,,,,,,,,,,,,,,,,,,,,,,,,,,,,,,,,,,,,,,,,,,,,,,,,,,,,,,,,,,,,,,,,,,,,
0.000453,0.0,0.0,0.0,0.000036,0.0,0.000452,0.016667,,,,,,,,,,,,,0.0,0.0,,,,,,,,0.000014,0.000008,,0.000007,0.000008,0.000004,,,,0.000002,,,,,,,,,,,,,,,0.000001,,,,,,0.000001,,,,,,,,,,,,,,,,,,,,,,,,,,,,,,,,,,,,,,,,,,,,,,,,,,,,,,,,,,,,,,,,,,,,,,,,
0.013188,0.000002,0.000064,0.000093,0.000041,0.000135,0.013053,0.016667,0.0,0.0,0.0,0.0,0.0,0.000002,0.000002,0.0,0.00004,0.000019,0.000001,0.000002,0.000069,0.000024,,,,,0.000011,,,0.000011,0.000008,,0.000005,0.000007,0.000004,,,,0.000002,,,,,,,,,,,,,,,0.000001,,,,,,0.0,,,,,,,,,,,,,,,,,,,,,,,,,,,,,,,,,,,,,,,,,,,,,,,,,,,,,,,,,,,,,,,,,,,,,,,,
0.018156,0.0,0.0,0.000134,0.000072,0.0,0.018154,0.016667,,,,,,,,,,,,,0.000102,0.000032,,,,,,,,0.000029,0.000019,,0.000014,0.000015,0.000006,,,,0.000005,,,,,,,,,,,,,,,0.000002,,,,,,0.0,,,,,,,,,,,,,,,,,,,,,,,,,,,,,,,,,,,,,,,,,,,,,,,,,,,,,,,,,,,,,,,,,,,,,,,,
0.00085,0.000003,0.000072,0.000002,0.000089,0.000164,0.000684,0.016667,0.0,0.0,0.0,0.0,0.0,0.000003,0.000002,0.000001,0.000039,0.000028,0.0,0.000002,0.0,0.000002,,,,,0.000018,,,0.000029,0.000018,,0.000014,0.000018,0.000007,,,,0.000004,,,,,,,,,,,,,,,0.000001,,,,,,0.0,,,,,,,,,,,,,,,,,,,,,,,,,,,,,,,,,,,,,,,,,,,,,,,,,,,,,,,,,,,,,,,,,,,,,,,,
0.001451,0.0,0.0,0.000023,0.000029,0.0,0.00145,0.016667,,,,,,,,,,,,,0.000014,0.000009,,,,,,,,0.000009,0.000007,,0.000005,0.000006,0.000004,,,,0.000002,,,,,,,,,,,,,,,0.000001,,,,,,0.000001,,,,,,,,,,,,,,,,,,,,,,,,,,,,,,,,,,,,,,,,,,,,,,,,,,,,,,,,,,,,,,,,,,,,,,,,
0.007085,0.0,0.0,0.000005,0.00004,0.0,0.007083,0.016667,,,,,,,,,,,,,0.0,0.000005,,,,,,,,0.000015,0.000012,,0.000007,0.000009,0.000005,,,,0.000003,,,,,,,,,,,,,,,0.0,,,,,,0.0,,,,,,,,,,,,,,,,,,,,,,,,,,,,,,,,,,,,,,,,,,,,,,,,,,,,,,,,,,,,,,,,,,,,,,,,
0.006888,0.000002,0.000069,0.000141,0.000063,0.000151,0.006736,0.016667,0.0,0.0,0.0,0.0,0.0,0.000002,0.000003,0.0,0.000042,0.000023,0.0,0.000001,0.000114,0.000027,,,,,0.000016,,,0.000019,0.000013,,0.000009,0.000011,0.000004,,,,0.000003,,,,,,,,,,,,,,,0.000001,,,,,,0.0,,,,,,,,,,,,,,,,,,,,,,,,,,,,,,,,,,,,,,,,,,,,,,,,,,,,,,,,,,,,,,,,,,,,,,,,
0.011239,0.0,0.0,0.000037,0.000068,0.0,0.011236,0.016667,,,,,,,,,,,,,0.000012,0.000025,,,,,,,,0.000028,0.000017,,0.000013,0.000015,0.000007,,,,0.000004,,,,,,,,,,,,,,,0.000002,,,,,,0.0,,,,,,,,,,,,,,,,,,,,,,,,,,,,,,,,,,,,,,,,,,,,,,,,,,,,,,,,,,,,,,,,,,,,,,,,
0.003509,0.000003,0.000062,0.000003,0.000087,0.000181,0.003326,0.016667,0.0,0.0,0.0,0.0,0.0,0.000003,0.000003,0.0,0.000039,0.000018,0.0,0.000002,0.0,0.000003,,,,,0.000018,,,0.000029,0.000018,,0.000013,0.000017,0.000006,,,,0.000004,,,,,,,,,,,,,,,0.000001,,,,,,0.0,,,,,,,,,,,,,,,,,,,,,,,,,,,,,,,,,,,,,,,,,,,,,,,,,,,,,,,,,,,,,,,,,,,,,,,,
0.005759,0.0,0.0,0.000069,0.000061,0.0,0.005757,0.016667,,,,,,,,,,,,,0.000061,0.000008,,,,,,,,0.000023,0.000015,,0.000012,0.000014,0.000006,,,,0.000004,,,,,,,,,,,,,,,0.000002,,,,,,0.0,,,,,,,,,,,,,,,,,,,,,,,,,,,,,,,,,,,,,,,,,,,,,,,,,,,,,,,,,,,,,,,,,,,,,,,,
0.006884,0.000003,0.000084,0.000035,0.000085,0.000192,0.00669,0.016667,0.0,0.0,0.0,0.0,0.0,0.000003,0.000003,0.0,0.000051,0.000027,0.000001,0.000002,0.000016,0.000019,,,,,0.000017,,,0.00003,0.000016,,0.000012,0.00002,0.000007,,,,0.000004,,,,,,,,,,,,,,,0.000001,,,,,,0.0,,,,,,,,,,,,,,,,,,,,,,,,,,,,,,,,,,,,,,,,,,,,,,,,,,,,,,,,,,,,,,,,,,,,,,,,
0.006835,0.0,0.0,0.000007,0.000056,0.0,0.006833,0.016667,,,,,,,,,,,,,0.0,0.000007,,,,,,,,0.000024,0.000014,,0.000011,0.000013,0.000005,,,,0.000003,,,,,,,,,,,,,,,0.000001,,,,,,0.0,,,,,,,,,,,,,,,,,,,,,,,,,,,,,,,,,,,,,,,,,,,,,,,,,,,,,,,,,,,,,,,,,,,,,,,,
0.015238,0.0,0.0,0.000136,0.000071,0.0,0.015236,0.016667,,,,,,,,,,,,,0.000113,0.000023,,,,,,,,0.000036,0.000014,,0.000015,0.000018,0.000005,,,,0.000003,,,,,,,,,,,,,,,0.000001,,,,,,0.0,,,,,,,,,,,,,,,,,,,,,,,,,,,,,,,,,,,,,,,,,,,,,,,,,,,,,,,,,,,,,,,,,,,,,,,,
0.000735,0.000002,0.0001,0.000001,0.000075,0.000145,0.000587,0.016667,0.0,0.0,0.0,0.0,0.0,0.000002,0.000002,0.000001,0.000047,0.000048,0.0,0.000002,0.0,0.000001,,,,,0.000017,,,0.000025,0.000014,,0.000011,0.000017,0.000005,,,,0.000003,,,,,,,,,,,,,,,0.000001,,,,,,0.0,,,,,,,,,,,,,,,,,,,,,,,,,,,,,,,,,,,,,,,,,,,,,,,,,,,,,,,,,,,,,,,,,,,,,,,,
0.004812,0.0,0.0,0.000015,0.000034,0.0,0.004811,0.016667,,,,,,,,,,,,,0.000003,0.000012,,,,,,,,0.000013,0.000008,,0.000007,0.000008,0.000004,,,,0.000002,,,,,,,,,,,,,,,0.000001,,,,,,0.0,,,,,,,,,,,,,,,,,,,,,,,,,,,,,,,,,,,,,,,,,,,,,,,,,,,,,,,,,,,,,,,,,,,,,,,,
0.006788,0.000007,0.000067,0.000015,0.000205,0.000467,0.006315,0.016667,0.0,0.0,0.0,0.0,0.0,0.000007,0.000002,0.0,0.000034,0.000027,0.0,0.000004,0.0,0.000015,,,,,0.000045,,,0.000045,0.000043,,0.000038,0.000029,0.000015,,,,0.000015,,,,,,,,,,,,,,,0.000007,,,,,,0.0,,,,,,,,,,,,,,,,,,,,,,,,,,,,,,,,,,,,,,,,,,,,,,,,,,,,,,,,,,,,,,,,,,,,,,,,
0.019839,0.0,0.0,0.000086,0.000046,0.0,0.019838,0.016667,,,,,,,,,,,,,0.000051,0.000035,,,,,,,,0.000018,0.000011,,0.000009,0.00001,0.000004,,,,0.000004,,,,,,,,,,,,,,,0.000001,,,,,,0.0,,,,,,,,,,,,,,,,,,,,,,,,,,,,,,,,,,,,,,,,,,,,,,,,,,,,,,,,,,,,,,,,,,,,,,,,
0.001151,0.000003,0.000222,0.000002,0.000131,0.000191,0.000957,0.016667,0.0,0.0,0.0,0.0,0.0,0.000003,0.000006,0.000001,0.000196,0.000017,0.0,0.000002,0.0,0.000002,,,,,0.000033,,,0.000032,0.000026,,0.000022,0.00002,0.000013,,,,0.000006,,,,,,,,,,,,,,,0.000002,,,,,,0.0,,,,,,,,,,,,,,,,,,,,,,,,,,,,,,,,,,,,,,,,,,,,,,,,,,,,,,,,,,,,,,,,,,,,,,,,
0.000459,0.0,0.0,0.0,0.000053,0.0,0.000457,0.016667,,,,,,,,,,,,,0.0,0.0,,,,,,,,0.000019,0.000014,,0.00001,0.000012,0.000006,,,,0.000004,,,,,,,,,,,,,,,0.000001,,,,,,0.0,,,,,,,,,,,,,,,,,,,,,,,,,,,,,,,,,,,,,,,,,,,,,,,,,,,,,,,,,,,,,,,,,,,,,,,,
0.012658,0.0,0.0,0.000165,0.000028,0.0,0.012657,0.016667,,,,,,,,,,,,,0.000137,0.000028,,,,,,,,0.000011,0.000007,,0.000005,0.000006,0.000004,,,,0.000002,,,,,,,,,,,,,,,0.0,,,,,,0.0,,,,,,,,,,,,,,,,,,,,,,,,,,,,,,,,,,,,,,,,,,,,,,,,,,,,,,,,,,,,,,,,,,,,,,,,
0.015092,0.000003,0.000079,0.000061,0.000069,0.000171,0.014919,0.016667,0.0,0.0,0.0,0.0,0.0,0.000003,0.000003,0.0,0.000052,0.000021,0.000001,0.000002,0.000026,0.000035,,,,,0.000018,,,0.000023,0.000013,,0.000009,0.000012,0.000005,,,,0.000003,,,,,,,,,,,,,,,0.000001,,,,,,0.0,,,,,,,,,,,,,,,,,,,,,,,,,,,,,,,,,,,,,,,,,,,,,,,,,,,,,,,,,,,,,,,,,,,,,,,,
0.004004,0.0,0.0,0.000088,0.000065,0.0,0.004,0.016667,,,,,,,,,,,,,0.000077,0.000011,,,,,,,,0.000026,0.000015,,0.000013,0.000014,0.000007,,,,0.000005,,,,,,,,,,,,,,,0.000002,,,,,,0.0,,,,,,,,,,,,,,,,,,,,,,,,,,,,,,,,,,,,,,,,,,,,,,,,,,,,,,,,,,,,,,,,,,,,,,,,
0.001596,0.000003,0.000075,0.000002,0.000075,0.000164,0.00143,0.016667,0.0,0.0,0.0,0.0,0.0,0.000003,0.000002,0.000001,0.00004,0.000029,0.000001,0.000002,0.0,0.000002,,,,,0.000015,,,0.000022,0.000018,,0.00001,0.000014,0.000006,,,,0.000004,,,,,,,,,,,,,,,0.000001,,,,,,0.0,,,,,,,,,,,,,,,,,,,,,,,,,,,,,,,,,,,,,,,,,,,,,,,,,,,,,,,,,,,,,,,,,,,,,,,,
0.007004,0.0,0.0,0.000007,0.000049,0.0,0.007002,0.016667,,,,,,,,,,,,,0.0,0.000007,,,,,,,,0.000018,0.000013,,0.000009,0.00001,0.000007,,,,0.000003,,,,,,,,,,,,,,,0.000001,,,,,,0.0,,,,,,,,,,,,,,,,,,,,,,,,,,,,,,,,,,,,,,,,,,,,,,,,,,,,,,,,,,,,,,,,,,,,,,,,
0.006913,0.000003,0.000083,0.000034,0.000064,0.000204,0.006706,0.016667,0.0,0.0,0.0,0.0,0.0,0.000003,0.000002,0.000001,0.000041,0.000038,0.0,0.000001,0.000018,0.000016,,,,,0.000016,,,0.000019,0.000012,,0.000009,0.000011,0.000005,,,,0.000004,,,,,,,,,,,,,,,0.000001,,,,,,0.0,,,,,,,,,,,,,,,,,,,,,,,,,,,,,,,,,,,,,,,,,,,,,,,,,,,,,,,,,,,,,,,,,,,,,,,,
0.015351,0.0,0.0,0.000193,0.000058,0.0,0.015349,0.016667,,,,,,,,,,,,,0.000145,0.000048,,,,,,,,0.000027,0.000014,,0.00001,0.000015,0.000005,,,,0.000003,,,,,,,,,,,,,,,0.000001,,,,,,0.0,,,,,,,,,,,,,,,,,,,,,,,,,,,,,,,,,,,,,,,,,,,,,,,,,,,,,,,,,,,,,,,,,,,,,,,,
0.002273,0.000003,0.00012,0.000002,0.000072,0.000104,0.002166,0.016667,0.0,0.0,0.0,0.0,0.0,0.000003,0.000002,0.000001,0.000041,0.000074,0.000001,0.000001,0.0,0.000002,,,,,0.000012,,,0.000024,0.000012,,0.00001,0.000015,0.000004,,,,0.000004,,,,0.000004,,,,,,,0.000003,,,,0.000001,,,,,,0.0,,,,,,,,,,,,,,,,,,,,,,,,,,,,,,,,,,,,,,,,,,,,,,,,,,,,,,,,,,,,,,,,,,,,,,,,
0.002137,0.0,0.0,0.000002,0.000054,0.0,0.002136,0.016667,,,,,,,,,,,,,0.0,0.000002,,,,,,,,0.000019,0.000014,,0.00001,0.000013,0.000007,,,,0.000004,,,,,,,,,,,,,,,0.000001,,,,,,0.0,,,,,,,,,,,,,,,,,,,,,,,,,,,,,,,,,,,,,,,,,,,,,,,,,,,,,,,,,,,,,,,,,,,,,,,,
0.007166,0.0,0.0,0.000094,0.00005,0.0,0.007164,0.016667,,,,,,,,,,,,,0.000082,0.000012,,,,,,,,0.000018,0.000013,,0.000008,0.000012,0.000007,,,,0.000003,,,,,,,,,,,,,,,0.000001,,,,,,0.000001,,,,,,,,,,,,,,,,,,,,,,,,,,,,,,,,,,,,,,,,,,,,,,,,,,,,,,,,,,,,,,,,,,,,,,,,
0.007336,0.000002,0.000041,0.000034,0.000059,0.000168,0.007166,0.016667,0.0,0.0,0.0,0.0,0.0,0.000002,0.000002,0.0,0.00003,0.000007,0.0,0.000002,0.000014,0.00002,,,,,0.000016,,,0.000017,0.00001,,0.000011,0.00001,0.000005,,,,0.000002,,,,,,,,,,,,,,,0.000001,,,,,,0.0,,,,,,,,,,,,,,,,,,,,,,,,,,,,,,,,,,,,,,,,,,,,,,,,,,,,,,,,,,,,,,,,,,,,,,,,
0.013864,0.0,0.0,0.000087,0.000166,0.0,0.013857,0.016667,,,,,,,,,,,,,0.000066,0.000021,,,,,,,,0.000071,0.000039,,0.000032,0.000044,0.000011,,,,0.000012,,,,,,,,,,,,,,,0.000003,,,,,,0.000001,,,,,,,,,,,,,,,,,,,,,,,,,,,,,,,,,,,,,,,,,,,,,,,,,,,,,,,,,,,,,,,,,,,,,,,,
0.003489,0.000003,0.000089,0.000022,0.000094,0.000183,0.003303,0.016667,0.0,0.0,0.0,0.0,0.0,0.000003,0.000003,0.000001,0.000045,0.000037,0.0,0.000003,0.000013,0.000009,,,,,0.000023,,,0.00003,0.000018,,0.000013,0.000019,0.000007,,,,0.000005,,,,,,,,,,,,,,,0.000002,,,,,,0.0,,,,,,,,,,,,,,,,,,,,,,,,,,,,,,,,,,,,,,,,,,,,,,,,,,,,,,,,,,,,,,,,,,,,,,,,
0.002381,0.0,0.0,0.000001,0.000044,0.0,0.00238,0.016667,,,,,,,,,,,,,0.0,0.000001,,,,,,,,0.000019,0.000009,,0.00001,0.000012,0.000004,,,,0.000002,,,,,,,,,,,,,,,0.000001,,,,,,0.0,,,,,,,,,,,,,,,,,,,,,,,,,,,,,,,,,,,,,,,,,,,,,,,,,,,,,,,,,,,,,,,,,,,,,,,,
0.007101,0.000003,0.000064,0.000005,0.000065,0.000155,0.006945,0.016667,0.0,0.0,0.0,0.0,0.0,0.000003,0.000006,0.0,0.00004,0.000017,0.0,0.000001,0.0,0.000005,,,,,0.000013,,,0.000021,0.000014,,0.000009,0.000013,0.000007,,,,0.000003,,,,,,,,,,,,,,,0.000001,,,,,,0.000001,,,,,,,,,,,,,,,,,,,,,,,,,,,,,,,,,,,,,,,,,,,,,,,,,,,,,,,,,,,,,,,,,,,,,,,,
0.006801,0.0,0.0,0.000066,0.000047,0.0,0.006799,0.016667,,,,,,,,,,,,,0.000053,0.000013,,,,,,,,0.00002,0.00001,,0.00001,0.000012,0.000004,,,,0.000003,,,,,,,,,,,,,,,0.000001,,,,,,0.0,,,,,,,,,,,,,,,,,,,,,,,,,,,,,,,,,,,,,,,,,,,,,,,,,,,,,,,,,,,,,,,,,,,,,,,,
0.014035,0.0,0.0,0.000039,0.000064,0.0,0.014033,0.016667,,,,,,,,,,,,,0.000018,0.000021,,,,,,,,0.000025,0.000016,,0.000012,0.000015,0.000005,,,,0.000005,,,,,,,,,,,,,,,0.000002,,,,,,0.0,,,,,,,,,,,,,,,,,,,,,,,,,,,,,,,,,,,,,,,,,,,,,,,,,,,,,,,,,,,,,,,,,,,,,,,,
0.001725,0.000003,0.000083,0.000012,0.000084,0.000219,0.001503,0.016667,0.0,0.0,0.0,0.0,0.0,0.000003,0.000004,0.0,0.000045,0.000032,0.000001,0.000001,0.000003,0.000009,,,,,0.000019,,,0.000027,0.000016,,0.000013,0.000017,0.000006,,,,0.000005,,,,,,,,,,,,,,,0.000001,,,,,,0.0,,,,,,,,,,,,,,,,,,,,,,,,,,,,,,,,,,,,,,,,,,,,,,,,,,,,,,,,,,,,,,,,,,,,,,,,
0.00486,0.0,0.0,0.000005,0.000027,0.0,0.004858,0.016667,,,,,,,,,,,,,0.0,0.000005,,,,,,,,0.00001,0.000007,,0.000005,0.000006,0.000004,,,,0.000002,,,,,,,,,,,,,,,0.0,,,,,,0.0,,,,,,,,,,,,,,,,,,,,,,,,,,,,,,,,,,,,,,,,,,,,,,,,,,,,,,,,,,,,,,,,,,,,,,,,
0.007041,0.000001,0.000124,0.00009,0.000068,0.000099,0.006941,0.016667,0.0,0.0,0.0,0.0,0.0,0.000001,0.000004,0.000001,0.000069,0.000049,0.0,0.000001,0.00008,0.00001,,,,,0.000011,,,0.00002,0.000016,,0.000011,0.000012,0.000007,,,,0.000005,,,,,,,,,,,,,,,0.000001,,,,,,0.0,,,,,,,,,,,,,,,,,,,,,,,,,,,,,,,,,,,,,,,,,,,,,,,,,,,,,,,,,,,,,,,,,,,,,,,,
0.02019,0.0,0.0,0.000064,0.000064,0.0,0.020188,0.016667,,,,,,,,,,,,,0.000027,0.000037,,,,,,,,0.000029,0.000015,,0.000012,0.000015,0.000005,,,,0.000004,,,,,,,,,,,,,,,0.000001,,,,,,0.0,,,,,,,,,,,,,,,,,,,,,,,,,,,,,,,,,,,,,,,,,,,,,,,,,,,,,,,,,,,,,,,,,,,,,,,,
0.001251,0.000011,0.000048,0.000003,0.000089,0.000422,0.000822,0.016667,0.0,0.0,0.0,0.0,0.0,0.000011,0.000003,0.0,0.000035,0.000006,0.0,0.000004,0.0,0.000003,,,,,0.00003,,,0.00003,0.000014,,0.000011,0.000016,0.000005,,,,0.000004,,,,,,,,,,,,,,,0.000001,,,,,,0.0,,,,,,,,,,,,,,,,,,,,,,,,,,,,,,,,,,,,,,,,,,,,,,,,,,,,,,,,,,,,,,,,,,,,,,,,
0.000427,0.0,0.0,0.0,0.00004,0.0,0.000426,0.016667,,,,,,,,,,,,,0.0,0.0,,,,,,,,0.000016,0.000009,,0.000008,0.000009,0.000005,,,,0.000003,,,,,,,,,,,,,,,0.000001,,,,,,0.0,,,,,,,,,,,,,,,,,,,,,,,,,,,,,,,,,,,,,,,,,,,,,,,,,,,,,,,,,,,,,,,,,,,,,,,,
0.012088,0.0,0.0,0.000102,0.000029,0.0,0.012087,0.016667,,,,,,,,,,,,,0.000078,0.000024,,,,,,,,0.00001,0.000007,,0.000005,0.000007,0.000004,,,,0.000002,,,,,,,,,,,,,,,0.000001,,,,,,0.0,,,,,,,,,,,,,,,,,,,,,,,,,,,,,,,,,,,,,,,,,,,,,,,,,,,,,,,,,,,,,,,,,,,,,,,,
0.019977,0.000002,0.000082,0.000128,0.00009,0.000173,0.019802,0.016667,0.0,0.0,0.0,0.0,0.0,0.000002,0.000006,0.000001,0.000044,0.000029,0.0,0.000002,0.000094,0.000034,,,,,0.00002,,,0.000027,0.000017,,0.000016,0.000017,0.000007,,,,0.000004,,,,,,,,,,,,,,,0.000001,,,,,,0.0,,,,,,,,,,,,,,,,,,,,,,,,,,,,,,,,,,,,,,,,,,,,,,,,,,,,,,,,,,,,,,,,,,,,,,,,
0.000936,0.000007,0.000075,0.000001,0.000102,0.000197,0.000734,0.016667,0.0,0.0,0.0,0.0,0.0,0.000007,0.000004,0.000001,0.000047,0.000021,0.0,0.000002,0.0,0.000001,,,,,0.00002,,,0.000034,0.000023,,0.000015,0.000023,0.000008,,,,0.000005,,,,,,,,,,,,,,,0.000001,,,,,,0.0,,,,,,,,,,,,,,,,,,,,,,,,,,,,,,,,,,,,,,,,,,,,,,,,,,,,,,,,,,,,,,,,,,,,,,,,
0.000443,0.0,0.0,0.0,0.000044,0.0,0.000442,0.016667,,,,,,,,,,,,,0.0,0.0,,,,,,,,0.000018,0.000011,,0.000009,0.00001,0.000004,,,,0.000003,,,,,,,,,,,,,,,0.000001,,,,,,0.0,,,,,,,,,,,,,,,,,,,,,,,,,,,,,,,,,,,,,,,,,,,,,,,,,,,,,,,,,,,,,,,,,,,,,,,,
0.007194,0.000001,0.000083,0.000027,0.000044,0.000116,0.007077,0.016667,0.0,0.0,0.0,0.0,0.0,0.000001,0.000004,0.000001,0.000045,0.000032,0.0,0.000001,0.000014,0.000013,,,,,0.000009,,,0.000016,0.000008,,0.000006,0.00001,0.000004,,,,0.000003,,,,,,,,,,,,,,,0.0,,,,,,0.0,,,,,,,,,,,,,,,,,,,,,,,,,,,,,,,,,,,,,,,,,,,,,,,,,,,,,,,,,,,,,,,,,,,,,,,,
0.006003,0.0,0.0,0.000066,0.000055,0.0,0.006001,0.016667,,,,,,,,,,,,,0.000056,0.00001,,,,,,,,0.000024,0.000013,,0.00001,0.000013,0.000005,,,,0.000004,,,,,,,,,,,,,,,0.000001,,,,,,0.0,,,,,,,,,,,,,,,,,,,,,,,,,,,,,,,,,,,,,,,,,,,,,,,,,,,,,,,,,,,,,,,,,,,,,,,,
0.014413,0.000003,0.000073,0.000043,0.000079,0.000182,0.014228,0.016667,0.0,0.0,0.0,0.0,0.0,0.000003,0.000003,0.0,0.000046,0.000021,0.000001,0.000002,0.000017,0.000026,,,,,0.000021,,,0.000025,0.000015,,0.00001,0.000015,0.000005,,,,0.000004,,,,,,,,,,,,,,,0.000001,,,,,,0.0,,,,,,,,,,,,,,,,,,,,,,,,,,,,,,,,,,,,,,,,,,,,,,,,,,,,,,,,,,,,,,,,,,,,,,,,
0.003895,0.0,0.0,0.000093,0.000091,0.0,0.003893,0.016667,,,,,,,,,,,,,0.000085,0.000008,,,,,,,,0.000038,0.000019,,0.000016,0.000022,0.000008,,,,0.000008,,,,,,,,,,,,,,,0.000003,,,,,,0.000001,,,,,,,,,,,,,,,,,,,,,,,,,,,,,,,,,,,,,,,,,,,,,,,,,,,,,,,,,,,,,,,,,,,,,,,,
0.002629,0.000002,0.000077,0.000001,0.000068,0.000189,0.002438,0.016667,0.0,0.0,0.0,0.0,0.0,0.000002,0.000006,0.0,0.000041,0.000028,0.0,0.000002,0.0,0.000001,,,,,0.000016,,,0.000022,0.000014,,0.000009,0.000013,0.000006,,,,0.000003,,,,,,,,,,,,,,,0.000002,,,,,,0.0,,,,,,,,,,,,,,,,,,,,,,,,,,,,,,,,,,,,,,,,,,,,,,,,,,,,,,,,,,,,,,,,,,,,,,,,
0.006588,0.0,0.0,0.00003,0.000047,0.0,0.006586,0.016667,,,,,,,,,,,,,0.000012,0.000018,,,,,,,,0.000017,0.000013,,0.000008,0.00001,0.000006,,,,0.000003,,,,,,,,,,,,,,,0.000001,,,,,,0.0,,,,,,,,,,,,,,,,,,,,,,,,,,,,,,,,,,,,,,,,,,,,,,,,,,,,,,,,,,,,,,,,,,,,,,,,
0.006903,0.0,0.0,0.000006,0.000055,0.0,0.006901,0.016667,,,,,,,,,,,,,0.0,0.000006,,,,,,,,0.000023,0.000013,,0.00001,0.000013,0.000004,,,,0.000004,,,,,,,,,,,,,,,0.000002,,,,,,0.0,,,,,,,,,,,,,,,,,,,,,,,,,,,,,,,,,,,,,,,,,,,,,,,,,,,,,,,,,,,,,,,,,,,,,,,,
0.014299,0.000003,0.000106,0.000105,0.00009,0.000162,0.014135,0.016667,0.0,0.0,0.0,0.0,0.0,0.000003,0.000004,0.000001,0.000046,0.000052,0.000001,0.000002,0.00008,0.000025,,,,,0.000021,,,0.000027,0.000019,,0.000014,0.000016,0.000007,,,,0.000005,,,,,,,,,,,,,,,0.000001,,,,,,0.0,,,,,,,,,,,,,,,,,,,,,,,,,,,,,,,,,,,,,,,,,,,,,,,,,,,,,,,,,,,,,,,,,,,,,,,,
0.001869,0.0,0.0,0.0,0.000068,0.0,0.001866,0.016667,,,,,,,,,,,,,0.0,0.0,,,,,,,,0.000029,0.000017,,0.000012,0.000017,0.000006,,,,0.000004,,,,,,,,,,,,,,,0.000001,,,,,,0.0,,,,,,,,,,,,,,,,,,,,,,,,,,,,,,,,,,,,,,,,,,,,,,,,,,,,,,,,,,,,,,,,,,,,,,,,
0.004811,0.000002,0.00006,0.000006,0.000063,0.000159,0.004651,0.016667,0.0,0.0,0.0,0.0,0.0,0.000002,0.000004,0.0,0.000034,0.00002,0.0,0.000002,0.0,0.000006,,,,,0.000015,,,0.000019,0.000016,,0.000008,0.000012,0.000005,,,,0.000003,,,,,,,,,,,,,,,0.000001,,,,,,0.0,,,,,,,,,,,,,,,,,,,,,,,,,,,,,,,,,,,,,,,,,,,,,,,,,,,,,,,,,,,,,,,,,,,,,,,,
0.006671,0.0,0.0,0.000066,0.000077,0.0,0.006668,0.016667,,,,,,,,,,,,,0.000056,0.00001,,,,,,,,0.000027,0.000018,,0.000013,0.000019,0.000007,,,,0.000004,,,,0.000006,,,,,,,0.000003,,,,0.000001,,,,,,0.0,,,,,,,,,,,,,,,,,,,,,,,,,,,,,,,,,,,,,,,,,,,,,,,,,,,,,,,,,,,,,,,,,,,,,,,,
0.00654,0.0,0.0,0.000028,0.000058,0.0,0.006538,0.016667,,,,,,,,,,,,,0.000016,0.000012,,,,,,,,0.000024,0.000014,,0.00001,0.000014,0.000005,,,,0.000004,,,,,,,,,,,,,,,0.000001,,,,,,0.000001,,,,,,,,,,,,,,,,,,,,,,,,,,,,,,,,,,,,,,,,,,,,,,,,,,,,,,,,,,,,,,,,,,,,,,,,
0.014039,0.000002,0.000078,0.000023,0.000079,0.000129,0.013908,0.016667,0.0,0.0,0.0,0.0,0.0,0.000002,0.000004,0.000001,0.000047,0.000024,0.000001,0.000001,0.000004,0.000019,,,,,0.000017,,,0.000027,0.000015,,0.000012,0.000016,0.000005,,,,0.000005,,,,,,,,,,,,,,,0.000002,,,,,,0.0,,,,,,,,,,,,,,,,,,,,,,,,,,,,,,,,,,,,,,,,,,,,,,,,,,,,,,,,,,,,,,,,,,,,,,,,
0.000713,0.0,0.0,0.0,0.000071,0.0,0.000711,0.016667,,,,,,,,,,,,,0.0,0.0,,,,,,,,0.000022,0.000016,,0.000012,0.000016,0.000007,,,,0.000005,,,,0.000008,,,,,,,0.000003,,,,0.000001,,,,,,0.0,,,,,0.0,,,,,,,,,,,,,,,,,,,,,,,,,,,,,,,,,,,,,,,,,,,,,,,,,,,,,,,,,,,,,,,,,,,
0.005356,0.000004,0.000043,0.00003,0.000089,0.000174,0.00518,0.016667,0.0,0.0,0.0,0.0,0.0,0.000004,0.000003,0.0,0.000034,0.000004,0.0,0.000002,0.000015,0.000015,,,,,0.000017,,,0.000031,0.000017,,0.000013,0.000021,0.000007,,,,0.000004,,,,,,,,,,,,,,,0.000002,,,,,,0.0,,,,,,,,,,,,,,,,,,,,,,,,,,,,,,,,,,,,,,,,,,,,,,,,,,,,,,,,,,,,,,,,,,,,,,,,
0.006995,0.0,0.0,0.000094,0.000053,0.0,0.006994,0.016667,,,,,,,,,,,,,0.000083,0.000011,,,,,,,,0.000023,0.000013,,0.00001,0.000013,0.000005,,,,0.000003,,,,,,,,,,,,,,,0.000001,,,,,,0.0,,,,,,,,,,,,,,,,,,,,,,,,,,,,,,,,,,,,,,,,,,,,,,,,,,,,,,,,,,,,,,,,,,,,,,,,
0.015039,0.0,0.0,0.000033,0.000055,0.0,0.015037,0.016667,,,,,,,,,,,,,0.000011,0.000022,,,,,,,,0.000025,0.000012,,0.000011,0.000013,0.000005,,,,0.000004,,,,,,,,,,,,,,,0.000001,,,,,,0.0,,,,,,,,,,,,,,,,,,,,,,,,,,,,,,,,,,,,,,,,,,,,,,,,,,,,,,,,,,,,,,,,,,,,,,,,
0.005038,0.000003,0.000083,0.000189,0.000075,0.000212,0.004823,0.016667,0.0,0.0,0.0,0.0,0.0,0.000003,0.000003,0.000001,0.000038,0.000038,0.000001,0.000002,0.000156,0.000033,,,,,0.00002,,,0.000025,0.000014,,0.00001,0.000015,0.000005,,,,0.000003,,,,,,,,,,,,,,,0.000001,,,,,,0.0,,,,,,,,,,,,,,,,,,,,,,,,,,,,,,,,,,,,,,,,,,,,,,,,,,,,,,,,,,,,,,,,,,,,,,,,
0.000628,0.0,0.0,0.000001,0.000071,0.0,0.000625,0.016667,,,,,,,,,,,,,0.0,0.000001,,,,,,,,0.000029,0.000017,,0.000014,0.000016,0.000007,,,,0.000005,,,,,,,,,,,,,,,0.000002,,,,,,0.0,,,,,,,,,,,,,,,,,,,,,,,,,,,,,,,,,,,,,,,,,,,,,,,,,,,,,,,,,,,,,,,,,,,,,,,,
0.006495,0.000002,0.000111,0.000009,0.000058,0.000119,0.006375,0.016667,0.0,0.0,0.0,0.0,0.0,0.000002,0.000004,0.0,0.000063,0.000043,0.0,0.000001,0.0,0.000009,,,,,0.000013,,,0.000019,0.00001,,0.00001,0.000012,0.000005,,,,0.000002,,,,,,,,,,,,,,,0.000001,,,,,,0.0,,,,,,,,,,,,,,,,,,,,,,,,,,,,,,,,,,,,,,,,,,,,,,,,,,,,,,,,,,,,,,,,,,,,,,,,
0.007103,0.0,0.0,0.000021,0.000069,0.0,0.007101,0.016667,,,,,,,,,,,,,0.000011,0.00001,,,,,,,,0.00003,0.000017,,0.000013,0.000018,0.000006,,,,0.000004,,,,,,,,,,,,,,,0.000001,,,,,,0.0,,,,,,,,,,,,,,,,,,,,,,,,,,,,,,,,,,,,,,,,,,,,,,,,,,,,,,,,,,,,,,,,,,,,,,,,
0.014681,0.0,0.0,0.000107,0.00007,0.0,0.014679,0.016667,,,,,,,,,,,,,0.000084,0.000023,,,,,,,,0.000029,0.000017,,0.000012,0.000017,0.000007,,,,0.000004,,,,,,,,,,,,,,,0.000001,,,,,,0.000001,,,,,,,,,,,,,,,,,,,,,,,,,,,,,,,,,,,,,,,,,,,,,,,,,,,,,,,,,,,,,,,,,,,,,,,,
0.003962,0.000006,0.000054,0.000049,0.000193,0.000457,0.003499,0.016667,0.0,0.0,0.0,0.0,0.0,0.000006,0.000003,0.000001,0.000033,0.000013,0.0,0.000004,0.000024,0.000025,,,,,0.000053,,,0.00007,0.000031,,0.000028,0.000041,0.00001,,,,0.000009,,,,,,,,,,,,,,,0.000003,,,,,,0.0,,,,,,,,,,,,,,,,,,,,,,,,,,,,,,,,,,,,,,,,,,,,,,,,,,,,,,,,,,,,,,,,,,,,,,,,
0.00151,0.0,0.0,0.000002,0.000057,0.0,0.001508,0.016667,,,,,,,,,,,,,0.0,0.000002,,,,,,,,0.000022,0.000015,,0.000011,0.000014,0.000006,,,,0.000003,,,,,,,,,,,,,,,0.000001,,,,,,0.0,,,,,,,,,,,,,,,,,,,,,,,,,,,,,,,,,,,,,,,,,,,,,,,,,,,,,,,,,,,,,,,,,,,,,,,,
0.007091,0.000002,0.000201,0.0001,0.000068,0.000106,0.006984,0.016667,0.0,0.0,0.0,0.0,0.0,0.000002,0.000009,0.000001,0.000169,0.00002,0.0,0.000002,0.000087,0.000013,,,,,0.00001,,,0.000025,0.000014,,0.000012,0.000016,0.000006,,,,0.000003,,,,,,,,,,,,,,,0.000001,,,,,,0.0,,,,,,,,,,,,,,,,,,,,,,,,,,,,,,,,,,,,,,,,,,,,,,,,,,,,,,,,,,,,,,,,,,,,,,,,
0.00706,0.0,0.0,0.000026,0.000047,0.0,0.007058,0.016667,,,,,,,,,,,,,0.000013,0.000013,,,,,,,,0.00002,0.000011,,0.000009,0.000011,0.000004,,,,0.000003,,,,,,,,,,,,,,,0.000001,,,,,,0.000001,,,,,,,,,,,,,,,,,,,,,,,,,,,,,,,,,,,,,,,,,,,,,,,,,,,,,,,,,,,,,,,,,,,,,,,,
0.014502,0.0,0.0,0.000134,0.000062,0.0,0.0145,0.016667,,,,,,,,,,,,,0.000107,0.000027,,,,,,,,0.000029,0.000014,,0.000011,0.000015,0.000005,,,,0.000004,,,,,,,,,,,,,,,0.000001,,,,,,0.0,,,,,,,,,,,,,,,,,,,,,,,,,,,,,,,,,,,,,,,,,,,,,,,,,,,,,,,,,,,,,,,,,,,,,,,,
0.000715,0.000003,0.00005,0.000001,0.000072,0.000163,0.000549,0.016667,0.0,0.0,0.0,0.0,0.0,0.000003,0.000002,0.000001,0.00003,0.000015,0.000001,0.000001,0.0,0.000001,,,,,0.000017,,,0.000023,0.000013,,0.000011,0.000014,0.000005,,,,0.000004,,,,,,,,,,,,,,,0.000001,,,,,,0.0,,,,,,,,,,,,,,,,,,,,,,,,,,,,,,,,,,,,,,,,,,,,,,,,,,,,,,,,,,,,,,,,,,,,,,,,
0.005866,0.0,0.0,0.000035,0.000023,0.0,0.005865,0.016667,,,,,,,,,,,,,0.000022,0.000013,,,,,,,,0.000009,0.000007,,0.000004,0.000005,0.000003,,,,0.000001,,,,,,,,,,,,,,,0.000001,,,,,,0.0,,,,,,,,,,,,,,,,,,,,,,,,,,,,,,,,,,,,,,,,,,,,,,,,,,,,,,,,,,,,,,,,,,,,,,,,
0.006352,0.000002,0.000076,0.000007,0.000056,0.000155,0.006196,0.016667,0.0,0.0,0.0,0.0,0.0,0.000002,0.000003,0.0,0.000047,0.000024,0.000001,0.000001,0.0,0.000007,,,,,0.000013,,,0.000018,0.000011,,0.000009,0.00001,0.000005,,,,0.000002,,,,,,,,,,,,,,,0.000001,,,,,,0.0,,,,,,,,,,,,,,,,,,,,,,,,,,,,,,,,,,,,,,,,,,,,,,,,,,,,,,,,,,,,,,,,,,,,,,,,
0.006886,0.0,0.0,0.00002,0.000057,0.0,0.006885,0.016667,,,,,,,,,,,,,0.000011,0.000009,,,,,,,,0.000022,0.000014,,0.00001,0.000013,0.000007,,,,0.000004,,,,,,,,,,,,,,,0.000001,,,,,,0.000001,,,,,,,,,,,,,,,,,,,,,,,,,,,,,,,,,,,,,,,,,,,,,,,,,,,,,,,,,,,,,,,,,,,,,,,,
0.016194,0.0,0.0,0.00011,0.000064,0.0,0.016192,0.016667,,,,,,,,,,,,,0.000079,0.000031,,,,,,,,0.000029,0.000014,,0.000012,0.000017,0.000005,,,,0.000004,,,,,,,,,,,,,,,0.000001,,,,,,0.000001,,,,,,,,,,,,,,,,,,,,,,,,,,,,,,,,,,,,,,,,,,,,,,,,,,,,,,,,,,,,,,,,,,,,,,,,
0.00086,0.000002,0.00009,0.0,0.000093,0.000142,0.000716,0.016667,0.0,0.0,0.0,0.0,0.0,0.000002,0.000002,0.000001,0.000037,0.000049,0.0,0.000001,0.0,0.0,,,,,0.000016,,,0.00003,0.000019,,0.000015,0.000019,0.00001,,,,0.000005,,,,,,,,,,,,,,,0.000001,,,,,,0.0,,,,,,,,,,,,,,,,,,,,,,,,,,,,,,,,,,,,,,,,,,,,,,,,,,,,,,,,,,,,,,,,,,,,,,,,
0.003449,0.0,0.0,0.000002,0.000036,0.0,0.003449,0.016667,,,,,,,,,,,,,0.0,0.000002,,,,,,,,0.000013,0.000009,,0.000007,0.000009,0.000004,,,,0.000002,,,,,,,,,,,,,,,0.000001,,,,,,0.0,,,,,,,,,,,,,,,,,,,,,,,,,,,,,,,,,,,,,,,,,,,,,,,,,,,,,,,,,,,,,,,,,,,,,,,,
0.006929,0.000002,0.00007,0.000097,0.000073,0.000132,0.006795,0.016667,0.0,0.0,0.0,0.0,0.0,0.000002,0.000002,0.000001,0.000032,0.000032,0.000001,0.000002,0.000081,0.000016,,,,,0.000012,,,0.000023,0.000014,,0.000015,0.000015,0.000006,,,,0.000003,,,,,,,,,,,,,,,0.000001,,,,,,0.0,,,,,,,,,,,,,,,,,,,,,,,,,,,,,,,,,,,,,,,,,,,,,,,,,,,,,,,,,,,,,,,,,,,,,,,,
0.007501,0.0,0.0,0.000014,0.00007,0.0,0.007498,0.016667,,,,,,,,,,,,,0.000003,0.000011,,,,,,,,0.000028,0.000017,,0.000012,0.000017,0.000007,,,,0.000004,,,,,,,,,,,,,,,0.000002,,,,,,0.000001,,,,,,,,,,,,,,,,,,,,,,,,,,,,,,,,,,,,,,,,,,,,,,,,,,,,,,,,,,,,,,,,,,,,,,,,
0.013487,0.0,0.0,0.000039,0.000054,0.0,0.013485,0.016667,,,,,,,,,,,,,0.000015,0.000024,,,,,,,,0.000024,0.000014,,0.00001,0.000012,0.000005,,,,0.000003,,,,,,,,,,,,,,,0.000001,,,,,,0.0,,,,,,,,,,,,,,,,,,,,,,,,,,,,,,,,,,,,,,,,,,,,,,,,,,,,,,,,,,,,,,,,,,,,,,,,
0.000911,0.000003,0.000074,0.0,0.000102,0.0002,0.000707,0.016667,0.0,0.0,0.0,0.0,0.0,0.000003,0.000003,0.0,0.000044,0.000025,0.0,0.000002,0.0,0.0,,,,,0.000023,,,0.000035,0.00002,,0.000017,0.000022,0.000006,,,,0.000004,,,,,,,,,,,,,,,0.000001,,,,,,0.0,,,,,,,,,,,,,,,,,,,,,,,,,,,,,,,,,,,,,,,,,,,,,,,,,,,,,,,,,,,,,,,,,,,,,,,,
0.005741,0.0,0.0,0.000003,0.000041,0.0,0.00574,0.016667,,,,,,,,,,,,,0.0,0.000003,,,,,,,,0.000015,0.00001,,0.000008,0.000009,0.000004,,,,0.000003,,,,,,,,,,,,,,,0.000001,,,,,,0.000001,,,,,,,,,,,,,,,,,,,,,,,,,,,,,,,,,,,,,,,,,,,,,,,,,,,,,,,,,,,,,,,,,,,,,,,,
0.006891,0.000003,0.00009,0.000111,0.000076,0.000134,0.006754,0.016667,0.0,0.0,0.0,0.0,0.0,0.000003,0.000006,0.0,0.00005,0.000031,0.000001,0.000002,0.000099,0.000012,,,,,0.000016,,,0.000024,0.000014,,0.000012,0.000016,0.000007,,,,0.000005,,,,,,,,,,,,,,,0.000001,,,,,,0.0,,,,,,,,,,,,,,,,,,,,,,,,,,,,,,,,,,,,,,,,,,,,,,,,,,,,,,,,,,,,,,,,,,,,,,,,
0.007635,0.0,0.0,0.000022,0.000108,0.0,0.007633,0.016667,,,,,,,,,,,,,0.000009,0.000013,,,,,,,,0.00004,0.000027,,0.000021,0.000025,0.00001,,,,0.000007,,,,,,,,,,,,,,,0.000003,,,,,,0.000001,,,,,,,,,,,,,,,,,,,,,,,,,,,,,,,,,,,,,,,,,,,,,,,,,,,,,,,,,,,,,,,,,,,,,,,,
0.01271,0.0,0.0,0.000098,0.000088,0.0,0.012707,0.016667,,,,,,,,,,,,,0.00008,0.000018,,,,,,,,0.000038,0.000021,,0.000016,0.000021,0.000008,,,,0.000005,,,,,,,,,,,,,,,0.000002,,,,,,0.0,,,,,,,,,,,,,,,,,,,,,,,,,,,,,,,,,,,,,,,,,,,,,,,,,,,,,,,,,,,,,,,,,,,,,,,,
0.000712,0.000004,0.000049,0.0,0.00008,0.00015,0.000559,0.016667,0.0,0.0,0.0,0.0,0.0,0.000004,0.000004,0.0,0.000037,0.000007,0.0,0.000001,0.0,0.0,,,,,0.000023,,,0.000025,0.000014,,0.000011,0.000015,0.000005,,,,0.000004,,,,,,,,,,,,,,,0.000002,,,,,,0.0,,,,,,,,,,,,,,,,,,,,,,,,,,,,,,,,,,,,,,,,,,,,,,,,,,,,,,,,,,,,,,,,,,,,,,,,
0.006225,0.0,0.0,0.000019,0.000035,0.0,0.006225,0.016667,,,,,,,,,,,,,0.000009,0.00001,,,,,,,,0.000013,0.000009,,0.000008,0.000008,0.000004,,,,0.000002,,,,,,,,,,,,,,,0.0,,,,,,0.0,,,,,,,,,,,,,,,,,,,,,,,,,,,,,,,,,,,,,,,,,,,,,,,,,,,,,,,,,,,,,,,,,,,,,,,,
0.006755,0.000005,0.00005,0.000092,0.000064,0.000172,0.00658,0.016667,0.0,0.0,0.0,0.0,0.0,0.000005,0.000003,0.0,0.000037,0.000007,0.000001,0.000002,0.00008,0.000012,,,,,0.000015,,,0.000021,0.000011,,0.000012,0.000012,0.000004,,,,0.000003,,,,,,,,,,,,,,,0.000001,,,,,,0.0,,,,,,,,,,,,,,,,,,,,,,,,,,,,,,,,,,,,,,,,,,,,,,,,,,,,,,,,,,,,,,,,,,,,,,,,
0.019212,0.0,0.0,0.000103,0.000053,0.0,0.019211,0.016667,,,,,,,,,,,,,0.000067,0.000036,,,,,,,,0.000021,0.000014,,0.000009,0.000012,0.000006,,,,0.000003,,,,,,,,,,,,,,,0.000001,,,,,,0.000001,,,,,,,,,,,,,,,,,,,,,,,,,,,,,,,,,,,,,,,,,,,,,,,,,,,,,,,,,,,,,,,,,,,,,,,,
0.001058,0.000003,0.000086,0.0,0.000086,0.000196,0.00086,0.016667,0.0,0.0,0.0,0.0,0.0,0.000003,0.000003,0.0,0.000051,0.00003,0.0,0.000002,0.0,0.0,,,,,0.00002,,,0.000026,0.000016,,0.000015,0.000016,0.000007,,,,0.000004,,,,,,,,,,,,,,,0.000001,,,,,,0.0,,,,,,,,,,,,,,,,,,,,,,,,,,,,,,,,,,,,,,,,,,,,,,,,,,,,,,,,,,,,,,,,,,,,,,,,
0.000593,0.0,0.0,0.0,0.000054,0.0,0.000591,0.016667,,,,,,,,,,,,,0.0,0.0,,,,,,,,0.000021,0.000014,,0.00001,0.000013,0.000006,,,,0.000003,,,,,,,,,,,,,,,0.000001,,,,,,0.0,,,,,,,,,,,,,,,,,,,,,,,,,,,,,,,,,,,,,,,,,,,,,,,,,,,,,,,,,,,,,,,,,,,,,,,,
0.006763,0.0,0.0,0.000011,0.000033,0.0,0.006763,0.016667,,,,,,,,,,,,,0.0,0.000011,,,,,,,,0.000014,0.000008,,0.000006,0.000008,0.000004,,,,0.000002,,,,,,,,,,,,,,,0.000001,,,,,,0.0,,,,,,,,,,,,,,,,,,,,,,,,,,,,,,,,,,,,,,,,,,,,,,,,,,,,,,,,,,,,,,,,,,,,,,,,
0.006955,0.000006,0.000104,0.00003,0.000077,0.000338,0.006615,0.016667,0.0,0.0,0.0,0.0,0.0,0.000006,0.000004,0.0,0.000064,0.000033,0.000001,0.000002,0.000012,0.000018,,,,,0.000018,,,0.000025,0.000014,,0.000012,0.000015,0.000005,,,,0.000004,,,,,,,,,,,,,,,0.000001,,,,,,0.000001,,,,,,,,,,,,,,,,,,,,,,,,,,,,,,,,,,,,,,,,,,,,,,,,,,,,,,,,,,,,,,,,,,,,,,,,
0.019211,0.0,0.0,0.00015,0.000067,0.0,0.019209,0.016667,,,,,,,,,,,,,0.000101,0.000049,,,,,,,,0.000028,0.000017,,0.000012,0.000016,0.000006,,,,0.000005,,,,,,,,,,,,,,,0.000001,,,,,,0.0,,,,,,,,,,,,,,,,,,,,,,,,,,,,,,,,,,,,,,,,,,,,,,,,,,,,,,,,,,,,,,,,,,,,,,,,
0.00083,0.000003,0.000103,0.000001,0.000089,0.00015,0.000678,0.016667,0.0,0.0,0.0,0.0,0.0,0.000003,0.000003,0.0,0.000041,0.000057,0.0,0.000002,0.0,0.000001,,,,,0.000017,,,0.000031,0.000019,,0.000013,0.000019,0.000008,,,,0.000005,,,,,,,,,,,,,,,0.000001,,,,,,0.0,,,,,,,,,,,,,,,,,,,,,,,,,,,,,,,,,,,,,,,,,,,,,,,,,,,,,,,,,,,,,,,,,,,,,,,,
0.000419,0.0,0.0,0.0,0.000039,0.0,0.000418,0.016667,,,,,,,,,,,,,0.0,0.0,,,,,,,,0.000015,0.000009,,0.000007,0.000009,0.000004,,,,0.000003,,,,,,,,,,,,,,,0.000001,,,,,,0.000001,,,,,,,,,,,,,,,,,,,,,,,,,,,,,,,,,,,,,,,,,,,,,,,,,,,,,,,,,,,,,,,,,,,,,,,,
0.006851,0.0,0.0,0.000019,0.000031,0.0,0.006849,0.016667,,,,,,,,,,,,,0.00001,0.000009,,,,,,,,0.000012,0.000008,,0.000006,0.000007,0.000003,,,,0.000002,,,,,,,,,,,,,,,0.000001,,,,,,0.0,,,,,,,,,,,,,,,,,,,,,,,,,,,,,,,,,,,,,,,,,,,,,,,,,,,,,,,,,,,,,,,,,,,,,,,,
0.007168,0.000002,0.000066,0.000115,0.000058,0.000161,0.007006,0.016667,0.0,0.0,0.0,0.0,0.0,0.000002,0.000003,0.000001,0.000037,0.000024,0.0,0.000001,0.000092,0.000023,,,,,0.000012,,,0.000017,0.00001,,0.000009,0.000011,0.000008,,,,0.000003,,,,,,,,,,,,,,,0.000001,,,,,,0.0,,,,,,,,,,,,,,,,,,,,,,,,,,,,,,,,,,,,,,,,,,,,,,,,,,,,,,,,,,,,,,,,,,,,,,,,
0.017012,0.0,0.0,0.000036,0.000058,0.0,0.01701,0.016667,,,,,,,,,,,,,0.000011,0.000025,,,,,,,,0.000026,0.000014,,0.000011,0.000014,0.000005,,,,0.000004,,,,,,,,,,,,,,,0.000001,,,,,,0.0,,,,,,,,,,,,,,,,,,,,,,,,,,,,,,,,,,,,,,,,,,,,,,,,,,,,,,,,,,,,,,,,,,,,,,,,
0.001021,0.000005,0.00008,0.0,0.000088,0.000272,0.000746,0.016667,0.0,0.0,0.0,0.0,0.0,0.000005,0.000002,0.0,0.000042,0.000034,0.0,0.000002,0.0,0.0,,,,,0.000052,,,0.000028,0.000017,,0.000014,0.000018,0.000007,,,,0.000004,,,,,,,,,,,,,,,0.000001,,,,,,0.0,,,,,,,,,,,,,,,,,,,,,,,,,,,,,,,,,,,,,,,,,,,,,,,,,,,,,,,,,,,,,,,,,,,,,,,,
0.002177,0.0,0.0,0.000063,0.000038,0.0,0.002175,0.016667,,,,,,,,,,,,,0.000055,0.000008,,,,,,,,0.000015,0.000009,,0.000008,0.000009,0.000004,,,,0.000002,,,,,,,,,,,,,,,0.000001,,,,,,0.0,,,,,,,,,,,,,,,,,,,,,,,,,,,,,,,,,,,,,,,,,,,,,,,,,,,,,,,,,,,,,,,,,,,,,,,,
0.006985,0.0,0.0,0.000016,0.00004,0.0,0.006984,0.016667,,,,,,,,,,,,,0.000002,0.000014,,,,,,,,0.000017,0.000009,,0.000008,0.00001,0.000004,,,,0.000002,,,,,,,,,,,,,,,0.000001,,,,,,0.0,,,,,,,,,,,,,,,,,,,,,,,,,,,,,,,,,,,,,,,,,,,,,,,,,,,,,,,,,,,,,,,,,,,,,,,,
0.007065,0.000002,0.00008,0.000008,0.000082,0.000145,0.006918,0.016667,0.0,0.0,0.0,0.0,0.0,0.000002,0.000005,0.0,0.000043,0.000031,0.0,0.000001,0.0,0.000008,,,,,0.000015,,,0.000027,0.000016,,0.000016,0.000016,0.000006,,,,0.000003,,,,,,,,,,,,,,,0.000001,,,,,,0.000001,,,,,,,,,,,,,,,,,,,,,,,,,,,,,,,,,,,,,,,,,,,,,,,,,,,,,,,,,,,,,,,,,,,,,,,,
0.014204,0.0,0.0,0.000104,0.00006,0.0,0.014202,0.016667,,,,,,,,,,,,,0.000072,0.000032,,,,,,,,0.000026,0.000015,,0.00001,0.000015,0.000005,,,,0.000004,,,,,,,,,,,,,,,0.000001,,,,,,0.0,,,,,,,,,,,,,,,,,,,,,,,,,,,,,,,,,,,,,,,,,,,,,,,,,,,,,,,,,,,,,,,,,,,,,,,,
0.000926,0.000002,0.000074,0.0,0.000067,0.000175,0.000749,0.016667,0.0,0.0,0.0,0.0,0.0,0.000002,0.000003,0.000001,0.000042,0.000026,0.000001,0.000001,0.0,0.0,,,,,0.000016,,,0.000023,0.000012,,0.00001,0.000013,0.000004,,,,0.000003,,,,,,,,,,,,,,,0.000002,,,,,,0.0,,,,,,,,,,,,,,,,,,,,,,,,,,,,,,,,,,,,,,,,,,,,,,,,,,,,,,,,,,,,,,,,,,,,,,,,
0.005291,0.0,0.0,0.000006,0.000042,0.0,0.005289,0.016667,,,,,,,,,,,,,0.0,0.000006,,,,,,,,0.000016,0.00001,,0.000008,0.00001,0.000005,,,,0.000003,,,,,,,,,,,,,,,0.000001,,,,,,0.0,,,,,,,,,,,,,,,,,,,,,,,,,,,,,,,,,,,,,,,,,,,,,,,,,,,,,,,,,,,,,,,,,,,,,,,,
0.006841,0.000003,0.000097,0.000037,0.000083,0.000216,0.006623,0.016667,0.0,0.0,0.0,0.0,0.0,0.000003,0.000003,0.000001,0.000044,0.000047,0.0,0.000002,0.000018,0.000019,,,,,0.00002,,,0.000025,0.000016,,0.000013,0.000015,0.000007,,,,0.000005,,,,,,,,,,,,,,,0.000001,,,,,,0.0,,,,,,,,,,,,,,,,,,,,,,,,,,,,,,,,,,,,,,,,,,,,,,,,,,,,,,,,,,,,,,,,,,,,,,,,
0.017179,0.0,0.0,0.000163,0.000072,0.0,0.017176,0.016667,,,,,,,,,,,,,0.000127,0.000036,,,,,,,,0.00003,0.000016,,0.000013,0.000018,0.000007,,,,0.000004,,,,,,,,,,,,,,,0.000002,,,,,,0.000001,,,,,,,,,,,,,,,,,,,,,,,,,,,,,,,,,,,,,,,,,,,,,,,,,,,,,,,,,,,,,,,,,,,,,,,,
0.003979,0.000002,0.000111,0.000003,0.000077,0.000144,0.003833,0.016667,0.0,0.0,0.0,0.0,0.0,0.000002,0.000004,0.000001,0.000048,0.000056,0.0,0.000002,0.0,0.000003,,,,,0.000014,,,0.000024,0.000014,,0.000011,0.000016,0.000005,,,,0.000003,,,,0.000005,,,,,,,0.000003,,,,0.000001,,,,,,0.0,,,,,,,,,,,,,,,,,,,,,,,,,,,,,,,,,,,,,,,,,,,,,,,,,,,,,,,,,,,,,,,,,,,,,,,,
0.000611,0.0,0.0,0.0,0.00006,0.0,0.00061,0.016667,,,,,,,,,,,,,0.0,0.0,,,,,,,,0.000022,0.000016,,0.000011,0.000014,0.000007,,,,0.000004,,,,,,,,,,,,,,,0.000001,,,,,,0.0,,,,,,,,,,,,,,,,,,,,,,,,,,,,,,,,,,,,,,,,,,,,,,,,,,,,,,,,,,,,,,,,,,,,,,,,
0.012558,0.0,0.0,0.000033,0.000028,0.0,0.012557,0.016667,,,,,,,,,,,,,0.000009,0.000024,,,,,,,,0.00001,0.000007,,0.000005,0.000006,0.000004,,,,0.000001,,,,,,,,,,,,,,,0.000001,,,,,,0.0,,,,,,,,,,,,,,,,,,,,,,,,,,,,,,,,,,,,,,,,,,,,,,,,,,,,,,,,,,,,,,,,,,,,,,,,
0.015074,0.000004,0.000079,0.000133,0.000095,0.000138,0.014933,0.016667,0.0,0.0,0.0,0.0,0.0,0.000004,0.000003,0.000001,0.000044,0.000028,0.000001,0.000002,0.00009,0.000043,,,,,0.000014,,,0.00003,0.000015,,0.000014,0.000019,0.000009,,,,0.000005,,,,0.000008,,,,,,,0.000003,,,,0.000002,,,,,,0.0,,,,,0.0,,,,,,,,,,,,,,,,,,,,,,,,,,,,,,,,,,,,,,,,,,,,,,,,,,,,,,,,,,,,,,,,,,,
0.004334,0.000002,0.000059,0.000002,0.000086,0.00018,0.004152,0.016667,0.0,0.0,0.0,0.0,0.0,0.000002,0.000004,0.0,0.000038,0.000015,0.0,0.000002,0.0,0.000002,,,,,0.000017,,,0.000028,0.000018,,0.000013,0.000018,0.000007,,,,0.000005,,,,,,,,,,,,,,,0.000001,,,,,,0.0,,,,,,,,,,,,,,,,,,,,,,,,,,,,,,,,,,,,,,,,,,,,,,,,,,,,,,,,,,,,,,,,,,,,,,,,
0.000625,0.0,0.0,0.00001,0.00005,0.0,0.000624,0.016667,,,,,,,,,,,,,0.0,0.00001,,,,,,,,0.000017,0.000014,,0.000009,0.00001,0.000007,,,,0.000004,,,,,,,,,,,,,,,0.000001,,,,,,0.0,,,,,,,,,,,,,,,,,,,,,,,,,,,,,,,,,,,,,,,,,,,,,,,,,,,,,,,,,,,,,,,,,,,,,,,,
0.00717,0.000003,0.000099,0.000105,0.000077,0.000198,0.00697,0.016667,0.0,0.0,0.0,0.0,0.0,0.000003,0.000003,0.0,0.000066,0.000029,0.0,0.000001,0.000095,0.00001,,,,,0.000016,,,0.000024,0.000014,,0.000015,0.000015,0.000006,,,,0.000004,,,,,,,,,,,,,,,0.000002,,,,,,0.0,,,,,,,,,,,,,,,,,,,,,,,,,,,,,,,,,,,,,,,,,,,,,,,,,,,,,,,,,,,,,,,,,,,,,,,,
0.006891,0.0,0.0,0.000025,0.000056,0.0,0.006889,0.016667,,,,,,,,,,,,,0.000015,0.00001,,,,,,,,0.000024,0.000013,,0.00001,0.000014,0.000005,,,,0.000004,,,,,,,,,,,,,,,0.000001,,,,,,0.0,,,,,,,,,,,,,,,,,,,,,,,,,,,,,,,,,,,,,,,,,,,,,,,,,,,,,,,,,,,,,,,,,,,,,,,,
0.017479,0.000002,0.000113,0.000187,0.000099,0.00019,0.017287,0.016667,0.0,0.0,0.0,0.0,0.0,0.000002,0.000005,0.0,0.000041,0.000065,0.0,0.000002,0.000148,0.000039,,,,,0.000019,,,0.000029,0.00002,,0.000015,0.000019,0.00001,,,,0.000006,,,,,,,,,,,,,,,0.000002,,,,,,0.0,,,,,,,,,,,,,,,,,,,,,,,,,,,,,,,,,,,,,,,,,,,,,,,,,,,,,,,,,,,,,,,,,,,,,,,,
0.000606,0.0,0.0,0.0,0.000053,0.0,0.000604,0.016667,,,,,,,,,,,,,0.0,0.0,,,,,,,,0.000022,0.000012,,0.00001,0.000013,0.000005,,,,0.000004,,,,,,,,,,,,,,,0.000001,,,,,,0.0,,,,,,,,,,,,,,,,,,,,,,,,,,,,,,,,,,,,,,,,,,,,,,,,,,,,,,,,,,,,,,,,,,,,,,,,
0.0023,0.000003,0.000097,0.000001,0.000051,0.000145,0.002154,0.016667,0.0,0.0,0.0,0.0,0.0,0.000003,0.000003,0.0,0.000062,0.000031,0.0,0.000001,0.0,0.000001,,,,,0.000014,,,0.000016,0.000009,,0.000008,0.00001,0.000004,,,,0.000002,,,,,,,,,,,,,,,0.000001,,,,,,0.0,,,,,,,,,,,,,,,,,,,,,,,,,,,,,,,,,,,,,,,,,,,,,,,,,,,,,,,,,,,,,,,,,,,,,,,,
0.007101,0.0,0.0,0.000098,0.00006,0.0,0.0071,0.016667,,,,,,,,,,,,,0.000081,0.000017,,,,,,,,0.000026,0.000014,,0.000012,0.000014,0.000006,,,,0.000003,,,,,,,,,,,,,,,0.000001,,,,,,0.000001,,,,,,,,,,,,,,,,,,,,,,,,,,,,,,,,,,,,,,,,,,,,,,,,,,,,,,,,,,,,,,,,,,,,,,,,
0.00655,0.0,0.0,0.000006,0.000071,0.0,0.006547,0.016667,,,,,,,,,,,,,0.0,0.000006,,,,,,,,0.000036,0.000014,,0.000012,0.00002,0.000005,,,,0.000004,,,,,,,,,,,,,,,0.000001,,,,,,0.000001,,,,,,,,,,,,,,,,,,,,,,,,,,,,,,,,,,,,,,,,,,,,,,,,,,,,,,,,,,,,,,,,,,,,,,,,
0.016315,0.000003,0.000041,0.000091,0.000123,0.000141,0.016172,0.016667,0.0,0.0,0.0,0.0,0.0,0.000003,0.000003,0.0,0.000029,0.000008,0.0,0.000001,0.000067,0.000024,,,,,0.000017,,,0.000066,0.000017,,0.000013,0.000058,0.000007,,,,0.000004,,,,,,,,,,,,,,,0.000002,,,,,,0.0,,,,,,,,,,,,,,,,,,,,,,,,,,,,,,,,,,,,,,,,,,,,,,,,,,,,,,,,,,,,,,,,,,,,,,,,
0.00088,0.0,0.0,0.0,0.000071,0.0,0.000877,0.016667,,,,,,,,,,,,,0.0,0.0,,,,,,,,0.00003,0.000019,,0.000013,0.000016,0.000006,,,,0.000004,,,,,,,,,,,,,,,0.000002,,,,,,0.0,,,,,,,,,,,,,,,,,,,,,,,,,,,,,,,,,,,,,,,,,,,,,,,,,,,,,,,,,,,,,,,,,,,,,,,,
0.003107,0.000003,0.000056,0.000003,0.000077,0.000185,0.002921,0.016667,0.0,0.0,0.0,0.0,0.0,0.000003,0.000003,0.0,0.000031,0.00002,0.0,0.000002,0.0,0.000003,,,,,0.00002,,,0.000023,0.000013,,0.000015,0.000015,0.000005,,,,0.000002,,,,,,,,,,,,,,,0.000002,,,,,,0.0,,,,,,,,,,,,,,,,,,,,,,,,,,,,,,,,,,,,,,,,,,,,,,,,,,,,,,,,,,,,,,,,,,,,,,,,
0.006981,0.0,0.0,0.00002,0.000055,0.0,0.00698,0.016667,,,,,,,,,,,,,0.000004,0.000016,,,,,,,,0.000024,0.000013,,0.00001,0.000013,0.000005,,,,0.000003,,,,,,,,,,,,,,,0.000002,,,,,,0.0,,,,,,,,,,,,,,,,,,,,,,,,,,,,,,,,,,,,,,,,,,,,,,,,,,,,,,,,,,,,,,,,,,,,,,,,
0.007162,0.0,0.0,0.000035,0.000053,0.0,0.007161,0.016667,,,,,,,,,,,,,0.00002,0.000015,,,,,,,,0.000024,0.000012,,0.000009,0.000013,0.000004,,,,0.000004,,,,,,,,,,,,,,,0.000002,,,,,,0.0,,,,,,,,,,,,,,,,,,,,,,,,,,,,,,,,,,,,,,,,,,,,,,,,,,,,,,,,,,,,,,,,,,,,,,,,
0.014079,0.000002,0.000078,0.000083,0.000075,0.000156,0.013921,0.016667,0.0,0.0,0.0,0.0,0.0,0.000002,0.000004,0.000001,0.000046,0.000026,0.0,0.000001,0.000062,0.000021,,,,,0.000018,,,0.000025,0.000015,,0.000011,0.000015,0.000005,,,,0.000003,,,,,,,,,,,,,,,0.000001,,,,,,0.000001,,,,,,,,,,,,,,,,,,,,,,,,,,,,,,,,,,,,,,,,,,,,,,,,,,,,,,,,,,,,,,,,,,,,,,,,
0.000668,0.0,0.0,0.0,0.00007,0.0,0.000666,0.016667,,,,,,,,,,,,,0.0,0.0,,,,,,,,0.000031,0.000017,,0.000013,0.000016,0.000006,,,,0.000005,,,,,,,,,,,,,,,0.000001,,,,,,0.0,,,,,,,,,,,,,,,,,,,,,,,,,,,,,,,,,,,,,,,,,,,,,,,,,,,,,,,,,,,,,,,,,,,,,,,,
0.005642,0.000002,0.000068,0.000028,0.000146,0.000337,0.005304,0.016667,0.0,0.0,0.0,0.0,0.0,0.000002,0.000003,0.000001,0.000042,0.00002,0.0,0.000002,0.000012,0.000016,,,,,0.000037,,,0.000046,0.000025,,0.000022,0.000026,0.000009,,,,0.000009,,,,,,,,,,,,,,,0.000004,,,,,,0.0,,,,,,,,,,,,,,,,,,,,,,,,,,,,,,,,,,,,,,,,,,,,,,,,,,,,,,,,,,,,,,,,,,,,,,,,
0.006938,0.0,0.0,0.000011,0.000057,0.0,0.006936,0.016667,,,,,,,,,,,,,0.0,0.000011,,,,,,,,0.000023,0.000014,,0.00001,0.000013,0.000006,,,,0.000004,,,,,,,,,,,,,,,0.000001,,,,,,0.0,,,,,,,,,,,,,,,,,,,,,,,,,,,,,,,,,,,,,,,,,,,,,,,,,,,,,,,,,,,,,,,,,,,,,,,,
0.016131,0.0,0.0,0.000142,0.000074,0.0,0.016129,0.016667,,,,,,,,,,,,,0.000119,0.000023,,,,,,,,0.000028,0.000019,,0.000015,0.000015,0.000006,,,,0.000004,,,,,,,,,,,,,,,0.000002,,,,,,0.000001,,,,,,,,,,,,,,,,,,,,,,,,,,,,,,,,,,,,,,,,,,,,,,,,,,,,,,,,,,,,,,,,,,,,,,,,
0.004609,0.000002,0.000195,0.000072,0.000092,0.000164,0.004443,0.016667,0.0,0.0,0.0,0.0,0.0,0.000002,0.000006,0.000001,0.000124,0.000062,0.0,0.000002,0.000015,0.000057,,,,,0.00002,,,0.00003,0.000017,,0.000014,0.000018,0.000007,,,,0.000005,,,,,,,,,,,,,,,0.000001,,,,,,0.000001,,,,,,,,,,,,,,,,,,,,,,,,,,,,,,,,,,,,,,,,,,,,,,,,,,,,,,,,,,,,,,,,,,,,,,,,
0.000539,0.0,0.0,0.0,0.000056,0.0,0.000538,0.016667,,,,,,,,,,,,,0.0,0.0,,,,,,,,0.000024,0.000012,,0.000011,0.000014,0.000005,,,,0.000004,,,,,,,,,,,,,,,0.000001,,,,,,0.0,,,,,,,,,,,,,,,,,,,,,,,,,,,,,,,,,,,,,,,,,,,,,,,,,,,,,,,,,,,,,,,,,,,,,,,,
0.013165,0.000002,0.000065,0.000081,0.000048,0.000128,0.013037,0.016667,0.0,0.0,0.0,0.0,0.0,0.000002,0.000003,0.000001,0.000038,0.000021,0.000001,0.000001,0.000059,0.000022,,,,,0.000012,,,0.000013,0.000013,,0.000006,0.000008,0.000003,,,,0.000002,,,,,,,,,,,,,,,0.000001,,,,,,0.0,,,,,,,,,,,,,,,,,,,,,,,,,,,,,,,,,,,,,,,,,,,,,,,,,,,,,,,,,,,,,,,,,,,,,,,,
0.014403,0.0,0.0,0.000124,0.000056,0.0,0.014402,0.016667,,,,,,,,,,,,,0.000098,0.000026,,,,,,,,0.000026,0.000013,,0.00001,0.000014,0.000005,,,,0.000003,,,,,,,,,,,,,,,0.000001,,,,,,0.0,,,,,,,,,,,,,,,,,,,,,,,,,,,,,,,,,,,,,,,,,,,,,,,,,,,,,,,,,,,,,,,,,,,,,,,,
0.004107,0.000003,0.000066,0.000009,0.000091,0.000138,0.003967,0.016667,0.0,0.0,0.0,0.0,0.0,0.000003,0.000002,0.000001,0.000037,0.000024,0.000001,0.000001,0.0,0.000009,,,,,0.000013,,,0.000028,0.000017,,0.000017,0.000017,0.000007,,,,0.000004,,,,0.000006,,,,,,,0.000002,,,,0.000002,,,,,,0.0,,,,,0.000001,,,,,,,,,,,,,,,,,,,,,,,,,,,,,,,,,,,,,,,,,,,,,,,,,,,,,,,,,,,,,,,,,,,
0.001811,0.0,0.0,0.000002,0.000069,0.0,0.001809,0.016667,,,,,,,,,,,,,0.0,0.000002,,,,,,,,0.00003,0.000016,,0.000013,0.000016,0.000005,,,,0.000005,,,,,,,,,,,,,,,0.000001,,,,,,0.0,,,,,,,,,,,,,,,,,,,,,,,,,,,,,,,,,,,,,,,,,,,,,,,,,,,,,,,,,,,,,,,,,,,,,,,,
0.006985,0.0,0.0,0.00005,0.000057,0.0,0.006984,0.016667,,,,,,,,,,,,,0.000027,0.000023,,,,,,,,0.000021,0.000015,,0.00001,0.000012,0.000006,,,,0.000004,,,,,,,,,,,,,,,0.000001,,,,,,0.000001,,,,,,,,,,,,,,,,,,,,,,,,,,,,,,,,,,,,,,,,,,,,,,,,,,,,,,,,,,,,,,,,,,,,,,,,
0.007271,0.000002,0.000072,0.000064,0.000132,0.000291,0.006978,0.016667,0.0,0.0,0.0,0.0,0.0,0.000002,0.000002,0.000001,0.000041,0.000026,0.0,0.000002,0.000055,0.000009,,,,,0.000018,,,0.000028,0.000015,,0.00006,0.000017,0.000007,,,,0.000004,,,,,,,,,,,,,,,0.000002,,,,,,0.0,,,,,,,,,,,,,,,,,,,,,,,,,,,,,,,,,,,,,,,,,,,,,,,,,,,,,,,,,,,,,,,,,,,,,,,,
0.014437,0.0,0.0,0.000032,0.000128,0.0,0.014435,0.016667,,,,,,,,,,,,,0.000012,0.00002,,,,,,,,0.000027,0.000078,,0.000012,0.000014,0.000008,,,,0.000005,,,,,,,,,,,,,,,0.000001,,,,,,0.0,,,,,,,,,,,,,,,,,,,,,,,,,,,,,,,,,,,,,,,,,,,,,,,,,,,,,,,,,,,,,,,,,,,,,,,,
0.002861,0.000002,0.000144,0.000003,0.000069,0.000136,0.002723,0.016667,0.0,0.0,0.0,0.0,0.0,0.000002,0.000003,0.000001,0.00009,0.000048,0.000001,0.000001,0.0,0.000003,,,,,0.000015,,,0.000022,0.000013,,0.00001,0.000013,0.000005,,,,0.000004,,,,,,,,,,,,,,,0.000001,,,,,,0.0,,,,,,,,,,,,,,,,,,,,,,,,,,,,,,,,,,,,,,,,,,,,,,,,,,,,,,,,,,,,,,,,,,,,,,,,
0.003593,0.0,0.0,0.000177,0.000056,0.0,0.003591,0.016667,,,,,,,,,,,,,0.000151,0.000026,,,,,,,,0.00002,0.000015,,0.00001,0.000011,0.000006,,,,0.000004,,,,,,,,,,,,,,,0.000001,,,,,,0.000001,,,,,,,,,,,,,,,,,,,,,,,,,,,,,,,,,,,,,,,,,,,,,,,,,,,,,,,,,,,,,,,,,,,,,,,,
0.006357,0.0,0.0,0.000004,0.000054,0.0,0.006355,0.016667,,,,,,,,,,,,,0.0,0.000004,,,,,,,,0.000022,0.000013,,0.00001,0.000012,0.000004,,,,0.000004,,,,,,,,,,,,,,,0.000001,,,,,,0.000001,,,,,,,,,,,,,,,,,,,,,,,,,,,,,,,,,,,,,,,,,,,,,,,,,,,,,,,,,,,,,,,,,,,,,,,,
0.00678,0.000003,0.000059,0.000027,0.00008,0.000169,0.006609,0.016667,0.0,0.0,0.0,0.0,0.0,0.000003,0.000002,0.0,0.000037,0.000018,0.0,0.000002,0.000014,0.000013,,,,,0.000017,,,0.000026,0.000016,,0.000012,0.000015,0.000006,,,,0.000004,,,,,,,,,,,,,,,0.000001,,,,,,0.0,,,,,,,,,,,,,,,,,,,,,,,,,,,,,,,,,,,,,,,,,,,,,,,,,,,,,,,,,,,,,,,,,,,,,,,,
0.014562,0.0,0.0,0.000114,0.000065,0.0,0.014559,0.016667,,,,,,,,,,,,,0.000084,0.00003,,,,,,,,0.000026,0.000016,,0.000012,0.000014,0.000006,,,,0.000004,,,,,,,,,,,,,,,0.000002,,,,,,0.0,,,,,,,,,,,,,,,,,,,,,,,,,,,,,,,,,,,,,,,,,,,,,,,,,,,,,,,,,,,,,,,,,,,,,,,,
0.001389,0.000002,0.000077,0.000012,0.000081,0.000145,0.001242,0.016667,0.0,0.0,0.0,0.0,0.0,0.000002,0.000002,0.000001,0.000038,0.000034,0.000001,0.000001,0.000003,0.000009,,,,,0.000015,,,0.000027,0.000016,,0.000012,0.000016,0.000007,,,,0.000005,,,,,,,,,,,,,,,0.000001,,,,,,0.0,,,,,,,,,,,,,,,,,,,,,,,,,,,,,,,,,,,,,,,,,,,,,,,,,,,,,,,,,,,,,,,,,,,,,,,,
0.004448,0.0,0.0,0.000005,0.000024,0.0,0.004448,0.016667,,,,,,,,,,,,,0.0,0.000005,,,,,,,,0.000009,0.000007,,0.000004,0.000005,0.000003,,,,0.000002,,,,,,,,,,,,,,,0.0,,,,,,0.0,,,,,,,,,,,,,,,,,,,,,,,,,,,,,,,,,,,,,,,,,,,,,,,,,,,,,,,,,,,,,,,,,,,,,,,,
0.007045,0.0,0.0,0.000057,0.000045,0.0,0.007044,0.016667,,,,,,,,,,,,,0.000028,0.000029,,,,,,,,0.000017,0.000013,,0.000007,0.000009,0.000005,,,,0.000003,,,,,,,,,,,,,,,0.000001,,,,,,0.0,,,,,,,,,,,,,,,,,,,,,,,,,,,,,,,,,,,,,,,,,,,,,,,,,,,,,,,,,,,,,,,,,,,,,,,,
0.006972,0.000002,0.000073,0.000007,0.000069,0.000137,0.006833,0.016667,0.0,0.0,0.0,0.0,0.0,0.000002,0.000002,0.000001,0.000043,0.000025,0.000001,0.000001,0.0,0.000007,,,,,0.000015,,,0.000022,0.000013,,0.000011,0.000013,0.000005,,,,0.000003,,,,,,,,,,,,,,,0.000001,,,,,,0.0,,,,,,,,,,,,,,,,,,,,,,,,,,,,,,,,,,,,,,,,,,,,,,,,,,,,,,,,,,,,,,,,,,,,,,,,
0.014632,0.0,0.0,0.000097,0.000059,0.0,0.014629,0.016667,,,,,,,,,,,,,0.00007,0.000027,,,,,,,,0.000025,0.000014,,0.000011,0.000013,0.000005,,,,0.000004,,,,,,,,,,,,,,,0.000002,,,,,,0.0,,,,,,,,,,,,,,,,,,,,,,,,,,,,,,,,,,,,,,,,,,,,,,,,,,,,,,,,,,,,,,,,,,,,,,,,
0.000895,0.000003,0.000058,0.000002,0.000109,0.000181,0.00071,0.016667,0.0,0.0,0.0,0.0,0.0,0.000003,0.000002,0.0,0.000032,0.000021,0.000001,0.000002,0.0,0.000002,,,,,0.000024,,,0.000033,0.000021,,0.000019,0.000019,0.000007,,,,0.000004,,,,,,,,,,,,,,,0.000002,,,,,,0.000001,,,,,,,,,,,,,,,,,,,,,,,,,,,,,,,,,,,,,,,,,,,,,,,,,,,,,,,,,,,,,,,,,,,,,,,,
0.00535,0.0,0.0,0.000024,0.000035,0.0,0.005349,0.016667,,,,,,,,,,,,,0.000016,0.000008,,,,,,,,0.000012,0.000011,,0.000006,0.000007,0.000005,,,,0.000002,,,,,,,,,,,,,,,0.0,,,,,,0.0,,,,,,,,,,,,,,,,,,,,,,,,,,,,,,,,,,,,,,,,,,,,,,,,,,,,,,,,,,,,,,,,,,,,,,,,
0.006402,0.000003,0.000052,0.000004,0.000181,0.000236,0.006163,0.016667,0.0,0.0,0.0,0.0,0.0,0.000003,0.000003,0.0,0.00004,0.000007,0.000001,0.000001,0.0,0.000004,,,,,0.000017,,,0.000062,0.000041,,0.000038,0.00005,0.000012,,,,0.000011,,,,,,,,,,,,,,,0.000004,,,,,,0.0,,,,,,,,,,,,,,,,,,,,,,,,,,,,,,,,,,,,,,,,,,,,,,,,,,,,,,,,,,,,,,,,,,,,,,,,
0.014717,0.0,0.0,0.000123,0.000084,0.0,0.014715,0.016667,,,,,,,,,,,,,0.000094,0.000029,,,,,,,,0.000029,0.000021,,0.000016,0.000016,0.000011,,,,0.000006,,,,,,,,,,,,,,,0.000002,,,,,,0.000001,,,,,,,,,,,,,,,,,,,,,,,,,,,,,,,,,,,,,,,,,,,,,,,,,,,,,,,,,,,,,,,,,,,,,,,,
0.004992,0.0,0.0,0.000004,0.000069,0.0,0.00499,0.016667,,,,,,,,,,,,,0.0,0.000004,,,,,,,,0.000028,0.000018,,0.000012,0.000015,0.000007,,,,0.000004,,,,,,,,,,,,,,,0.000002,,,,,,0.0,,,,,,,,,,,,,,,,,,,,,,,,,,,,,,,,,,,,,,,,,,,,,,,,,,,,,,,,,,,,,,,,,,,,,,,,
0.000937,0.000003,0.000106,0.000002,0.000075,0.000177,0.000759,0.016667,0.0,0.0,0.0,0.0,0.0,0.000003,0.000002,0.000001,0.000038,0.000063,0.0,0.000002,0.0,0.000002,,,,,0.000015,,,0.00002,0.000017,,0.00001,0.000012,0.000008,,,,0.000004,,,,,,,,,,,,,,,0.000002,,,,,,0.0,,,,,,,,,,,,,,,,,,,,,,,,,,,,,,,,,,,,,,,,,,,,,,,,,,,,,,,,,,,,,,,,,,,,,,,,
0.00779,0.0,0.0,0.000072,0.000046,0.0,0.007788,0.016667,,,,,,,,,,,,,0.000056,0.000016,,,,,,,,0.000016,0.000013,,0.000008,0.000009,0.000006,,,,0.000003,,,,,,,,,,,,,,,0.000001,,,,,,0.0,,,,,,,,,,,,,,,,,,,,,,,,,,,,,,,,,,,,,,,,,,,,,,,,,,,,,,,,,,,,,,,,,,,,,,,,
0.005833,0.000001,0.000096,0.000027,0.000077,0.000134,0.005696,0.016667,0.0,0.0,0.0,0.0,0.0,0.000001,0.000003,0.000001,0.000053,0.000036,0.000001,0.000002,0.000015,0.000012,,,,,0.000014,,,0.000023,0.000015,,0.000013,0.000013,0.000007,,,,0.000005,,,,,,,,,,,,,,,0.000002,,,,,,0.0,,,,,,,,,,,,,,,,,,,,,,,,,,,,,,,,,,,,,,,,,,,,,,,,,,,,,,,,,,,,,,,,,,,,,,,,
0.014901,0.0,0.0,0.000163,0.00006,0.0,0.0149,0.016667,,,,,,,,,,,,,0.000129,0.000034,,,,,,,,0.000022,0.000016,,0.000011,0.000012,0.000007,,,,0.000004,,,,,,,,,,,,,,,0.000002,,,,,,0.0,,,,,,,,,,,,,,,,,,,,,,,,,,,,,,,,,,,,,,,,,,,,,,,,,,,,,,,,,,,,,,,,,,,,,,,,
0.003933,0.0,0.0,0.000025,0.000065,0.0,0.00393,0.016667,,,,,,,,,,,,,0.000014,0.000011,,,,,,,,0.000025,0.000016,,0.000012,0.000014,0.000007,,,,0.000004,,,,,,,,,,,,,,,0.000002,,,,,,0.000001,,,,,,,,,,,,,,,,,,,,,,,,,,,,,,,,,,,,,,,,,,,,,,,,,,,,,,,,,,,,,,,,,,,,,,,,
0.001662,0.000002,0.00006,0.000001,0.000072,0.000192,0.001468,0.016667,0.0,0.0,0.0,0.0,0.0,0.000002,0.000002,0.000001,0.000033,0.000021,0.000001,0.000002,0.0,0.000001,,,,,0.000015,,,0.000023,0.000014,,0.000011,0.000014,0.000006,,,,0.000003,,,,,,,,,,,,,,,0.000001,,,,,,0.0,,,,,,,,,,,,,,,,,,,,,,,,,,,,,,,,,,,,,,,,,,,,,,,,,,,,,,,,,,,,,,,,,,,,,,,,
0.007319,0.0,0.0,0.000005,0.00003,0.0,0.007319,0.016667,,,,,,,,,,,,,0.0,0.000005,,,,,,,,0.000009,0.000008,,0.000006,0.000006,0.000004,,,,0.000002,,,,,,,,,,,,,,,0.000001,,,,,,0.0,,,,,,,,,,,,,,,,,,,,,,,,,,,,,,,,,,,,,,,,,,,,,,,,,,,,,,,,,,,,,,,,,,,,,,,,
0.006548,0.000002,0.000111,0.000073,0.000084,0.000222,0.006324,0.016667,0.0,0.0,0.0,0.0,0.0,0.000002,0.000002,0.000001,0.000068,0.000038,0.0,0.000002,0.000061,0.000012,,,,,0.000017,,,0.000028,0.000017,,0.000013,0.000016,0.000007,,,,0.000004,,,,,,,,,,,,,,,0.000001,,,,,,0.0,,,,,,,,,,,,,,,,,,,,,,,,,,,,,,,,,,,,,,,,,,,,,,,,,,,,,,,,,,,,,,,,,,,,,,,,
0.018088,0.0,0.0,0.000089,0.000057,0.0,0.018086,0.016667,,,,,,,,,,,,,0.000048,0.000041,,,,,,,,0.000021,0.000015,,0.000011,0.000012,0.000007,,,,0.000003,,,,,,,,,,,,,,,0.000001,,,,,,0.000001,,,,,,,,,,,,,,,,,,,,,,,,,,,,,,,,,,,,,,,,,,,,,,,,,,,,,,,,,,,,,,,,,,,,,,,,
0.000825,0.000003,0.000082,0.0,0.000086,0.00014,0.000683,0.016667,0.0,0.0,0.0,0.0,0.0,0.000003,0.000002,0.000001,0.000056,0.000022,0.0,0.000001,0.0,0.0,,,,,0.000014,,,0.000029,0.000017,,0.000014,0.000018,0.000007,,,,0.000004,,,,,,,,,,,,,,,0.000002,,,,,,0.000001,,,,,,,,,,,,,,,,,,,,,,,,,,,,,,,,,,,,,,,,,,,,,,,,,,,,,,,,,,,,,,,,,,,,,,,,
0.001619,0.0,0.0,0.000002,0.000022,0.0,0.001618,0.016667,,,,,,,,,,,,,0.0,0.000002,,,,,,,,0.000007,0.000006,,0.000004,0.000005,0.000003,,,,0.000001,,,,,,,,,,,,,,,0.000001,,,,,,0.0,,,,,,,,,,,,,,,,,,,,,,,,,,,,,,,,,,,,,,,,,,,,,,,,,,,,,,,,,,,,,,,,,,,,,,,,
0.00712,0.0,0.0,0.000064,0.000041,0.0,0.007118,0.016667,,,,,,,,,,,,,0.000056,0.000008,,,,,,,,0.000013,0.000013,,0.000006,0.000008,0.000006,,,,0.000002,,,,,,,,,,,,,,,0.000001,,,,,,0.0,,,,,,,,,,,,,,,,,,,,,,,,,,,,,,,,,,,,,,,,,,,,,,,,,,,,,,,,,,,,,,,,,,,,,,,,
0.007786,0.000002,0.000061,0.000033,0.000054,0.000167,0.007617,0.016667,0.0,0.0,0.0,0.0,0.0,0.000002,0.000002,0.0,0.000038,0.00002,0.0,0.000001,0.000016,0.000017,,,,,0.000015,,,0.000014,0.00001,,0.000008,0.000009,0.000004,,,,0.000002,,,,,,,,,,,,,,,0.000001,,,,,,0.0,,,,,,,,,,,,,,,,,,,,,,,,,,,,,,,,,,,,,,,,,,,,,,,,,,,,,,,,,,,,,,,,,,,,,,,,
0.016526,0.0,0.0,0.000021,0.000065,0.0,0.016523,0.016667,,,,,,,,,,,,,0.000002,0.000019,,,,,,,,0.000026,0.000017,,0.000012,0.000014,0.000006,,,,0.000004,,,,,,,,,,,,,,,0.000002,,,,,,0.0,,,,,,,,,,,,,,,,,,,,,,,,,,,,,,,,,,,,,,,,,,,,,,,,,,,,,,,,,,,,,,,,,,,,,,,,
0.000949,0.000003,0.000087,0.00011,0.000084,0.000249,0.000697,0.016667,0.0,0.0,0.0,0.0,0.0,0.000003,0.000003,0.0,0.000042,0.00004,0.0,0.000002,0.000101,0.000009,,,,,0.000018,,,0.000025,0.000017,,0.000013,0.000015,0.000007,,,,0.000004,,,,,,,,,,,,,,,0.000001,,,,,,0.0,,,,,,,,,,,,,,,,,,,,,,,,,,,,,,,,,,,,,,,,,,,,,,,,,,,,,,,,,,,,,,,,,,,,,,,,
0.002082,0.0,0.0,0.000001,0.000048,0.0,0.002081,0.016667,,,,,,,,,,,,,0.0,0.000001,,,,,,,,0.000017,0.000012,,0.00001,0.00001,0.000006,,,,0.000003,,,,,,,,,,,,,,,0.000001,,,,,,0.0,,,,,,,,,,,,,,,,,,,,,,,,,,,,,,,,,,,,,,,,,,,,,,,,,,,,,,,,,,,,,,,,,,,,,,,,
0.006969,0.0,0.0,0.000005,0.000053,0.0,0.006968,0.016667,,,,,,,,,,,,,0.0,0.000005,,,,,,,,0.000019,0.000015,,0.000009,0.000011,0.000007,,,,0.000003,,,,,,,,,,,,,,,0.000001,,,,,,0.0,,,,,,,,,,,,,,,,,,,,,,,,,,,,,,,,,,,,,,,,,,,,,,,,,,,,,,,,,,,,,,,,,,,,,,,,
0.021396,0.000002,0.000153,0.000217,0.000076,0.000197,0.021197,0.016667,0.0,0.0,0.0,0.0,0.0,0.000002,0.000025,0.0,0.000038,0.000033,0.000055,0.000002,0.000167,0.00005,,,,,0.000014,,,0.000022,0.000016,,0.00001,0.000014,0.000008,,,,0.000005,,,,,,,,,,,,,,,0.000002,,,,,,0.0,,,,,,,,,,,,,,,,,,,,,,,,,,,,,,,,,,,,,,,,,,,,,,,,,,,,,,,,,,,,,,,,,,,,,,,,
0.000956,0.000003,0.00011,0.000001,0.000089,0.000172,0.000782,0.016667,0.0,0.0,0.0,0.0,0.0,0.000003,0.000002,0.000001,0.000071,0.000034,0.0,0.000002,0.0,0.000001,,,,,0.000017,,,0.000025,0.000016,,0.000018,0.000015,0.000008,,,,0.000005,,,,,,,,,,,,,,,0.000001,,,,,,0.0,,,,,,,,,,,,,,,,,,,,,,,,,,,,,,,,,,,,,,,,,,,,,,,,,,,,,,,,,,,,,,,,,,,,,,,,
0.000384,0.0,0.0,0.0,0.000028,0.0,0.000383,0.016667,,,,,,,,,,,,,0.0,0.0,,,,,,,,0.000011,0.000008,,0.000005,0.000006,0.000004,,,,0.000001,,,,,,,,,,,,,,,0.0,,,,,,0.0,,,,,,,,,,,,,,,,,,,,,,,,,,,,,,,,,,,,,,,,,,,,,,,,,,,,,,,,,,,,,,,,,,,,,,,,
0.01175,0.000001,0.000085,0.000124,0.000048,0.000109,0.011639,0.016667,0.0,0.0,0.0,0.0,0.0,0.000001,0.000003,0.0,0.00006,0.00002,0.000001,0.000001,0.000105,0.000019,,,,,0.000006,,,0.000016,0.000012,,0.000007,0.000009,0.000006,,,,0.000002,,,,,,,,,,,,,,,0.000001,,,,,,0.0,,,,,,,,,,,,,,,,,,,,,,,,,,,,,,,,,,,,,,,,,,,,,,,,,,,,,,,,,,,,,,,,,,,,,,,,
0.008405,0.0,0.0,0.00004,0.000059,0.0,0.008404,0.016667,,,,,,,,,,,,,0.00002,0.00002,,,,,,,,0.000025,0.000014,,0.000012,0.000013,0.000005,,,,0.000003,,,,,,,,,,,,,,,0.000001,,,,,,0.0,,,,,,,,,,,,,,,,,,,,,,,,,,,,,,,,,,,,,,,,,,,,,,,,,,,,,,,,,,,,,,,,,,,,,,,,
0.012659,0.000002,0.000077,0.000104,0.000068,0.000137,0.012521,0.016667,0.0,0.0,0.0,0.0,0.0,0.000002,0.000002,0.0,0.000026,0.000047,0.000001,0.000001,0.000086,0.000018,,,,,0.000015,,,0.000022,0.000013,,0.000009,0.000012,0.000005,,,,0.000004,,,,,,,,,,,,,,,0.000001,,,,,,0.000001,,,,,,,,,,,,,,,,,,,,,,,,,,,,,,,,,,,,,,,,,,,,,,,,,,,,,,,,,,,,,,,,,,,,,,,,
0.000553,0.0,0.0,0.000001,0.000057,0.0,0.00055,0.016667,,,,,,,,,,,,,0.0,0.000001,,,,,,,,0.000025,0.000014,,0.00001,0.000013,0.000005,,,,0.000003,,,,,,,,,,,,,,,0.000001,,,,,,0.000001,,,,,,,,,,,,,,,,,,,,,,,,,,,,,,,,,,,,,,,,,,,,,,,,,,,,,,,,,,,,,,,,,,,,,,,,
0.005768,0.000002,0.000055,0.000018,0.000038,0.000128,0.005639,0.016667,0.0,0.0,0.0,0.0,0.0,0.000002,0.000001,0.000001,0.000036,0.000015,0.0,0.000002,0.00001,0.000008,,,,,0.000011,,,0.00001,0.000007,,0.000005,0.000006,0.000003,,,,0.000002,,,,,,,,,,,,,,,0.0,,,,,,0.000001,,,,,,,,,,,,,,,,,,,,,,,,,,,,,,,,,,,,,,,,,,,,,,,,,,,,,,,,,,,,,,,,,,,,,,,,
0.006993,0.0,0.0,0.000009,0.000051,0.0,0.006959,0.016667,,,,,,,,,,,,,0.0,0.000009,,,,,,,,0.000018,0.000013,,0.00001,0.000011,0.000006,,,,0.000003,,,,,,,,,,,,,,,0.000001,,,,,,0.0,,,,,,,,,,,,,,,,,,,,,,,,,,,,,,,,,,,,,,,,,,,,,,,,,,,,,,,,,,,,,,,,,,,,,,,,
0.014681,0.000003,0.00007,0.000123,0.000078,0.000195,0.014483,0.016667,0.0,0.0,0.0,0.0,0.0,0.000003,0.000002,0.0,0.000033,0.000033,0.0,0.000002,0.000087,0.000036,,,,,0.000019,,,0.000025,0.000014,,0.000011,0.000014,0.000005,,,,0.000004,,,,,,,,,,,,,,,0.000001,,,,,,0.0,,,,,,,,,,,,,,,,,,,,,,,,,,,,,,,,,,,,,,,,,,,,,,,,,,,,,,,,,,,,,,,,,,,,,,,,
0.004116,0.0,0.0,0.000003,0.000068,0.0,0.004114,0.016667,,,,,,,,,,,,,0.0,0.000003,,,,,,,,0.000028,0.000018,,0.000012,0.000015,0.000006,,,,0.000004,,,,,,,,,,,,,,,0.000002,,,,,,0.0,,,,,,,,,,,,,,,,,,,,,,,,,,,,,,,,,,,,,,,,,,,,,,,,,,,,,,,,,,,,,,,,,,,,,,,,
0.001577,0.000002,0.000096,0.000002,0.000061,0.000158,0.001418,0.016667,0.0,0.0,0.0,0.0,0.0,0.000002,0.000003,0.000001,0.000055,0.000036,0.0,0.000001,0.0,0.000002,,,,,0.000011,,,0.000017,0.000013,,0.000012,0.000011,0.000005,,,,0.000003,,,,,,,,,,,,,,,0.000001,,,,,,0.0,,,,,,,,,,,,,,,,,,,,,,,,,,,,,,,,,,,,,,,,,,,,,,,,,,,,,,,,,,,,,,,,,,,,,,,,
0.006956,0.0,0.0,0.000026,0.000033,0.0,0.006955,0.016667,,,,,,,,,,,,,0.00001,0.000016,,,,,,,,0.000012,0.000008,,0.000007,0.000007,0.000004,,,,0.000002,,,,,,,,,,,,,,,0.000001,,,,,,0.0,,,,,,,,,,,,,,,,,,,,,,,,,,,,,,,,,,,,,,,,,,,,,,,,,,,,,,,,,,,,,,,,,,,,,,,,
0.007207,0.0,0.0,0.000094,0.000054,0.0,0.007205,0.016667,,,,,,,,,,,,,0.000083,0.000011,,,,,,,,0.000022,0.000013,,0.00001,0.000012,0.000005,,,,0.000003,,,,,,,,,,,,,,,0.000001,,,,,,0.000001,,,,,,,,,,,,,,,,,,,,,,,,,,,,,,,,,,,,,,,,,,,,,,,,,,,,,,,,,,,,,,,,,,,,,,,,
0.017119,0.000003,0.000096,0.00013,0.000081,0.000201,0.016915,0.016667,0.0,0.0,0.0,0.0,0.0,0.000003,0.000002,0.000001,0.000057,0.000034,0.000001,0.000001,0.000087,0.000043,,,,,0.000017,,,0.000023,0.000018,,0.000013,0.000014,0.000007,,,,0.000004,,,,,,,,,,,,,,,0.000001,,,,,,0.0,,,,,,,,,,,,,,,,,,,,,,,,,,,,,,,,,,,,,,,,,,,,,,,,,,,,,,,,,,,,,,,,,,,,,,,,
0.000719,0.0,0.0,0.0,0.000061,0.0,0.000717,0.016667,,,,,,,,,,,,,0.0,0.0,,,,,,,,0.000026,0.000012,,0.000012,0.000014,0.000006,,,,0.000005,,,,,,,,,,,,,,,0.000001,,,,,,0.0,,,,,,,,,,,,,,,,,,,,,,,,,,,,,,,,,,,,,,,,,,,,,,,,,,,,,,,,,,,,,,,,,,,,,,,,
0.002485,0.000003,0.000106,0.000001,0.000069,0.000163,0.002321,0.016667,0.0,0.0,0.0,0.0,0.0,0.000003,0.000002,0.000001,0.000044,0.000056,0.000001,0.000002,0.0,0.000001,,,,,0.000015,,,0.00002,0.000014,,0.00001,0.000012,0.000006,,,,0.000004,,,,,,,,,,,,,,,0.000001,,,,,,0.0,,,,,,,,,,,,,,,,,,,,,,,,,,,,,,,,,,,,,,,,,,,,,,,,,,,,,,,,,,,,,,,,,,,,,,,,
0.006893,0.0,0.0,0.000029,0.000053,0.0,0.006891,0.016667,,,,,,,,,,,,,0.000015,0.000014,,,,,,,,0.000018,0.000014,,0.00001,0.00001,0.000006,,,,0.000003,,,,,,,,,,,,,,,0.000002,,,,,,0.000001,,,,,,,,,,,,,,,,,,,,,,,,,,,,,,,,,,,,,,,,,,,,,,,,,,,,,,,,,,,,,,,,,,,,,,,,
0.006899,0.0,0.0,0.000004,0.000061,0.0,0.006897,0.016667,,,,,,,,,,,,,0.0,0.000004,,,,,,,,0.000024,0.000015,,0.000011,0.000013,0.000007,,,,0.000004,,,,,,,,,,,,,,,0.000002,,,,,,0.0,,,,,,,,,,,,,,,,,,,,,,,,,,,,,,,,,,,,,,,,,,,,,,,,,,,,,,,,,,,,,,,,,,,,,,,,
0.014847,0.000002,0.000084,0.000116,0.000079,0.000125,0.014719,0.016667,0.0,0.0,0.0,0.0,0.0,0.000002,0.000003,0.0,0.000049,0.00003,0.0,0.000002,0.000085,0.000031,,,,,0.000016,,,0.000024,0.000016,,0.000013,0.000013,0.000007,,,,0.000005,,,,,,,,,,,,,,,0.000001,,,,,,0.0,,,,,,,,,,,,,,,,,,,,,,,,,,,,,,,,,,,,,,,,,,,,,,,,,,,,,,,,,,,,,,,,,,,,,,,,
0.001317,0.0,0.0,0.000001,0.000055,0.0,0.001315,0.016667,,,,,,,,,,,,,0.0,0.000001,,,,,,,,0.000024,0.000013,,0.00001,0.000012,0.000005,,,,0.000004,,,,,,,,,,,,,,,0.000001,,,,,,0.0,,,,,,,,,,,,,,,,,,,,,,,,,,,,,,,,,,,,,,,,,,,,,,,,,,,,,,,,,,,,,,,,,,,,,,,,
0.004452,0.000003,0.000045,0.000006,0.000114,0.00024,0.00421,0.016667,0.0,0.0,0.0,0.0,0.0,0.000003,0.000002,0.0,0.000034,0.000007,0.0,0.000002,0.0,0.000006,,,,,0.000018,,,0.000033,0.000029,,0.000021,0.000016,0.000008,,,,0.000006,,,,,,,,,,,,,,,0.000003,,,,,,0.0,,,,,,,,,,,,,,,,,,,,,,,,,,,,,,,,,,,,,,,,,,,,,,,,,,,,,,,,,,,,,,,,,,,,,,,,
0.006963,0.0,0.0,0.000028,0.000057,0.0,0.006961,0.016667,,,,,,,,,,,,,0.000015,0.000013,,,,,,,,0.000021,0.000015,,0.00001,0.000012,0.000006,,,,0.000004,,,,,,,,,,,,,,,0.000002,,,,,,0.0,,,,,,,,,,,,,,,,,,,,,,,,,,,,,,,,,,,,,,,,,,,,,,,,,,,,,,,,,,,,,,,,,,,,,,,,
0.007776,0.0,0.0,0.000099,0.000061,0.0,0.007775,0.016667,,,,,,,,,,,,,0.000081,0.000018,,,,,,,,0.000027,0.000014,,0.000009,0.000018,0.000007,,,,0.000003,,,,,,,,,,,,,,,0.000002,,,,,,0.000001,,,,,,,,,,,,,,,,,,,,,,,,,,,,,,,,,,,,,,,,,,,,,,,,,,,,,,,,,,,,,,,,,,,,,,,,
0.013982,0.000005,0.000152,0.000045,0.000099,0.000187,0.013791,0.016667,0.0,0.0,0.0,0.0,0.0,0.000005,0.000003,0.000001,0.00008,0.000065,0.000001,0.000002,0.000021,0.000024,,,,,0.000022,,,0.000032,0.00002,,0.000014,0.000018,0.000006,,,,0.000005,,,,,,,,,,,,,,,0.000002,,,,,,0.000001,,,,,,,,,,,,,,,,,,,,,,,,,,,,,,,,,,,,,,,,,,,,,,,,,,,,,,,,,,,,,,,,,,,,,,,,
0.001362,0.0,0.0,0.000002,0.000055,0.0,0.00136,0.016667,,,,,,,,,,,,,0.0,0.000002,,,,,,,,0.000024,0.000014,,0.00001,0.000012,0.000005,,,,0.000004,,,,,,,,,,,,,,,0.000001,,,,,,0.0,,,,,,,,,,,,,,,,,,,,,,,,,,,,,,,,,,,,,,,,,,,,,,,,,,,,,,,,,,,,,,,,,,,,,,,,
0.004256,0.000002,0.000069,0.000062,0.000062,0.000152,0.004102,0.016667,0.0,0.0,0.0,0.0,0.0,0.000002,0.000004,0.0,0.000047,0.000016,0.0,0.000002,0.000054,0.000008,,,,,0.000014,,,0.000018,0.00001,,0.000013,0.00001,0.000004,,,,0.000003,,,,,,,,,,,,,,,0.000001,,,,,,0.0,,,,,,,,,,,,,,,,,,,,,,,,,,,,,,,,,,,,,,,,,,,,,,,,,,,,,,,,,,,,,,,,,,,,,,,,
0.0069,0.0,0.0,0.000026,0.000054,0.0,0.006898,0.016667,,,,,,,,,,,,,0.000014,0.000012,,,,,,,,0.000019,0.000015,,0.00001,0.000011,0.000006,,,,0.000004,,,,,,,,,,,,,,,0.000001,,,,,,0.0,,,,,,,,,,,,,,,,,,,,,,,,,,,,,,,,,,,,,,,,,,,,,,,,,,,,,,,,,,,,,,,,,,,,,,,,
0.021183,0.0,0.0,0.000212,0.000056,0.0,0.021181,0.016667,,,,,,,,,,,,,0.000165,0.000047,,,,,,,,0.00002,0.000015,,0.000011,0.000011,0.000007,,,,0.000004,,,,,,,,,,,,,,,0.000001,,,,,,0.0,,,,,,,,,,,,,,,,,,,,,,,,,,,,,,,,,,,,,,,,,,,,,,,,,,,,,,,,,,,,,,,,,,,,,,,,
0.000928,0.000003,0.00007,0.000001,0.000074,0.000129,0.000795,0.016667,0.0,0.0,0.0,0.0,0.0,0.000003,0.000002,0.0,0.000037,0.00003,0.0,0.000001,0.0,0.000001,,,,,0.000013,,,0.000024,0.000011,,0.00001,0.000014,0.000005,,,,0.000003,,,,0.000006,,,,,,,0.000003,,,,0.000002,,,,,,0.0,,,,,,,,,,,,,,,,,,,,,,,,,,,,,,,,,,,,,,,,,,,,,,,,,,,,,,,,,,,,,,,,,,,,,,,,
0.000489,0.0,0.0,0.0,0.000039,0.0,0.000488,0.016667,,,,,,,,,,,,,0.0,0.0,,,,,,,,0.000016,0.000009,,0.000008,0.000009,0.000004,,,,0.000003,,,,,,,,,,,,,,,0.000001,,,,,,0.0,,,,,,,,,,,,,,,,,,,,,,,,,,,,,,,,,,,,,,,,,,,,,,,,,,,,,,,,,,,,,,,,,,,,,,,,
0.012345,0.000002,0.000063,0.000026,0.000044,0.000103,0.012241,0.016667,0.0,0.0,0.0,0.0,0.0,0.000002,0.000001,0.000001,0.00003,0.00003,0.0,0.000001,0.00001,0.000016,,,,,0.000009,,,0.000015,0.000008,,0.000007,0.00001,0.000004,,,,0.000002,,,,,,,,,,,,,,,0.000001,,,,,,0.0,,,,,,,,,,,,,,,,,,,,,,,,,,,,,,,,,,,,,,,,,,,,,,,,,,,,,,,,,,,,,,,,,,,,,,,,
0.014006,0.0,0.0,0.000076,0.000091,0.0,0.014003,0.016667,,,,,,,,,,,,,0.000056,0.00002,,,,,,,,0.000039,0.000021,,0.000016,0.000022,0.000009,,,,0.000006,,,,,,,,,,,,,,,0.000003,,,,,,0.0,,,,,,,,,,,,,,,,,,,,,,,,,,,,,,,,,,,,,,,,,,,,,,,,,,,,,,,,,,,,,,,,,,,,,,,,
0.004922,0.000002,0.000081,0.000022,0.000093,0.000191,0.004729,0.016667,0.0,0.0,0.0,0.0,0.0,0.000002,0.000003,0.0,0.00003,0.00003,0.0,0.000018,0.000011,0.000011,,,,,0.000019,,,0.000028,0.00002,,0.000017,0.000018,0.000006,,,,0.000005,,,,,,,,,,,,,,,0.000002,,,,,,0.0,,,,,,,,,,,,,,,,,,,,,,,,,,,,,,,,,,,,,,,,,,,,,,,,,,,,,,,,,,,,,,,,,,,,,,,,
0.000868,0.0,0.0,0.000002,0.000054,0.0,0.000867,0.016667,,,,,,,,,,,,,0.0,0.000002,,,,,,,,0.000021,0.000014,,0.00001,0.000012,0.000007,,,,0.000004,,,,,,,,,,,,,,,0.000001,,,,,,0.0,,,,,,,,,,,,,,,,,,,,,,,,,,,,,,,,,,,,,,,,,,,,,,,,,,,,,,,,,,,,,,,,,,,,,,,,
0.007061,0.0,0.0,0.000088,0.000032,0.0,0.00706,0.016667,,,,,,,,,,,,,0.000075,0.000013,,,,,,,,0.000012,0.000008,,0.000006,0.000008,0.000003,,,,0.000002,,,,,,,,,,,,,,,0.000001,,,,,,0.0,,,,,,,,,,,,,,,,,,,,,,,,,,,,,,,,,,,,,,,,,,,,,,,,,,,,,,,,,,,,,,,,,,,,,,,,
0.006918,0.000003,0.00008,0.000031,0.000059,0.000307,0.006609,0.016667,0.0,0.0,0.0,0.0,0.0,0.000003,0.000006,0.0,0.000047,0.000026,0.0,0.000001,0.000015,0.000016,,,,,0.000018,,,0.000019,0.00001,,0.000008,0.000012,0.000004,,,,0.000003,,,,,,,,,,,,,,,0.000001,,,,,,0.0,,,,,,,,,,,,,,,,,,,,,,,,,,,,,,,,,,,,,,,,,,,,,,,,,,,,,,,,,,,,,,,,,,,,,,,,
0.010124,0.0,0.0,0.000016,0.00007,0.0,0.010122,0.016667,,,,,,,,,,,,,0.0,0.000016,,,,,,,,0.000028,0.000017,,0.000013,0.000016,0.000007,,,,0.000005,,,,,,,,,,,,,,,0.000001,,,,,,0.000001,,,,,,,,,,,,,,,,,,,,,,,,,,,,,,,,,,,,,,,,,,,,,,,,,,,,,,,,,,,,,,,,,,,,,,,,
0.008432,0.000002,0.000185,0.000077,0.000088,0.000166,0.008262,0.016667,0.0,0.0,0.0,0.0,0.0,0.000002,0.000003,0.000001,0.000043,0.000112,0.000001,0.000025,0.000062,0.000015,,,,,0.000014,,,0.000028,0.000017,,0.000012,0.000019,0.000006,,,,0.000004,,,,,,,,,,,,,,,0.000002,,,,,,0.0,,,,,,0.000007,,,,,,,,,,,,,,,,,,,,,,,,,,,,,,,,,,,,,,,,,,,,,,,,,,,,,,,,,,,,,,,,,,
0.002087,0.0,0.0,0.000014,0.000059,0.0,0.002085,0.016667,,,,,,,,,,,,,0.000008,0.000006,,,,,,,,0.000022,0.000015,,0.00001,0.000014,0.000007,,,,0.000004,,,,,,,,,,,,,,,0.000002,,,,,,0.0,,,,,,,,,,,,,,,,,,,,,,,,,,,,,,,,,,,,,,,,,,,,,,,,,,,,,,,,,,,,,,,,,,,,,,,,
0.007212,0.0,0.0,0.000015,0.000051,0.0,0.007211,0.016667,,,,,,,,,,,,,0.0,0.000015,,,,,,,,0.000019,0.000013,,0.00001,0.000011,0.000006,,,,0.000003,,,,,,,,,,,,,,,0.000002,,,,,,0.0,,,,,,,,,,,,,,,,,,,,,,,,,,,,,,,,,,,,,,,,,,,,,,,,,,,,,,,,,,,,,,,,,,,,,,,,
0.006495,0.000002,0.000068,0.000017,0.000087,0.000182,0.006312,0.016667,0.0,0.0,0.0,0.0,0.0,0.000002,0.000003,0.0,0.000037,0.000026,0.0,0.000002,0.000009,0.000008,,,,,0.000016,,,0.000028,0.000018,,0.000013,0.000018,0.000007,,,,0.000005,,,,,,,,,,,,,,,0.000002,,,,,,0.0,,,,,,,,,,,,,,,,,,,,,,,,,,,,,,,,,,,,,,,,,,,,,,,,,,,,,,,,,,,,,,,,,,,,,,,,
0.014214,0.0,0.0,0.000104,0.000067,0.0,0.014212,0.016667,,,,,,,,,,,,,0.000079,0.000025,,,,,,,,0.000026,0.000017,,0.000011,0.000015,0.000008,,,,0.000006,,,,,,,,,,,,,,,0.000001,,,,,,0.0,,,,,,,,,,,,,,,,,,,,,,,,,,,,,,,,,,,,,,,,,,,,,,,,,,,,,,,,,,,,,,,,,,,,,,,,
0.002205,0.000002,0.000102,0.000021,0.000071,0.000174,0.002028,0.016667,0.0,0.0,0.0,0.0,0.0,0.000002,0.000003,0.0,0.000047,0.000049,0.000001,0.000002,0.000013,0.000008,,,,,0.000021,,,0.000022,0.000011,,0.00001,0.000013,0.000005,,,,0.000004,,,,,,,,,,,,,,,0.000001,,,,,,0.000001,,,,,,,,,,,,,,,,,,,,,,,,,,,,,,,,,,,,,,,,,,,,,,,,,,,,,,,,,,,,,,,,,,,,,,,,
0.003964,0.0,0.0,0.000002,0.000044,0.0,0.003962,0.016667,,,,,,,,,,,,,0.0,0.000002,,,,,,,,0.000014,0.000009,,0.000009,0.00001,0.000004,,,,0.000003,,,,0.000004,,,,,,,0.000001,,,,0.000001,,,,,,0.0,,,,,0.0,,,,,,,,,,,,,,,,,,,,,,,,,,,,,,,,,,,,,,,,,,,,,,,,,,,,,,,,,,,,,,,,,,,
0.007046,0.0,0.0,0.000096,0.00005,0.0,0.007045,0.016667,,,,,,,,,,,,,0.000084,0.000012,,,,,,,,0.000018,0.000013,,0.000009,0.00001,0.000006,,,,0.000004,,,,,,,,,,,,,,,0.000001,,,,,,0.0,,,,,,,,,,,,,,,,,,,,,,,,,,,,,,,,,,,,,,,,,,,,,,,,,,,,,,,,,,,,,,,,,,,,,,,,
0.017272,0.000002,0.000077,0.000059,0.000078,0.000168,0.0171,0.016667,0.0,0.0,0.0,0.0,0.0,0.000002,0.000003,0.0,0.000045,0.000026,0.000001,0.000002,0.000027,0.000032,,,,,0.000017,,,0.000024,0.000013,,0.000016,0.000014,0.000005,,,,0.000004,,,,,,,,,,,,,,,0.000001,,,,,,0.0,,,,,,,,,,,,,,,,,,,,,,,,,,,,,,,,,,,,,,,,,,,,,,,,,,,,,,,,,,,,,,,,,,,,,,,,
0.004243,0.0,0.0,0.000002,0.000069,0.0,0.00424,0.016667,,,,,,,,,,,,,0.0,0.000002,,,,,,,,0.000028,0.000018,,0.000012,0.000015,0.000007,,,,0.000005,,,,,,,,,,,,,,,0.000001,,,,,,0.0,,,,,,,,,,,,,,,,,,,,,,,,,,,,,,,,,,,,,,,,,,,,,,,,,,,,,,,,,,,,,,,,,,,,,,,,
0.000817,0.000003,0.000074,0.000001,0.000079,0.000171,0.000645,0.016667,0.0,0.0,0.0,0.0,0.0,0.000003,0.000003,0.000001,0.000048,0.00002,0.0,0.000002,0.0,0.000001,,,,,0.000016,,,0.000026,0.000015,,0.000012,0.000016,0.000007,,,,0.000004,,,,,,,,,,,,,,,0.000001,,,,,,0.0,,,,,,,,,,,,,,,,,,,,,,,,,,,,,,,,,,,,,,,,,,,,,,,,,,,,,,,,,,,,,,,,,,,,,,,,
0.011861,0.0,0.0,0.000093,0.000029,0.0,0.01186,0.016667,,,,,,,,,,,,,0.000079,0.000014,,,,,,,,0.00001,0.000007,,0.000006,0.000006,0.000003,,,,0.000002,,,,,,,,,,,,,,,0.000001,,,,,,0.0,,,,,,,,,,,,,,,,,,,,,,,,,,,,,,,,,,,,,,,,,,,,,,,,,,,,,,,,,,,,,,,,,,,,,,,,
0.020198,0.000003,0.000084,0.00009,0.000079,0.000161,0.020035,0.016667,0.0,0.0,0.0,0.0,0.0,0.000003,0.000002,0.000001,0.000041,0.000037,0.000001,0.000002,0.00005,0.00004,,,,,0.000018,,,0.000023,0.000014,,0.000013,0.000014,0.000006,,,,0.000004,,,,,,,,,,,,,,,0.000002,,,,,,0.0,,,,,,,,,,,,,,,,,,,,,,,,,,,,,,,,,,,,,,,,,,,,,,,,,,,,,,,,,,,,,,,,,,,,,,,,
0.001304,0.000004,0.000069,0.0,0.000098,0.000441,0.000859,0.016667,0.0,0.0,0.0,0.0,0.0,0.000004,0.000002,0.000001,0.000042,0.00002,0.000001,0.000003,0.0,0.0,,,,,0.000019,,,0.000031,0.000021,,0.000015,0.000018,0.000008,,,,0.000005,,,,,,,,,,,,,,,0.000002,,,,,,0.0,,,,,,,,,,,,,,,,,,,,,,,,,,,,,,,,,,,,,,,,,,,,,,,,,,,,,,,,,,,,,,,,,,,,,,,,
0.000461,0.0,0.0,0.000044,0.000041,0.0,0.00046,0.016667,,,,,,,,,,,,,0.000038,0.000006,,,,,,,,0.000016,0.000009,,0.000008,0.00001,0.000005,,,,0.000002,,,,,,,,,,,,,,,0.000001,,,,,,0.0,,,,,,,,,,,,,,,,,,,,,,,,,,,,,,,,,,,,,,,,,,,,,,,,,,,,,,,,,,,,,,,,,,,,,,,,
0.012435,0.000002,0.000142,0.000072,0.000053,0.000093,0.012341,0.016667,0.0,0.0,0.0,0.0,0.0,0.000002,0.000003,0.000013,0.000075,0.00005,0.0,0.000001,0.000061,0.000011,,,,,0.000009,,,0.000015,0.000011,,0.000008,0.000009,0.000007,,,,0.000003,,,,,,,,,,,,,,,0.000002,,,,,,0.0,,,,,,,,,,,,,,,,,,,,,,,,,,,,,,,,,,,,,,,,,,,,,,,,,,,,,,,,,,,,,,,,,,,,,,,,
0.020711,0.0,0.0,0.000111,0.00006,0.0,0.020709,0.016667,,,,,,,,,,,,,0.000071,0.00004,,,,,,,,0.000025,0.000015,,0.00001,0.000014,0.000006,,,,0.000004,,,,,,,,,,,,,,,0.000002,,,,,,0.0,,,,,,,,,,,,,,,,,,,,,,,,,,,,,,,,,,,,,,,,,,,,,,,,,,,,,,,,,,,,,,,,,,,,,,,,
0.001295,0.000005,0.00005,0.000001,0.000195,0.000365,0.000927,0.016667,0.0,0.0,0.0,0.0,0.0,0.000005,0.000002,0.0,0.000031,0.000015,0.0,0.000002,0.0,0.000001,,,,,0.000052,,,0.000103,0.000017,,0.000012,0.000091,0.000007,,,,0.000005,,,,,,,,,,,,,,,0.000002,,,,,,0.0,,,,,,,,,,,,,,,,,,,,,,,,,,,,,,,,,,,,,,,,,,,,,,,,,,,,,,,,,,,,,,,,,,,,,,,,
0.000431,0.0,0.0,0.0,0.00004,0.0,0.00043,0.016667,,,,,,,,,,,,,0.0,0.0,,,,,,,,0.000015,0.000009,,0.000008,0.000009,0.000005,,,,0.000002,,,,,,,,,,,,,,,0.000001,,,,,,0.0,,,,,,,,,,,,,,,,,,,,,,,,,,,,,,,,,,,,,,,,,,,,,,,,,,,,,,,,,,,,,,,,,,,,,,,,
0.012267,0.000001,0.000071,0.000084,0.000043,0.000082,0.012184,0.016667,0.0,0.0,0.0,0.0,0.0,0.000001,0.000002,0.000001,0.000051,0.000016,0.000001,0.0,0.000061,0.000023,,,,,0.000008,,,0.000014,0.000008,,0.000007,0.000009,0.000004,,,,0.000002,,,,,,,,,,,,,,,0.000001,,,,,,0.0,,,,,,,,,,,,,,,,,,,,,,,,,,,,,,,,,,,,,,,,,,,,,,,,,,,,,,,,,,,,,,,,,,,,,,,,
0.019062,0.0,0.0,0.000054,0.000157,0.0,0.019058,0.016667,,,,,,,,,,,,,0.000023,0.000031,,,,,,,,0.00007,0.000036,,0.000029,0.000037,0.000011,,,,0.00001,,,,,,,,,,,,,,,0.000004,,,,,,0.0,,,,,,,,,,,,,,,,,,,,,,,,,,,,,,,,,,,,,,,,,,,,,,,,,,,,,,,,,,,,,,,,,,,,,,,,
0.000989,0.000003,0.000044,0.000002,0.000096,0.000216,0.00077,0.016667,0.0,0.0,0.0,0.0,0.0,0.000003,0.000001,0.000001,0.000025,0.000015,0.000001,0.000001,0.0,0.000002,,,,,0.000019,,,0.000032,0.000018,,0.000015,0.000019,0.000007,,,,0.000005,,,,,,,,,,,,,,,0.000002,,,,,,0.0,,,,,,,,,,,,,,,,,,,,,,,,,,,,,,,,,,,,,,,,,,,,,,,,,,,,,,,,,,,,,,,,,,,,,,,,
0.000411,0.0,0.0,0.0,0.000032,0.0,0.00041,0.016667,,,,,,,,,,,,,0.0,0.0,,,,,,,,0.000011,0.000008,,0.000006,0.000007,0.000004,,,,0.000002,,,,,,,,,,,,,,,0.000001,,,,,,0.0,,,,,,,,,,,,,,,,,,,,,,,,,,,,,,,,,,,,,,,,,,,,,,,,,,,,,,,,,,,,,,,,,,,,,,,,
0.006715,0.000002,0.000093,0.00001,0.000033,0.000084,0.006631,0.016667,0.0,0.0,0.0,0.0,0.0,0.000002,0.000002,0.000001,0.000047,0.000042,0.0,0.000001,0.000002,0.000008,,,,,0.000009,,,0.00001,0.000006,,0.000005,0.000005,0.000003,,,,0.000001,,,,,,,,,,,,,,,0.000001,,,,,,0.0,,,,,,,,,,,,,,,,,,,,,,,,,,,,,,,,,,,,,,,,,,,,,,,,,,,,,,,,,,,,,,,,,,,,,,,,
0.006918,0.0,0.0,0.000085,0.000047,0.0,0.006917,0.016667,,,,,,,,,,,,,0.000065,0.00002,,,,,,,,0.000017,0.000013,,0.000008,0.00001,0.000006,,,,0.000003,,,,,,,,,,,,,,,0.000001,,,,,,0.0,,,,,,,,,,,,,,,,,,,,,,,,,,,,,,,,,,,,,,,,,,,,,,,,,,,,,,,,,,,,,,,,,,,,,,,,
0.016325,0.000003,0.000044,0.000042,0.000105,0.000144,0.016179,0.016667,0.0,0.0,0.0,0.0,0.0,0.000003,0.000002,0.0,0.000025,0.000016,0.0,0.000001,0.000018,0.000024,,,,,0.000017,,,0.000025,0.000027,,0.000012,0.000015,0.000008,,,,0.000016,,,,,,,,,,,,,,,0.000002,,,,,,0.0,,,,,,,,,,,,,,,,,,,,,,,,,,,,,,,,,,,,,,,,,,,,,,,,,,,,,,,,,,,,,,,,,,,,,,,,
0.000665,0.0,0.0,0.000001,0.00007,0.0,0.000663,0.016667,,,,,,,,,,,,,0.0,0.000001,,,,,,,,0.000029,0.000018,,0.000012,0.000015,0.000007,,,,0.000005,,,,,,,,,,,,,,,0.000002,,,,,,0.0,,,,,,,,,,,,,,,,,,,,,,,,,,,,,,,,,,,,,,,,,,,,,,,,,,,,,,,,,,,,,,,,,,,,,,,,
0.003582,0.000002,0.000053,0.000059,0.000045,0.000145,0.003436,0.016667,0.0,0.0,0.0,0.0,0.0,0.000002,0.000003,0.0,0.000035,0.000014,0.0,0.000001,0.000054,0.000005,,,,,0.000011,,,0.000013,0.000009,,0.000007,0.000008,0.000003,,,,0.000002,,,,,,,,,,,,,,,0.000001,,,,,,0.0,,,,,,,,,,,,,,,,,,,,,,,,,,,,,,,,,,,,,,,,,,,,,,,,,,,,,,,,,,,,,,,,,,,,,,,,
0.007473,0.0,0.0,0.000054,0.000057,0.0,0.007471,0.016667,,,,,,,,,,,,,0.000029,0.000025,,,,,,,,0.000023,0.000014,,0.000009,0.000016,0.000006,,,,0.000004,,,,,,,,,,,,,,,0.000002,,,,,,0.0,,,,,,,,,,,,,,,,,,,,,,,,,,,,,,,,,,,,,,,,,,,,,,,,,,,,,,,,,,,,,,,,,,,,,,,,
0.006501,0.0,0.0,0.000008,0.000055,0.0,0.006499,0.016667,,,,,,,,,,,,,0.0,0.000008,,,,,,,,0.000023,0.000013,,0.000011,0.000012,0.000005,,,,0.000004,,,,,,,,,,,,,,,0.000001,,,,,,0.0,,,,,,,,,,,,,,,,,,,,,,,,,,,,,,,,,,,,,,,,,,,,,,,,,,,,,,,,,,,,,,,,,,,,,,,,
0.015198,0.000002,0.000084,0.000096,0.00008,0.000167,0.015028,0.016667,0.0,0.0,0.0,0.0,0.0,0.000002,0.000002,0.000001,0.000043,0.000036,0.0,0.000002,0.000066,0.00003,,,,,0.000016,,,0.000025,0.000016,,0.000012,0.000014,0.000007,,,,0.000005,,,,,,,,,,,,,,,0.000002,,,,,,0.0,,,,,,,,,,,,,,,,,,,,,,,,,,,,,,,,,,,,,,,,,,,,,,,,,,,,,,,,,,,,,,,,,,,,,,,,
0.000618,0.0,0.0,0.000002,0.000079,0.0,0.000615,0.016667,,,,,,,,,,,,,0.0,0.000002,,,,,,,,0.000036,0.000016,,0.000016,0.000019,0.000005,,,,0.000006,,,,,,,,,,,,,,,0.000002,,,,,,0.0,,,,,,,,,,,,,,,,,,,,,,,,,,,,,,,,,,,,,,,,,,,,,,,,,,,,,,,,,,,,,,,,,,,,,,,,
0.004308,0.000002,0.000083,0.000003,0.000077,0.000145,0.004162,0.016667,0.0,0.0,0.0,0.0,0.0,0.000002,0.000002,0.0,0.000054,0.000025,0.000001,0.000001,0.0,0.000003,,,,,0.000012,,,0.000026,0.000015,,0.000014,0.000015,0.000007,,,,0.000004,,,,,,,,,,,,,,,0.000002,,,,,,0.0,,,,,,,,,,,,,,,,,,,,,,,,,,,,,,,,,,,,,,,,,,,,,,,,,,,,,,,,,,,,,,,,,,,,,,,,
0.007189,0.0,0.0,0.000148,0.000046,0.0,0.007188,0.016667,,,,,,,,,,,,,0.000125,0.000023,,,,,,,,0.000019,0.000011,,0.000008,0.00001,0.000005,,,,0.000003,,,,,,,,,,,,,,,0.000001,,,,,,0.0,,,,,,,,,,,,,,,,,,,,,,,,,,,,,,,,,,,,,,,,,,,,,,,,,,,,,,,,,,,,,,,,,,,,,,,,
0.01515,0.000003,0.00008,0.000042,0.000069,0.000162,0.014985,0.016667,0.0,0.0,0.0,0.0,0.0,0.000003,0.000002,0.000001,0.000044,0.000031,0.0,0.000002,0.000012,0.00003,,,,,0.000016,,,0.000022,0.000014,,0.00001,0.000012,0.000005,,,,0.000003,,,,,,,,,,,,,,,0.000001,,,,,,0.0,,,,,,,,,,,,,,,,,,,,,,,,,,,,,,,,,,,,,,,,,,,,,,,,,,,,,,,,,,,,,,,,,,,,,,,,
0.001109,0.0,0.0,0.0,0.000069,0.0,0.001106,0.016667,,,,,,,,,,,,,0.0,0.0,,,,,,,,0.000034,0.000015,,0.000011,0.000022,0.000005,,,,0.000004,,,,,,,,,,,,,,,0.000002,,,,,,0.0,,,,,,,,,,,,,,,,,,,,,,,,,,,,,,,,,,,,,,,,,,,,,,,,,,,,,,,,,,,,,,,,,,,,,,,,
0.004258,0.0,0.0,0.00007,0.000042,0.0,0.004257,0.016667,,,,,,,,,,,,,0.000061,0.000009,,,,,,,,0.000017,0.00001,,0.000008,0.000009,0.000004,,,,0.000003,,,,,,,,,,,,,,,0.000001,,,,,,0.0,,,,,,,,,,,,,,,,,,,,,,,,,,,,,,,,,,,,,,,,,,,,,,,,,,,,,,,,,,,,,,,,,,,,,,,,
0.00695,0.000006,0.000072,0.00003,0.000079,0.000181,0.006767,0.016667,0.0,0.0,0.0,0.0,0.0,0.000006,0.000002,0.0,0.000036,0.000033,0.0,0.000001,0.000017,0.000013,,,,,0.000016,,,0.000025,0.000015,,0.000012,0.000015,0.000007,,,,0.000004,,,,,,,,,,,,,,,0.000002,,,,,,0.000001,,,,,,,,,,,,,,,,,,,,,,,,,,,,,,,,,,,,,,,,,,,,,,,,,,,,,,,,,,,,,,,,,,,,,,,,
0.006931,0.0,0.0,0.000004,0.000057,0.0,0.006929,0.016667,,,,,,,,,,,,,0.0,0.000004,,,,,,,,0.000024,0.000014,,0.00001,0.000013,0.000005,,,,0.000004,,,,,,,,,,,,,,,0.000001,,,,,,0.0,,,,,,,,,,,,,,,,,,,,,,,,,,,,,,,,,,,,,,,,,,,,,,,,,,,,,,,,,,,,,,,,,,,,,,,,
0.014582,0.000003,0.000074,0.000131,0.000068,0.000134,0.014445,0.016667,0.0,0.0,0.0,0.0,0.0,0.000003,0.000003,0.0,0.000045,0.000024,0.0,0.000002,0.000105,0.000026,,,,,0.000014,,,0.000023,0.000012,,0.000011,0.000014,0.000005,,,,0.000003,,,,,,,,,,,,,,,0.000001,,,,,,0.0,,,,,,,,,,,,,,,,,,,,,,,,,,,,,,,,,,,,,,,,,,,,,,,,,,,,,,,,,,,,,,,,,,,,,,,,
0.004204,0.0,0.0,0.000004,0.000054,0.0,0.004202,0.016667,,,,,,,,,,,,,0.0,0.000004,,,,,,,,0.000024,0.000013,,0.00001,0.000012,0.000004,,,,0.000004,,,,,,,,,,,,,,,0.000002,,,,,,0.0,,,,,,,,,,,,,,,,,,,,,,,,,,,,,,,,,,,,,,,,,,,,,,,,,,,,,,,,,,,,,,,,,,,,,,,,
0.001678,0.000003,0.000065,0.000001,0.000051,0.000119,0.001558,0.016667,0.0,0.0,0.0,0.0,0.0,0.000003,0.000002,0.000001,0.000042,0.000018,0.0,0.000002,0.0,0.000001,,,,,0.000011,,,0.000014,0.000009,,0.000008,0.000008,0.000007,,,,0.000002,,,,,,,,,,,,,,,0.000001,,,,,,0.0,,,,,,,,,,,,,,,,,,,,,,,,,,,,,,,,,,,,,,,,,,,,,,,,,,,,,,,,,,,,,,,,,,,,,,,,
0.006856,0.0,0.0,0.000051,0.000056,0.0,0.006855,0.016667,,,,,,,,,,,,,0.000024,0.000027,,,,,,,,0.000022,0.000014,,0.000011,0.000013,0.000004,,,,0.000004,,,,,,,,,,,,,,,0.000002,,,,,,0.0,,,,,,,,,,,,,,,,,,,,,,,,,,,,,,,,,,,,,,,,,,,,,,,,,,,,,,,,,,,,,,,,,,,,,,,,
0.006927,0.0,0.0,0.000077,0.000595,0.0,0.006924,0.016667,,,,,,,,,,,,,0.000062,0.000015,,,,,,,,0.000028,0.000019,,0.000015,0.000018,0.000007,,,,0.000004,,,,0.000007,,,,,,,0.000004,,,,0.000392,,,,,,0.0,,,,,,,0.000125,0.000003,0.000001,0.0,0.0,,,,,,,,,,,,,,,,,,,,,,,,,,,,,,,,,,,,,,,,,,,,,,,,,,,,,,,,,,,,,
0.014261,0.000006,0.000079,0.000047,0.000114,0.000229,0.014028,0.016667,0.0,0.0,0.0,0.0,0.0,0.000006,0.000001,0.000001,0.000039,0.000015,0.0,0.000023,0.000025,0.000022,,,,,0.000015,,,0.000023,0.000017,,0.000016,0.000013,0.000017,,,,0.000014,,,,,,,,,,,,,,,0.000014,,,,,,0.0,,,,,,,,,,,,,,,,,,,,,,,,,,,,,,,,,,,,,,,,,,,,,,,,,,,,,,,,,,,,,,,,,,,,,,,,
0.004253,0.0,0.0,0.000017,0.000094,0.0,0.00425,0.016667,,,,,,,,,,,,,0.000003,0.000014,,,,,,,,0.000026,0.000016,,0.000013,0.000015,0.000008,,,,0.000009,,,,,,,,,,,,,,,0.000023,,,,,,0.0,,,,,,,,,,,,,,,,,,,,,,,,,,,,,,,,,,,,,,,,,,,,,,,,,,,,,,,,,,,,,,,,,,,,,,,,
0.001718,0.000003,0.000088,0.000002,0.000094,0.000186,0.001529,0.016667,0.0,0.0,0.0,0.0,0.0,0.000003,0.000003,0.000001,0.000032,0.000016,0.0,0.000036,0.0,0.000002,,,,,0.000016,,,0.000024,0.000013,,0.000012,0.000015,0.000005,,,,0.000007,,,,,,,,,,,,,,,0.000012,,,,,,0.0,,,,,,0.000006,,,,,,,,,,,,,,,,,,,,,,,,,,,,,,,,,,,,,,,,,,,,,,,,,,,,,,,,,,,,,,,,,,
0.007236,0.0,0.0,0.000083,0.000078,0.0,0.007234,0.016667,,,,,,,,,,,,,0.000066,0.000017,,,,,,,,0.000023,0.000015,,0.000013,0.000013,0.000007,,,,0.000009,,,,,,,,,,,,,,,0.000013,,,,,,0.0,,,,,,,,,,,,,,,,,,,,,,,,,,,,,,,,,,,,,,,,,,,,,,,,,,,,,,,,,,,,,,,,,,,,,,,,
0.006633,0.0,0.0,0.000006,0.00007,0.0,0.00663,0.016667,,,,,,,,,,,,,0.0,0.000006,,,,,,,,0.000024,0.000013,,0.000011,0.000013,0.000004,,,,0.000007,,,,,,,,,,,,,,,0.000012,,,,,,0.0,,,,,,,,,,,,,,,,,,,,,,,,,,,,,,,,,,,,,,,,,,,,,,,,,,,,,,,,,,,,,,,,,,,,,,,,
0.014733,0.000003,0.000063,0.000182,0.000096,0.000169,0.014561,0.016667,0.0,0.0,0.0,0.0,0.0,0.000003,0.000002,0.000001,0.000042,0.000016,0.0,0.000002,0.000155,0.000027,,,,,0.000019,,,0.000026,0.000014,,0.000013,0.000014,0.000005,,,,0.000008,,,,,,,,,,,,,,,0.000013,,,,,,0.0,,,,,,,,,,,,,,,,,,,,,,,,,,,,,,,,,,,,,,,,,,,,,,,,,,,,,,,,,,,,,,,,,,,,,,,,
0.00062,0.0,0.0,0.000002,0.000074,0.0,0.000618,0.016667,,,,,,,,,,,,,0.0,0.000002,,,,,,,,0.000024,0.000015,,0.000012,0.000013,0.000004,,,,0.000007,,,,,,,,,,,,,,,0.000013,,,,,,0.0,,,,,,,,,,,,,,,,,,,,,,,,,,,,,,,,,,,,,,,,,,,,,,,,,,,,,,,,,,,,,,,,,,,,,,,,
0.00576,0.000002,0.000063,0.000008,0.000047,0.000134,0.005625,0.016667,0.0,0.0,0.0,0.0,0.0,0.000002,0.000002,0.000001,0.000036,0.000022,0.000001,0.000001,0.0,0.000008,,,,,0.00001,,,0.000011,0.000007,,0.000006,0.000007,0.000003,,,,0.000003,,,,,,,,,,,,,,,0.000006,,,,,,0.000001,,,,,,,,,,,,,,,,,,,,,,,,,,,,,,,,,,,,,,,,,,,,,,,,,,,,,,,,,,,,,,,,,,,,,,,,
0.006529,0.0,0.0,0.000025,0.000074,0.0,0.006527,0.016667,,,,,,,,,,,,,0.000016,0.000009,,,,,,,,0.000021,0.000015,,0.000012,0.000013,0.000007,,,,0.000007,,,,,,,,,,,,,,,0.000013,,,,,,0.0,,,,,,,,,,,,,,,,,,,,,,,,,,,,,,,,,,,,,,,,,,,,,,,,,,,,,,,,,,,,,,,,,,,,,,,,
0.007913,0.0,0.0,0.0001,0.000061,0.0,0.007911,0.016667,,,,,,,,,,,,,0.000084,0.000016,,,,,,,,0.000021,0.000012,,0.000009,0.000011,0.000004,,,,0.000006,,,,,,,,,,,,,,,0.000011,,,,,,0.0,,,,,,,,,,,,,,,,,,,,,,,,,,,,,,,,,,,,,,,,,,,,,,,,,,,,,,,,,,,,,,,,,,,,,,,,
0.013132,0.000002,0.000074,0.00004,0.000081,0.000147,0.012983,0.016667,0.0,0.0,0.0,0.0,0.0,0.000002,0.000001,0.000001,0.000041,0.000029,0.000001,0.000001,0.00002,0.00002,,,,,0.000016,,,0.00002,0.000014,,0.000011,0.000012,0.000005,,,,0.000006,,,,,,,,,,,,,,,0.00001,,,,,,0.0,,,,,,,,,,,,,,,,,,,,,,,,,,,,,,,,,,,,,,,,,,,,,,,,,,,,,,,,,,,,,,,,,,,,,,,,
0.000612,0.0,0.0,0.0,0.00009,0.0,0.000609,0.016667,,,,,,,,,,,,,0.0,0.0,,,,,,,,0.000029,0.000018,,0.000014,0.000016,0.000007,,,,0.000009,,,,,,,,,,,,,,,0.000015,,,,,,0.0,,,,,,,,,,,,,,,,,,,,,,,,,,,,,,,,,,,,,,,,,,,,,,,,,,,,,,,,,,,,,,,,,,,,,,,,
0.006088,0.000002,0.00006,0.000072,0.000045,0.000142,0.005944,0.016667,0.0,0.0,0.0,0.0,0.0,0.000002,0.000002,0.0,0.00003,0.000027,0.0,0.000001,0.000063,0.000009,,,,,0.000009,,,0.000011,0.000006,,0.000006,0.000006,0.000004,,,,0.000005,,,,,,,,,,,,,,,0.000006,,,,,,0.0,,,,,,,,,,,,,,,,,,,,,,,,,,,,,,,,,,,,,,,,,,,,,,,,,,,,,,,,,,,,,,,,,,,,,,,,
0.006644,0.0,0.0,0.000035,0.000059,0.0,0.006643,0.016667,,,,,,,,,,,,,0.000023,0.000012,,,,,,,,0.000017,0.00001,,0.00001,0.000009,0.000005,,,,0.000008,,,,,,,,,,,,,,,0.000011,,,,,,0.0,,,,,,,,,,,,,,,,,,,,,,,,,,,,,,,,,,,,,,,,,,,,,,,,,,,,,,,,,,,,,,,,,,,,,,,,
0.019881,0.0,0.0,0.000202,0.000063,0.0,0.01988,0.016667,,,,,,,,,,,,,0.00017,0.000032,,,,,,,,0.000021,0.000011,,0.00001,0.000011,0.000005,,,,0.000006,,,,,,,,,,,,,,,0.000011,,,,,,0.000001,,,,,,,,,,,,,,,,,,,,,,,,,,,,,,,,,,,,,,,,,,,,,,,,,,,,,,,,,,,,,,,,,,,,,,,,
0.000995,0.000005,0.000084,0.0,0.000106,0.000177,0.000816,0.016667,0.0,0.0,0.0,0.0,0.0,0.000005,0.000002,0.000001,0.000057,0.000023,0.0,0.000001,0.0,0.0,,,,,0.000017,,,0.000027,0.000015,,0.000014,0.000016,0.000006,,,,0.000009,,,,0.000005,,,,,,,0.000002,,,,0.000013,,,,,,0.0,,,,,,,,,,,,,,,,,,,,,,,,,,,,,,,,,,,,,,,,,,,,,,,,,,,,,,,,,,,,,,,,,,,,,,,,
0.000467,0.0,0.0,0.000001,0.000061,0.0,0.000466,0.016667,,,,,,,,,,,,,0.0,0.000001,,,,,,,,0.000016,0.000012,,0.000009,0.00001,0.000006,,,,0.000007,,,,,,,,,,,,,,,0.000011,,,,,,0.0,,,,,,,,,,,,,,,,,,,,,,,,,,,,,,,,,,,,,,,,,,,,,,,,,,,,,,,,,,,,,,,,,,,,,,,,
0.012667,0.000002,0.000089,0.000129,0.000042,0.000098,0.012568,0.016667,0.0,0.0,0.0,0.0,0.0,0.000002,0.000002,0.000001,0.000035,0.00005,0.0,0.000001,0.000103,0.000026,,,,,0.000007,,,0.00001,0.000007,,0.000004,0.000007,0.000004,,,,0.000004,,,,,,,,,,,,,,,0.000006,,,,,,0.0,,,,,,,,,,,,,,,,,,,,,,,,,,,,,,,,,,,,,,,,,,,,,,,,,,,,,,,,,,,,,,,,,,,,,,,,
0.014936,0.0,0.0,0.000174,0.000105,0.0,0.014933,0.016667,,,,,,,,,,,,,0.000148,0.000026,,,,,,,,0.000034,0.00002,,0.000016,0.000018,0.000007,,,,0.00001,,,,,,,,,,,,,,,0.00002,,,,,,0.0,,,,,,,,,,,,,,,,,,,,,,,,,,,,,,,,,,,,,,,,,,,,,,,,,,,,,,,,,,,,,,,,,,,,,,,,
0.004386,0.000002,0.000058,0.000003,0.000103,0.000155,0.004229,0.016667,0.0,0.0,0.0,0.0,0.0,0.000002,0.000001,0.0,0.000025,0.000031,0.0,0.000001,0.0,0.000003,,,,,0.000015,,,0.00003,0.000017,,0.000014,0.000017,0.000007,,,,0.000009,,,,,,,,,,,,,,,0.000013,,,,,,0.000001,,,,,,,,,,,,,,,,,,,,,,,,,,,,,,,,,,,,,,,,,,,,,,,,,,,,,,,,,,,,,,,,,,,,,,,,
0.001263,0.0,0.0,0.000002,0.000054,0.0,0.001262,0.016667,,,,,,,,,,,,,0.0,0.000002,,,,,,,,0.000015,0.000012,,0.000008,0.000009,0.000005,,,,0.000006,,,,,,,,,,,,,,,0.000009,,,,,,0.0,,,,,,,,,,,,,,,,,,,,,,,,,,,,,,,,,,,,,,,,,,,,,,,,,,,,,,,,,,,,,,,,,,,,,,,,
0.006884,0.0,0.0,0.000179,0.000047,0.0,0.006883,0.016667,,,,,,,,,,,,,0.000155,0.000024,,,,,,,,0.00001,0.000017,,0.000005,0.000006,0.000004,,,,0.000005,,,,,,,,,,,,,,,0.000006,,,,,,0.0,,,,,,,,,,,,,,,,,,,,,,,,,,,,,,,,,,,,,,,,,,,,,,,,,,,,,,,,,,,,,,,,,,,,,,,,
0.007109,0.000002,0.000073,0.000033,0.000106,0.000166,0.006941,0.016667,0.0,0.0,0.0,0.0,0.0,0.000002,0.000002,0.0,0.000038,0.00003,0.000001,0.000002,0.000021,0.000012,,,,,0.000015,,,0.000032,0.000017,,0.000014,0.000021,0.000007,,,,0.000009,,,,,,,,,,,,,,,0.000013,,,,,,0.0,,,,,,,,,,,,,,,,,,,,,,,,,,,,,,,,,,,,,,,,,,,,,,,,,,,,,,,,,,,,,,,,,,,,,,,,
0.01428,0.0,0.0,0.000029,0.000081,0.0,0.014277,0.016667,,,,,,,,,,,,,0.000005,0.000024,,,,,,,,0.000029,0.000013,,0.000013,0.000015,0.000006,,,,0.000008,,,,,,,,,,,,,,,0.000014,,,,,,0.000001,,,,,,,,,,,,,,,,,,,,,,,,,,,,,,,,,,,,,,,,,,,,,,,,,,,,,,,,,,,,,,,,,,,,,,,,
0.003383,0.000002,0.000086,0.000003,0.000102,0.00016,0.003221,0.016667,0.0,0.0,0.0,0.0,0.0,0.000002,0.000002,0.0,0.000046,0.000035,0.000001,0.000002,0.0,0.000003,,,,,0.000015,,,0.000029,0.000018,,0.000014,0.000016,0.000007,,,,0.000009,,,,,,,,,,,,,,,0.000013,,,,,,0.0,,,,,,,,,,,,,,,,,,,,,,,,,,,,,,,,,,,,,,,,,,,,,,,,,,,,,,,,,,,,,,,,,,,,,,,,
0.002675,0.0,0.0,0.000117,0.000065,0.0,0.002674,0.016667,,,,,,,,,,,,,0.000108,0.000009,,,,,,,,0.000019,0.000013,,0.00001,0.000011,0.000006,,,,0.000007,,,,,,,,,,,,,,,0.000011,,,,,,0.0,,,,,,,,,,,,,,,,,,,,,,,,,,,,,,,,,,,,,,,,,,,,,,,,,,,,,,,,,,,,,,,,,,,,,,,,
0.007131,0.0,0.0,0.000006,0.00006,0.0,0.00713,0.016667,,,,,,,,,,,,,0.0,0.000006,,,,,,,,0.00002,0.000011,,0.00001,0.000011,0.000004,,,,0.000006,,,,,,,,,,,,,,,0.00001,,,,,,0.0,,,,,,,,,,,,,,,,,,,,,,,,,,,,,,,,,,,,,,,,,,,,,,,,,,,,,,,,,,,,,,,,,,,,,,,,
0.00687,0.000002,0.000078,0.000035,0.000111,0.000185,0.006683,0.016667,0.0,0.0,0.0,0.0,0.0,0.000002,0.000002,0.0,0.000048,0.000026,0.000001,0.000001,0.000022,0.000013,,,,,0.000017,,,0.000022,0.000045,,0.000009,0.00001,0.000005,,,,0.000006,,,,,,,,,,,,,,,0.000008,,,,,,0.0,,,,,,,,,,,,,,,,,,,,,,,,,,,,,,,,,,,,,,,,,,,,,,,,,,,,,,,,,,,,,,,,,,,,,,,,
0.015213,0.0,0.0,0.000118,0.000098,0.0,0.015209,0.016667,,,,,,,,,,,,,0.000082,0.000036,,,,,,,,0.000032,0.000018,,0.000016,0.000017,0.000007,,,,0.000011,,,,,,,,,,,,,,,0.000016,,,,,,0.0,,,,,,,,,,,,,,,,,,,,,,,,,,,,,,,,,,,,,,,,,,,,,,,,,,,,,,,,,,,,,,,,,,,,,,,,
0.001223,0.000002,0.000094,0.0,0.000083,0.000126,0.001095,0.016667,0.0,0.0,0.0,0.0,0.0,0.000002,0.000002,0.000001,0.000056,0.000034,0.0,0.000001,0.0,0.0,,,,,0.000015,,,0.000023,0.000012,,0.000014,0.000013,0.000005,,,,0.000007,,,,,,,,,,,,,,,0.000009,,,,,,0.0,,,,,,,,,,,,,,,,,,,,,,,,,,,,,,,,,,,,,,,,,,,,,,,,,,,,,,,,,,,,,,,,,,,,,,,,
0.003865,0.0,0.0,0.000003,0.000054,0.0,0.003864,0.016667,,,,,,,,,,,,,0.0,0.000003,,,,,,,,0.000014,0.000012,,0.000008,0.000008,0.000004,,,,0.000005,,,,,,,,,,,,,,,0.000012,,,,,,0.0,,,,,,,,,,,,,,,,,,,,,,,,,,,,,,,,,,,,,,,,,,,,,,,,,,,,,,,,,,,,,,,,,,,,,,,,
0.007048,0.0,0.0,0.00007,0.000065,0.0,0.007047,0.016667,,,,,,,,,,,,,0.000063,0.000007,,,,,,,,0.000019,0.000012,,0.00001,0.000011,0.000006,,,,0.000007,,,,,,,,,,,,,,,0.000011,,,,,,0.000001,,,,,,,,,,,,,,,,,,,,,,,,,,,,,,,,,,,,,,,,,,,,,,,,,,,,,,,,,,,,,,,,,,,,,,,,
0.007003,0.000003,0.000048,0.000089,0.000092,0.000195,0.006807,0.016667,0.0,0.0,0.0,0.0,0.0,0.000003,0.000002,0.000001,0.000031,0.000012,0.000001,0.000001,0.00007,0.000019,,,,,0.000016,,,0.00002,0.000022,,0.00001,0.000011,0.000005,,,,0.000007,,,,,,,,,,,,,,,0.000012,,,,,,0.000001,,,,,,,,,,,,,,,,,,,,,,,,,,,,,,,,,,,,,,,,,,,,,,,,,,,,,,,,,,,,,,,,,,,,,,,,
0.015633,0.0,0.0,0.000046,0.000074,0.0,0.015632,0.016667,,,,,,,,,,,,,0.000025,0.000021,,,,,,,,0.000025,0.000014,,0.000011,0.000014,0.000005,,,,0.000007,,,,,,,,,,,,,,,0.000013,,,,,,0.0,,,,,,,,,,,,,,,,,,,,,,,,,,,,,,,,,,,,,,,,,,,,,,,,,,,,,,,,,,,,,,,,,,,,,,,,
0.000956,0.000003,0.000082,0.0,0.000133,0.000204,0.000749,0.016667,0.0,0.0,0.0,0.0,0.0,0.000003,0.000002,0.000001,0.000045,0.000031,0.000001,0.000002,0.0,0.0,,,,,0.000025,,,0.000034,0.000023,,0.000018,0.00002,0.000008,,,,0.000012,,,,,,,,,,,,,,,0.000016,,,,,,0.0,,,,,,,,,,,,,,,,,,,,,,,,,,,,,,,,,,,,,,,,,,,,,,,,,,,,,,,,,,,,,,,,,,,,,,,,
0.003799,0.0,0.0,0.000101,0.000049,0.0,0.003798,0.016667,,,,,,,,,,,,,0.000091,0.00001,,,,,,,,0.000014,0.00001,,0.000007,0.000008,0.000005,,,,0.000005,,,,,,,,,,,,,,,0.000009,,,,,,0.0,,,,,,,,,,,,,,,,,,,,,,,,,,,,,,,,,,,,,,,,,,,,,,,,,,,,,,,,,,,,,,,,,,,,,,,,
0.006899,0.000001,0.000085,0.000004,0.000058,0.000139,0.006758,0.016667,0.0,0.0,0.0,0.0,0.0,0.000001,0.000003,0.000001,0.000048,0.000031,0.000001,0.000001,0.0,0.000004,,,,,0.000013,,,0.000014,0.000011,,0.000007,0.000008,0.000003,,,,0.000005,,,,,,,,,,,,,,,0.000007,,,,,,0.0,,,,,,,,,,,,,,,,,,,,,,,,,,,,,,,,,,,,,,,,,,,,,,,,,,,,,,,,,,,,,,,,,,,,,,,,
0.020553,0.0,0.0,0.000157,0.000068,0.0,0.020551,0.016667,,,,,,,,,,,,,0.000121,0.000036,,,,,,,,0.000022,0.000012,,0.000012,0.000013,0.000006,,,,0.000006,,,,,,,,,,,,,,,0.000012,,,,,,0.0,,,,,,,,,,,,,,,,,,,,,,,,,,,,,,,,,,,,,,,,,,,,,,,,,,,,,,,,,,,,,,,,,,,,,,,,
0.000929,0.000003,0.000076,0.0,0.000089,0.00019,0.000736,0.016667,0.0,0.0,0.0,0.0,0.0,0.000003,0.000002,0.0,0.000041,0.00003,0.000001,0.000002,0.0,0.0,,,,,0.000022,,,0.000025,0.000013,,0.000011,0.000014,0.000004,,,,0.000006,,,,,,,,,,,,,,,0.00001,,,,,,0.0,,,,,,,,,,,,,,,,,,,,,,,,,,,,,,,,,,,,,,,,,,,,,,,,,,,,,,,,,,,,,,,,,,,,,,,,
0.000551,0.0,0.0,0.000024,0.000083,0.0,0.00055,0.016667,,,,,,,,,,,,,0.000017,0.000007,,,,,,,,0.000051,0.000009,,0.000008,0.000008,0.000004,,,,0.000005,,,,,,,,,,,,,,,0.000008,,,,,,0.0,,,,,,,,,,,,,,,,,,,,,,,,,,,,,,,,,,,,,,,,,,,,,,,,,,,,,,,,,,,,,,,,,,,,,,,,
0.012222,0.0,0.0,0.000109,0.000044,0.0,0.01222,0.016667,,,,,,,,,,,,,0.000094,0.000015,,,,,,,,0.000013,0.000008,,0.000008,0.000008,0.000004,,,,0.000005,,,,,,,,,,,,,,,0.000007,,,,,,0.0,,,,,,,,,,,,,,,,,,,,,,,,,,,,,,,,,,,,,,,,,,,,,,,,,,,,,,,,,,,,,,,,,,,,,,,,
0.016123,0.000003,0.000076,0.000046,0.000083,0.0002,0.015921,0.016667,0.0,0.0,0.0,0.0,0.0,0.000003,0.000002,0.000001,0.000051,0.000021,0.0,0.000001,0.000018,0.000028,,,,,0.000015,,,0.000024,0.000012,,0.000011,0.000016,0.000004,,,,0.000007,,,,,,,,,,,,,,,0.000011,,,,,,0.0,,,,,,,,,,,,,,,,,,,,,,,,,,,,,,,,,,,,,,,,,,,,,,,,,,,,,,,,,,,,,,,,,,,,,,,,
0.004371,0.000001,0.000063,0.000104,0.000081,0.000136,0.004234,0.016667,0.0,0.0,0.0,0.0,0.0,0.000001,0.000002,0.000001,0.000037,0.000021,0.000001,0.000001,0.000094,0.00001,,,,,0.000015,,,0.000024,0.00001,,0.000012,0.000014,0.000005,,,,0.000007,,,,,,,,,,,,,,,0.00001,,,,,,0.0,,,,,,,,,,,,,,,,,,,,,,,,,,,,,,,,,,,,,,,,,,,,,,,,,,,,,,,,,,,,,,,,,,,,,,,,
0.000515,0.0,0.0,0.0,0.000064,0.0,0.000514,0.016667,,,,,,,,,,,,,0.0,0.0,,,,,,,,0.000018,0.000013,,0.00001,0.00001,0.000006,,,,0.000007,,,,,,,,,,,,,,,0.000012,,,,,,0.0,,,,,,,,,,,,,,,,,,,,,,,,,,,,,,,,,,,,,,,,,,,,,,,,,,,,,,,,,,,,,,,,,,,,,,,,
0.013704,0.000001,0.000061,0.000043,0.000063,0.000126,0.013577,0.016667,0.0,0.0,0.0,0.0,0.0,0.000001,0.000002,0.000001,0.000033,0.000024,0.0,0.000001,0.00002,0.000023,,,,,0.000008,,,0.000015,0.00001,,0.000009,0.000009,0.000006,,,,0.000006,,,,,,,,,,,,,,,0.00001,,,,,,0.0,,,,,,,,,,,,,,,,,,,,,,,,,,,,,,,,,,,,,,,,,,,,,,,,,,,,,,,,,,,,,,,,,,,,,,,,
0.014168,0.0,0.0,0.000128,0.000154,0.0,0.014166,0.016667,,,,,,,,,,,,,0.000087,0.000041,,,,,,,,0.000034,0.000022,,0.000015,0.000019,0.000008,,,,0.000012,,,,,,,,,,,,,,,0.000066,,,,,,0.0,,,,,,,,,,,,,,,,,,,,,,,,,,,,,,,,,,,,,,,,,,,,,,,,,,,,,,,,,,,,,,,,,,,,,,,,
0.00398,0.000002,0.000069,0.000001,0.000104,0.000207,0.00377,0.016667,0.0,0.0,0.0,0.0,0.0,0.000002,0.000002,0.0,0.000053,0.000013,0.0,0.000001,0.0,0.000001,,,,,0.000019,,,0.000028,0.000017,,0.000014,0.000016,0.000007,,,,0.000008,,,,,,,,,,,,,,,0.000013,,,,,,0.0,,,,,,,,,,,,,,,,,,,,,,,,,,,,,,,,,,,,,,,,,,,,,,,,,,,,,,,,,,,,,,,,,,,,,,,,
0.002143,0.0,0.0,0.000001,0.000059,0.0,0.002141,0.016667,,,,,,,,,,,,,0.0,0.000001,,,,,,,,0.000016,0.000013,,0.000008,0.000009,0.000006,,,,0.000005,,,,,,,,,,,,,,,0.000011,,,,,,0.000001,,,,,,,,,,,,,,,,,,,,,,,,,,,,,,,,,,,,,,,,,,,,,,,,,,,,,,,,,,,,,,,,,,,,,,,,
0.00728,0.000002,0.000099,0.000038,0.000077,0.000103,0.007176,0.016667,0.0,0.0,0.0,0.0,0.0,0.000002,0.000002,0.000001,0.000062,0.000032,0.000001,0.000001,0.000016,0.000022,,,,,0.000008,,,0.000021,0.000014,,0.000011,0.000013,0.000006,,,,0.000007,,,,,,,,,,,,,,,0.000011,,,,,,0.0,,,,,,,,,,,,,,,,,,,,,,,,,,,,,,,,,,,,,,,,,,,,,,,,,,,,,,,,,,,,,,,,,,,,,,,,
0.007037,0.0,0.0,0.000087,0.000071,0.0,0.007036,0.016667,,,,,,,,,,,,,0.000074,0.000013,,,,,,,,0.000024,0.000013,,0.000013,0.000012,0.000005,,,,0.000007,,,,,,,,,,,,,,,0.000012,,,,,,0.0,,,,,,,,,,,,,,,,,,,,,,,,,,,,,,,,,,,,,,,,,,,,,,,,,,,,,,,,,,,,,,,,,,,,,,,,
0.013804,0.000004,0.00006,0.000063,0.000096,0.000209,0.013593,0.016667,0.0,0.0,0.0,0.0,0.0,0.000004,0.000001,0.000001,0.000035,0.000018,0.0,0.000005,0.000031,0.000032,,,,,0.000016,,,0.000025,0.000016,,0.000013,0.000014,0.000006,,,,0.000009,,,,,,,,,,,,,,,0.000013,,,,,,0.0,,,,,,,,,,,,,,,,,,,,,,,,,,,,,,,,,,,,,,,,,,,,,,,,,,,,,,,,,,,,,,,,,,,,,,,,
0.002639,0.0,0.0,0.000001,0.000089,0.0,0.002637,0.016667,,,,,,,,,,,,,0.0,0.000001,,,,,,,,0.000029,0.000018,,0.000013,0.000016,0.000007,,,,0.000008,,,,,,,,,,,,,,,0.000016,,,,,,0.0,,,,,,,,,,,,,,,,,,,,,,,,,,,,,,,,,,,,,,,,,,,,,,,,,,,,,,,,,,,,,,,,,,,,,,,,
0.003798,0.000003,0.00006,0.000017,0.000105,0.000208,0.003589,0.016667,0.0,0.0,0.0,0.0,0.0,0.000003,0.000002,0.000001,0.000031,0.000023,0.0,0.000003,0.000009,0.000008,,,,,0.000022,,,0.000024,0.000014,,0.000016,0.000014,0.000007,,,,0.000008,,,,,,,,,,,,,,,0.000015,,,,,,0.000001,,,,,,,,,,,,,,,,,,,,,,,,,,,,,,,,,,,,,,,,,,,,,,,,,,,,,,,,,,,,,,,,,,,,,,,,
0.006991,0.0,0.0,0.000005,0.000058,0.0,0.006989,0.016667,,,,,,,,,,,,,0.0,0.000005,,,,,,,,0.000017,0.00001,,0.000008,0.000009,0.000006,,,,0.000006,,,,,,,,,,,,,,,0.000012,,,,,,0.0,,,,,,,,,,,,,,,,,,,,,,,,,,,,,,,,,,,,,,,,,,,,,,,,,,,,,,,,,,,,,,,,,,,,,,,,
0.008737,0.0,0.0,0.000066,0.000088,0.0,0.008734,0.016667,,,,,,,,,,,,,0.000052,0.000014,,,,,,,,0.00003,0.000016,,0.000014,0.000017,0.000006,,,,0.000008,,,,,,,,,,,,,,,0.000016,,,,,,0.0,,,,,,,,,,,,,,,,,,,,,,,,,,,,,,,,,,,,,,,,,,,,,,,,,,,,,,,,,,,,,,,,,,,,,,,,
0.012819,0.000003,0.000092,0.000116,0.000103,0.000287,0.01253,0.016667,0.0,0.0,0.0,0.0,0.0,0.000003,0.000003,0.000002,0.000055,0.00003,0.0,0.000002,0.000093,0.000023,,,,,0.000016,,,0.000027,0.000018,,0.000014,0.000015,0.000007,,,,0.000009,,,,,,,,,,,,,,,0.000014,,,,,,0.000001,,,,,,,,,,,,,,,,,,,,,,,,,,,,,,,,,,,,,,,,,,,,,,,,,,,,,,,,,,,,,,,,,,,,,,,,
0.00079,0.0,0.0,0.0,0.000082,0.0,0.000786,0.016667,,,,,,,,,,,,,0.0,0.0,,,,,,,,0.000027,0.000014,,0.000014,0.000014,0.000007,,,,0.000008,,,,,,,,,,,,,,,0.000015,,,,,,0.0,,,,,,,,,,,,,,,,,,,,,,,,,,,,,,,,,,,,,,,,,,,,,,,,,,,,,,,,,,,,,,,,,,,,,,,,
0.011944,0.000002,0.00011,0.000039,0.000075,0.000181,0.011762,0.016667,0.0,0.0,0.0,0.0,0.0,0.000002,0.000002,0.0,0.000037,0.000068,0.000001,0.000002,0.000017,0.000022,,,,,0.000014,,,0.00002,0.000012,,0.00001,0.000012,0.000005,,,,0.000006,,,,,,,,,,,,,,,0.00001,,,,,,0.0,,,,,,,,,,,,,,,,,,,,,,,,,,,,,,,,,,,,,,,,,,,,,,,,,,,,,,,,,,,,,,,,,,,,,,,,
0.015725,0.0,0.0,0.000107,0.000089,0.0,0.015722,0.016667,,,,,,,,,,,,,0.000073,0.000034,,,,,,,,0.000029,0.000018,,0.000014,0.000016,0.000006,,,,0.000008,,,,,,,,,,,,,,,0.000015,,,,,,0.0,,,,,,,,,,,,,,,,,,,,,,,,,,,,,,,,,,,,,,,,,,,,,,,,,,,,,,,,,,,,,,,,,,,,,,,,
0.005185,0.000002,0.000105,0.000004,0.0001,0.000197,0.004986,0.016667,0.0,0.0,0.0,0.0,0.0,0.000002,0.000002,0.000001,0.000068,0.000033,0.0,0.000001,0.0,0.000004,,,,,0.000016,,,0.000027,0.000017,,0.000014,0.000015,0.000007,,,,0.000009,,,,,,,,,,,,,,,0.000013,,,,,,0.0,,,,,,,,,,,,,,,,,,,,,,,,,,,,,,,,,,,,,,,,,,,,,,,,,,,,,,,,,,,,,,,,,,,,,,,,
0.000677,0.0,0.0,0.0,0.000066,0.0,0.000675,0.016667,,,,,,,,,,,,,0.0,0.0,,,,,,,,0.000019,0.000013,,0.00001,0.000011,0.000007,,,,0.000007,,,,,,,,,,,,,,,0.000012,,,,,,0.0,,,,,,,,,,,,,,,,,,,,,,,,,,,,,,,,,,,,,,,,,,,,,,,,,,,,,,,,,,,,,,,,,,,,,,,,
0.012488,0.000002,0.000117,0.000073,0.000057,0.000105,0.012382,0.016667,0.0,0.0,0.0,0.0,0.0,0.000002,0.000002,0.000001,0.00005,0.000062,0.000001,0.000001,0.000057,0.000016,,,,,0.000008,,,0.000015,0.000009,,0.000009,0.000009,0.000004,,,,0.000005,,,,,,,,,,,,,,,0.000008,,,,,,0.0,,,,,,,,,,,,,,,,,,,,,,,,,,,,,,,,,,,,,,,,,,,,,,,,,,,,,,,,,,,,,,,,,,,,,,,,
0.019262,0.0,0.0,0.000102,0.000093,0.0,0.01926,0.016667,,,,,,,,,,,,,0.000073,0.000029,,,,,,,,0.000028,0.000017,,0.00002,0.000016,0.000007,,,,0.000008,,,,,,,,,,,,,,,0.000015,,,,,,0.0,,,,,,,,,,,,,,,,,,,,,,,,,,,,,,,,,,,,,,,,,,,,,,,,,,,,,,,,,,,,,,,,,,,,,,,,
0.001149,0.000003,0.000045,0.0,0.000123,0.00023,0.000916,0.016667,0.0,0.0,0.0,0.0,0.0,0.000003,0.000001,0.000001,0.000035,0.000006,0.0,0.000002,0.0,0.0,,,,,0.000019,,,0.000033,0.000023,,0.000018,0.00002,0.000007,,,,0.000011,,,,,,,,,,,,,,,0.000014,,,,,,0.000001,,,,,,,,,,,,,,,,,,,,,,,,,,,,,,,,,,,,,,,,,,,,,,,,,,,,,,,,,,,,,,,,,,,,,,,,
0.000485,0.0,0.0,0.000026,0.000055,0.0,0.000484,0.016667,,,,,,,,,,,,,0.000016,0.00001,,,,,,,,0.000017,0.00001,,0.00001,0.000009,0.000004,,,,0.000007,,,,,,,,,,,,,,,0.000009,,,,,,0.0,,,,,,,,,,,,,,,,,,,,,,,,,,,,,,,,,,,,,,,,,,,,,,,,,,,,,,,,,,,,,,,,,,,,,,,,
0.006751,0.0,0.0,0.000004,0.000039,0.0,0.00675,0.016667,,,,,,,,,,,,,0.0,0.000004,,,,,,,,0.00001,0.000007,,0.000007,0.000006,0.000005,,,,0.000005,,,,,,,,,,,,,,,0.000006,,,,,,0.0,,,,,,,,,,,,,,,,,,,,,,,,,,,,,,,,,,,,,,,,,,,,,,,,,,,,,,,,,,,,,,,,,,,,,,,,
0.007214,0.000002,0.000128,0.000011,0.000079,0.000133,0.00708,0.016667,0.0,0.0,0.0,0.0,0.0,0.000002,0.000002,0.000001,0.000078,0.000045,0.000001,0.000001,0.000002,0.000009,,,,,0.000011,,,0.000022,0.000013,,0.00001,0.000014,0.000006,,,,0.000007,,,,,,,,,,,,,,,0.000011,,,,,,0.0,,,,,,,,,,,,,,,,,,,,,,,,,,,,,,,,,,,,,,,,,,,,,,,,,,,,,,,,,,,,,,,,,,,,,,,,
0.014875,0.0,0.0,0.000049,0.000095,0.0,0.014872,0.016667,,,,,,,,,,,,,0.000017,0.000032,,,,,,,,0.00003,0.000018,,0.000015,0.000016,0.000007,,,,0.000009,,,,,,,,,,,,,,,0.000019,,,,,,0.0,,,,,,,,,,,,,,,,,,,,,,,,,,,,,,,,,,,,,,,,,,,,,,,,,,,,,,,,,,,,,,,,,,,,,,,,
0.004261,0.000002,0.000071,0.00008,0.000078,0.000138,0.004121,0.016667,0.0,0.0,0.0,0.0,0.0,0.000002,0.000001,0.000001,0.000043,0.000025,0.0,0.000001,0.000071,0.000009,,,,,0.000015,,,0.00002,0.000011,,0.000011,0.000011,0.000005,,,,0.000007,,,,,,,,,,,,,,,0.00001,,,,,,0.0,,,,,,,,,,,,,,,,,,,,,,,,,,,,,,,,,,,,,,,,,,,,,,,,,,,,,,,,,,,,,,,,,,,,,,,,
0.00103,0.0,0.0,0.000002,0.000071,0.0,0.001028,0.016667,,,,,,,,,,,,,0.0,0.000002,,,,,,,,0.000021,0.000014,,0.000012,0.000011,0.000006,,,,0.000008,,,,,,,,,,,,,,,0.000012,,,,,,0.0,,,,,,,,,,,,,,,,,,,,,,,,,,,,,,,,,,,,,,,,,,,,,,,,,,,,,,,,,,,,,,,,,,,,,,,,
0.006986,0.000002,0.000072,0.000029,0.000076,0.000189,0.006795,0.016667,0.0,0.0,0.0,0.0,0.0,0.000002,0.000002,0.000001,0.000036,0.00003,0.000001,0.000002,0.000017,0.000012,,,,,0.000011,,,0.000021,0.000012,,0.00001,0.000012,0.000006,,,,0.000006,,,,,,,,,,,,,,,0.000011,,,,,,0.000001,,,,,,,,,,,,,,,,,,,,,,,,,,,,,,,,,,,,,,,,,,,,,,,,,,,,,,,,,,,,,,,,,,,,,,,,
0.007173,0.0,0.0,0.000007,0.000084,0.0,0.007172,0.016667,,,,,,,,,,,,,0.0,0.000007,,,,,,,,0.000021,0.000029,,0.000011,0.000012,0.000005,,,,0.000006,,,,,,,,,,,,,,,0.000013,,,,,,0.0,,,,,,,,,,,,,,,,,,,,,,,,,,,,,,,,,,,,,,,,,,,,,,,,,,,,,,,,,,,,,,,,,,,,,,,,
0.016752,0.000005,0.000123,0.000103,0.000101,0.000154,0.016594,0.016667,0.0,0.0,0.0,0.0,0.0,0.000005,0.000001,0.000001,0.000049,0.00007,0.0,0.000002,0.000071,0.000032,,,,,0.000017,,,0.000026,0.000014,,0.000011,0.000016,0.000005,,,,0.000008,,,,0.000007,,,,,,,0.000003,,,,0.000011,,,,,,0.0,,,,,,,,,,,,,,,,,,,,,,,,,,,,,,,,,,,,,,,,,,,,,,,,,,,,,,,,,,,,,,,,,,,,,,,,
0.000747,0.0,0.0,0.000002,0.000092,0.0,0.000745,0.016667,,,,,,,,,,,,,0.0,0.000002,,,,,,,,0.000031,0.000019,,0.000015,0.000017,0.000007,,,,0.000008,,,,,,,,,,,,,,,0.000015,,,,,,0.0,,,,,,,,,,,,,,,,,,,,,,,,,,,,,,,,,,,,,,,,,,,,,,,,,,,,,,,,,,,,,,,,,,,,,,,,
0.002553,0.000002,0.000065,0.000001,0.000076,0.000153,0.002398,0.016667,0.0,0.0,0.0,0.0,0.0,0.000002,0.000003,0.0,0.000037,0.000022,0.000001,0.000002,0.0,0.000001,,,,,0.000015,,,0.000018,0.000013,,0.00001,0.000013,0.000005,,,,0.000007,,,,,,,,,,,,,,,0.000009,,,,,,0.0,,,,,,,,,,,,,,,,,,,,,,,,,,,,,,,,,,,,,,,,,,,,,,,,,,,,,,,,,,,,,,,,,,,,,,,,
0.007035,0.0,0.0,0.000089,0.000054,0.0,0.007034,0.016667,,,,,,,,,,,,,0.00008,0.000009,,,,,,,,0.000015,0.000012,,0.000007,0.000009,0.000005,,,,0.000006,,,,,,,,,,,,,,,0.00001,,,,,,0.0,,,,,,,,,,,,,,,,,,,,,,,,,,,,,,,,,,,,,,,,,,,,,,,,,,,,,,,,,,,,,,,,,,,,,,,,
0.006383,0.0,0.0,0.000032,0.000056,0.0,0.006382,0.016667,,,,,,,,,,,,,0.000013,0.000019,,,,,,,,0.000014,0.000009,,0.000008,0.000009,0.000005,,,,0.000005,,,,0.000004,,,,,,,0.000001,,,,0.000009,,,,,,0.000001,,,,,,,,,,,,,,,,,,,,,,,,,,,,,,,,,,,,,,,,,,,,,,,,,,,,,,,,,,,,,,,,,,,,,,,,
0.013574,0.000005,0.000075,0.000103,0.000088,0.000128,0.013443,0.016667,0.0,0.0,0.0,0.0,0.0,0.000005,0.000004,0.0,0.000044,0.000025,0.000001,0.000001,0.000082,0.000021,,,,,0.000018,,,0.000022,0.000013,,0.000011,0.000015,0.000005,,,,0.000006,,,,0.000004,,,,,,,0.000001,,,,0.00001,,,,,,0.0,,,,,,,,,,,,,,,,,,,,,,,,,,,,,,,,,,,,,,,,,,,,,,,,,,,,,,,,,,,,,,,,,,,,,,,,
0.001183,0.0,0.0,0.000002,0.000071,0.0,0.001181,0.016667,,,,,,,,,,,,,0.0,0.000002,,,,,,,,0.000026,0.000013,,0.000011,0.000015,0.000004,,,,0.000006,,,,,,,,,,,,,,,0.000012,,,,,,0.0,,,,,,,,,,,,,,,,,,,,,,,,,,,,,,,,,,,,,,,,,,,,,,,,,,,,,,,,,,,,,,,,,,,,,,,,
0.005134,0.000003,0.000058,0.000017,0.000077,0.000143,0.004988,0.016667,0.0,0.0,0.0,0.0,0.0,0.000003,0.000004,0.0,0.000034,0.000018,0.0,0.000002,0.00001,0.000007,,,,,0.000019,,,0.000018,0.000014,,0.000009,0.000011,0.000005,,,,0.000006,,,,,,,,,,,,,,,0.000009,,,,,,0.0,,,,,,,,,,,,,,,,,,,,,,,,,,,,,,,,,,,,,,,,,,,,,,,,,,,,,,,,,,,,,,,,,,,,,,,,
0.006996,0.0,0.0,0.00016,0.000061,0.0,0.006995,0.016667,,,,,,,,,,,,,0.000136,0.000024,,,,,,,,0.000018,0.000011,,0.000009,0.000011,0.000004,,,,0.000006,,,,0.000003,,,,,,,0.000001,,,,0.00001,,,,,,0.0,,,,,,,,,,,,,,,,,,,,,,,,,,,,,,,,,,,,,,,,,,,,,,,,,,,,,,,,,,,,,,,,,,,,,,,,
0.01521,0.000002,0.000056,0.000036,0.000105,0.000178,0.015029,0.016667,0.0,0.0,0.0,0.0,0.0,0.000002,0.000004,0.000001,0.000035,0.000015,0.0,0.000001,0.000013,0.000023,,,,,0.000025,,,0.000025,0.000017,,0.000014,0.000015,0.000006,,,,0.000009,,,,,,,,,,,,,,,0.000014,,,,,,0.0,,,,,,,,,,,,,,,,,,,,,,,,,,,,,,,,,,,,,,,,,,,,,,,,,,,,,,,,,,,,,,,,,,,,,,,,
0.004266,0.0,0.0,0.000093,0.000066,0.0,0.004265,0.016667,,,,,,,,,,,,,0.000081,0.000012,,,,,,,,0.000022,0.000011,,0.000011,0.000013,0.000005,,,,0.000006,,,,,,,,,,,,,,,0.000012,,,,,,0.0,,,,,,,,,,,,,,,,,,,,,,,,,,,,,,,,,,,,,,,,,,,,,,,,,,,,,,,,,,,,,,,,,,,,,,,,
0.000881,0.000002,0.000088,0.000002,0.000097,0.000218,0.000661,0.016667,0.0,0.0,0.0,0.0,0.0,0.000002,0.000003,0.000001,0.000045,0.000037,0.0,0.000002,0.0,0.000002,,,,,0.000019,,,0.000026,0.000015,,0.000013,0.000015,0.000007,,,,0.000009,,,,,,,,,,,,,,,0.000012,,,,,,0.0,,,,,,,,,,,,,,,,,,,,,,,,,,,,,,,,,,,,,,,,,,,,,,,,,,,,,,,,,,,,,,,,,,,,,,,,
0.006608,0.0,0.0,0.000006,0.000039,0.0,0.006607,0.016667,,,,,,,,,,,,,0.0,0.000006,,,,,,,,0.000011,0.000007,,0.000007,0.000007,0.000004,,,,0.000004,,,,,,,,,,,,,,,0.000006,,,,,,0.0,,,,,,,,,,,,,,,,,,,,,,,,,,,,,,,,,,,,,,,,,,,,,,,,,,,,,,,,,,,,,,,,,,,,,,,,
0.00683,0.0,0.0,0.000031,0.000063,0.0,0.006828,0.016667,,,,,,,,,,,,,0.00001,0.000021,,,,,,,,0.000019,0.000013,,0.000009,0.000011,0.000006,,,,0.000007,,,,,,,,,,,,,,,0.000011,,,,,,0.0,,,,,,,,,,,,,,,,,,,,,,,,,,,,,,,,,,,,,,,,,,,,,,,,,,,,,,,,,,,,,,,,,,,,,,,,
0.014688,0.000003,0.000127,0.000112,0.000113,0.000227,0.014459,0.016667,0.0,0.0,0.0,0.0,0.0,0.000003,0.000004,0.000001,0.000067,0.000054,0.0,0.000001,0.000079,0.000033,,,,,0.000022,,,0.000031,0.000018,,0.000014,0.000019,0.000007,,,,0.000009,,,,,,,,,,,,,,,0.000015,,,,,,0.0,,,,,,,,,,,,,,,,,,,,,,,,,,,,,,,,,,,,,,,,,,,,,,,,,,,,,,,,,,,,,,,,,,,,,,,,
0.004311,0.0,0.0,0.000004,0.000074,0.0,0.004309,0.016667,,,,,,,,,,,,,0.0,0.000004,,,,,,,,0.000026,0.000014,,0.000011,0.000015,0.000005,,,,0.000007,,,,,,,,,,,,,,,0.000012,,,,,,0.0,,,,,,,,,,,,,,,,,,,,,,,,,,,,,,,,,,,,,,,,,,,,,,,,,,,,,,,,,,,,,,,,,,,,,,,,
0.001425,0.000002,0.000123,0.000001,0.000086,0.000165,0.001259,0.016667,0.0,0.0,0.0,0.0,0.0,0.000002,0.000005,0.0,0.000062,0.000053,0.000001,0.000002,0.0,0.000001,,,,,0.000017,,,0.000022,0.000013,,0.000012,0.000014,0.000006,,,,0.000007,,,,,,,,,,,,,,,0.000011,,,,,,0.0,,,,,,,,,,,,,,,,,,,,,,,,,,,,,,,,,,,,,,,,,,,,,,,,,,,,,,,,,,,,,,,,,,,,,,,,
0.007801,0.0,0.0,0.000013,0.00004,0.0,0.0078,0.016667,,,,,,,,,,,,,0.000002,0.000011,,,,,,,,0.000012,0.000007,,0.000006,0.000007,0.000004,,,,0.000005,,,,,,,,,,,,,,,0.000007,,,,,,0.0,,,,,,,,,,,,,,,,,,,,,,,,,,,,,,,,,,,,,,,,,,,,,,,,,,,,,,,,,,,,,,,,,,,,,,,,
0.006293,0.0,0.0,0.000026,0.000072,0.0,0.006291,0.016667,,,,,,,,,,,,,0.000015,0.000011,,,,,,,,0.000025,0.000014,,0.000011,0.000014,0.000005,,,,0.000007,,,,,,,,,,,,,,,0.000011,,,,,,0.0,,,,,,,,,,,,,,,,,,,,,,,,,,,,,,,,,,,,,,,,,,,,,,,,,,,,,,,,,,,,,,,,,,,,,,,,
0.013661,0.000004,0.000081,0.00005,0.000087,0.000123,0.013535,0.016667,0.0,0.0,0.0,0.0,0.0,0.000004,0.000005,0.0,0.000043,0.000031,0.0,0.000002,0.000032,0.000018,,,,,0.000016,,,0.000023,0.000013,,0.000012,0.000015,0.000004,,,,0.000006,,,,0.000004,,,,,,,0.000001,,,,0.00001,,,,,,0.0,,,,,,,,,,,,,,,,,,,,,,,,,,,,,,,,,,,,,,,,,,,,,,,,,,,,,,,,,,,,,,,,,,,,,,,,
0.002637,0.0,0.0,0.000002,0.000072,0.0,0.002634,0.016667,,,,,,,,,,,,,0.0,0.000002,,,,,,,,0.000022,0.000013,,0.000011,0.000014,0.000004,,,,0.000007,,,,0.000004,,,,,,,0.000001,,,,0.000012,,,,,,0.0,,,,,,,,,,,,,,,,,,,,,,,,,,,,,,,,,,,,,,,,,,,,,,,,,,,,,,,,,,,,,,,,,,,,,,,,
0.002763,0.000004,0.000058,0.000061,0.000098,0.000155,0.002606,0.016667,0.0,0.0,0.0,0.0,0.0,0.000004,0.000003,0.000001,0.000029,0.000023,0.0,0.000002,0.00005,0.000011,,,,,0.000019,,,0.000025,0.000014,,0.000012,0.000015,0.000006,,,,0.000008,,,,0.000004,,,,,,,0.000002,,,,0.000012,,,,,,0.0,,,,,,,,,,,,,,,,,,,,,,,,,,,,,,,,,,,,,,,,,,,,,,,,,,,,,,,,,,,,,,,,,,,,,,,,
0.006488,0.0,0.0,0.000012,0.000067,0.0,0.006485,0.016667,,,,,,,,,,,,,0.0,0.000012,,,,,,,,0.000018,0.000012,,0.00001,0.000012,0.000005,,,,0.000006,,,,0.000004,,,,,,,0.000001,,,,0.000011,,,,,,0.000001,,,,,,,,,,,,,,,,,,,,,,,,,,,,,,,,,,,,,,,,,,,,,,,,,,,,,,,,,,,,,,,,,,,,,,,,
0.007119,0.0,0.0,0.000079,0.000087,0.0,0.007116,0.016667,,,,,,,,,,,,,0.000065,0.000014,,,,,,,,0.00003,0.000017,,0.000013,0.000016,0.000007,,,,0.000009,,,,,,,,,,,,,,,0.000014,,,,,,0.0,,,,,,,,,,,,,,,,,,,,,,,,,,,,,,,,,,,,,,,,,,,,,,,,,,,,,,,,,,,,,,,,,,,,,,,,
0.013904,0.000004,0.000084,0.000171,0.000096,0.000149,0.013752,0.016667,0.0,0.0,0.0,0.0,0.0,0.000004,0.000005,0.000001,0.000045,0.000031,0.0,0.000002,0.000138,0.000033,,,,,0.000017,,,0.000025,0.000015,,0.000013,0.000015,0.000005,,,,0.000007,,,,0.000004,,,,,,,0.000001,,,,0.000012,,,,,,0.0,,,,,,,,,,,,,,,,,,,,,,,,,,,,,,,,,,,,,,,,,,,,,,,,,,,,,,,,,,,,,,,,,,,,,,,,
0.000908,0.0,0.0,0.000001,0.000091,0.0,0.000906,0.016667,,,,,,,,,,,,,0.0,0.000001,,,,,,,,0.000025,0.000016,,0.000013,0.000017,0.000007,,,,0.000009,,,,0.000005,,,,,,,0.000002,,,,0.000014,,,,,,0.000001,,,,,,,,,,,,,,,,,,,,,,,,,,,,,,,,,,,,,,,,,,,,,,,,,,,,,,,,,,,,,,,,,,,,,,,,
0.004338,0.000002,0.000082,0.000005,0.00006,0.000134,0.004203,0.016667,0.0,0.0,0.0,0.0,0.0,0.000002,0.000003,0.000001,0.000031,0.000045,0.000001,0.000001,0.0,0.000005,,,,,0.000014,,,0.000013,0.000008,,0.000007,0.000009,0.000005,,,,0.000004,,,,,,,,,,,,,,,0.000009,,,,,,0.000001,,,,,,,,,,,,,,,,,,,,,,,,,,,,,,,,,,,,,,,,,,,,,,,,,,,,,,,,,,,,,,,,,,,,,,,,
0.006337,0.0,0.0,0.000028,0.00008,0.0,0.006335,0.016667,,,,,,,,,,,,,0.000011,0.000017,,,,,,,,0.000024,0.000014,,0.000013,0.000015,0.000005,,,,0.000007,,,,0.000004,,,,,,,0.000002,,,,0.000013,,,,,,0.0,,,,,,,,,,,,,,,,,,,,,,,,,,,,,,,,,,,,,,,,,,,,,,,,,,,,,,,,,,,,,,,,,,,,,,,,
0.020499,0.0,0.0,0.000113,0.000067,0.0,0.020498,0.016667,,,,,,,,,,,,,0.000079,0.000034,,,,,,,,0.00002,0.000012,,0.00001,0.000013,0.000005,,,,0.000006,,,,0.000003,,,,,,,0.000001,,,,0.000011,,,,,,0.0,,,,,,,,,,,,,,,,,,,,,,,,,,,,,,,,,,,,,,,,,,,,,,,,,,,,,,,,,,,,,,,,,,,,,,,,
0.000891,0.000004,0.000089,0.000002,0.000136,0.000174,0.000714,0.016667,0.0,0.0,0.0,0.0,0.0,0.000004,0.000003,0.000001,0.000039,0.000043,0.000001,0.000002,0.0,0.000002,,,,,0.000021,,,0.000035,0.000022,,0.000017,0.000022,0.000009,,,,0.000011,,,,0.000005,,,,,,,0.000002,,,,0.000017,,,,,,0.000001,,,,,,,,,,,,,,,,,,,,,,,,,,,,,,,,,,,,,,,,,,,,,,,,,,,,,,,,,,,,,,,,,,,,,,,,
0.000383,0.0,0.0,0.0,0.000034,0.0,0.000382,0.016667,,,,,,,,,,,,,0.0,0.0,,,,,,,,0.00001,0.000007,,0.000005,0.000007,0.000003,,,,0.000003,,,,,,,,,,,,,,,0.000006,,,,,,0.0,,,,,,,,,,,,,,,,,,,,,,,,,,,,,,,,,,,,,,,,,,,,,,,,,,,,,,,,,,,,,,,,,,,,,,,,
0.011347,0.000001,0.000091,0.000096,0.000045,0.000105,0.01124,0.016667,0.0,0.0,0.0,0.0,0.0,0.000001,0.000004,0.000001,0.000061,0.000024,0.000001,0.0,0.000084,0.000012,,,,,0.000007,,,0.00001,0.000008,,0.000005,0.000007,0.000003,,,,0.000003,,,,,,,,,,,,,,,0.00001,,,,,,0.0,,,,,,,,,,,,,,,,,,,,,,,,,,,,,,,,,,,,,,,,,,,,,,,,,,,,,,,,,,,,,,,,,,,,,,,,
0.020983,0.0,0.0,0.000141,0.000068,0.0,0.020981,0.016667,,,,,,,,,,,,,0.000106,0.000035,,,,,,,,0.000019,0.000013,,0.00001,0.000012,0.000005,,,,0.000006,,,,0.000004,,,,,,,0.000001,,,,0.000011,,,,,,0.0,,,,,,,,,,,,,,,,,,,,,,,,,,,,,,,,,,,,,,,,,,,,,,,,,,,,,,,,,,,,,,,,,,,,,,,,
0.000763,0.000004,0.000073,0.000025,0.000109,0.000145,0.000614,0.016667,0.0,0.0,0.0,0.0,0.0,0.000004,0.000002,0.0,0.000029,0.000039,0.000001,0.000002,0.000016,0.000009,,,,,0.000021,,,0.000026,0.000016,,0.000017,0.000015,0.000006,,,,0.000009,,,,0.000005,,,,,,,0.000001,,,,0.000013,,,,,,0.0,,,,,,,,,,,,,,,,,,,,,,,,,,,,,,,,,,,,,,,,,,,,,,,,,,,,,,,,,,,,,,,,,,,,,,,,
0.00044,0.0,0.0,0.0,0.000047,0.0,0.000439,0.016667,,,,,,,,,,,,,0.0,0.0,,,,,,,,0.000014,0.000009,,0.000008,0.000008,0.000004,,,,0.000005,,,,,,,,,,,,,,,0.000008,,,,,,0.0,,,,,,,,,,,,,,,,,,,,,,,,,,,,,,,,,,,,,,,,,,,,,,,,,,,,,,,,,,,,,,,,,,,,,,,,
0.011163,0.0,0.0,0.000025,0.000034,0.0,0.011162,0.016667,,,,,,,,,,,,,0.000013,0.000012,,,,,,,,0.000011,0.000006,,0.000005,0.000006,0.000004,,,,0.000004,,,,,,,,,,,,,,,0.000006,,,,,,0.0,,,,,,,,,,,,,,,,,,,,,,,,,,,,,,,,,,,,,,,,,,,,,,,,,,,,,,,,,,,,,,,,,,,,,,,,
0.021379,0.000004,0.000064,0.000132,0.000112,0.000291,0.021084,0.016667,0.0,0.0,0.0,0.0,0.0,0.000004,0.000005,0.000001,0.000042,0.000013,0.000001,0.000002,0.000079,0.000053,,,,,0.000025,,,0.000026,0.000016,,0.000014,0.000016,0.000007,,,,0.000008,,,,0.000005,,,,,,,0.000002,,,,0.000013,,,,,,0.0,,,,,,,,,,,,,,,,,,,,,,,,,,,,,,,,,,,,,,,,,,,,,,,,,,,,,,,,,,,,,,,,,,,,,,,,
0.000877,0.000004,0.0002,0.000002,0.000102,0.000147,0.000727,0.016667,0.0,0.0,0.0,0.0,0.0,0.000004,0.000006,0.000002,0.000095,0.000095,0.0,0.000002,0.0,0.000002,,,,,0.000017,,,0.000025,0.000015,,0.000015,0.000015,0.000006,,,,0.000009,,,,0.000005,,,,,,,0.000001,,,,0.000012,,,,,,0.0,,,,,,,,,,,,,,,,,,,,,,,,,,,,,,,,,,,,,,,,,,,,,,,,,,,,,,,,,,,,,,,,,,,,,,,,
0.000394,0.0,0.0,0.0,0.000036,0.0,0.000393,0.016667,,,,,,,,,,,,,0.0,0.0,,,,,,,,0.00001,0.000007,,0.000006,0.000007,0.000003,,,,0.000004,,,,,,,,,,,,,,,0.000006,,,,,,0.0,,,,,,,,,,,,,,,,,,,,,,,,,,,,,,,,,,,,,,,,,,,,,,,,,,,,,,,,,,,,,,,,,,,,,,,,
0.011104,0.000002,0.000078,0.000033,0.000062,0.000107,0.010996,0.016667,0.0,0.0,0.0,0.0,0.0,0.000002,0.000003,0.000001,0.000032,0.00004,0.000001,0.000001,0.000015,0.000018,,,,,0.000009,,,0.000017,0.000011,,0.000007,0.000011,0.000006,,,,0.000005,,,,,,,,,,,,,,,0.000008,,,,,,0.0,,,,,,,,,,,,,,,,,,,,,,,,,,,,,,,,,,,,,,,,,,,,,,,,,,,,,,,,,,,,,,,,,,,,,,,,
0.017843,0.0,0.0,0.000156,0.000077,0.0,0.01784,0.016667,,,,,,,,,,,,,0.000116,0.00004,,,,,,,,0.000023,0.000014,,0.000012,0.000016,0.000004,,,,0.000007,,,,0.000004,,,,,,,0.000001,,,,0.000013,,,,,,0.0,,,,,,,,,,,,,,,,,,,,,,,,,,,,,,,,,,,,,,,,,,,,,,,,,,,,,,,,,,,,,,,,,,,,,,,,
0.001058,0.000003,0.000065,0.000003,0.000107,0.000145,0.00091,0.016667,0.0,0.0,0.0,0.0,0.0,0.000003,0.000002,0.000001,0.000032,0.000028,0.000001,0.000001,0.0,0.000003,,,,,0.000016,,,0.000028,0.000017,,0.000014,0.000017,0.000007,,,,0.000009,,,,0.000004,,,,,,,0.000001,,,,0.000014,,,,,,0.0,,,,,,,,,,,,,,,,,,,,,,,,,,,,,,,,,,,,,,,,,,,,,,,,,,,,,,,,,,,,,,,,,,,,,,,,
0.000484,0.0,0.0,0.0,0.000052,0.0,0.000483,0.016667,,,,,,,,,,,,,0.0,0.0,,,,,,,,0.000014,0.000009,,0.000008,0.00001,0.000004,,,,0.000006,,,,0.000003,,,,,,,0.000001,,,,0.000008,,,,,,0.0,,,,,,,,,,,,,,,,,,,,,,,,,,,,,,,,,,,,,,,,,,,,,,,,,,,,,,,,,,,,,,,,,,,,,,,,
0.006721,0.000002,0.000081,0.000096,0.000057,0.000111,0.006609,0.016667,0.0,0.0,0.0,0.0,0.0,0.000002,0.000003,0.000001,0.000034,0.000041,0.000001,0.000001,0.000081,0.000015,,,,,0.000012,,,0.000014,0.000008,,0.000008,0.000009,0.000004,,,,0.000005,,,,,,,,,,,,,,,0.000007,,,,,,0.000001,,,,,,,,,,,,,,,,,,,,,,,,,,,,,,,,,,,,,,,,,,,,,,,,,,,,,,,,,,,,,,,,,,,,,,,,
0.006313,0.0,0.0,0.000031,0.000069,0.0,0.006311,0.016667,,,,,,,,,,,,,0.000013,0.000018,,,,,,,,0.00002,0.000013,,0.00001,0.000013,0.000005,,,,0.000006,,,,0.000004,,,,,,,0.000001,,,,0.000012,,,,,,0.0,,,,,,,,,,,,,,,,,,,,,,,,,,,,,,,,,,,,,,,,,,,,,,,,,,,,,,,,,,,,,,,,,,,,,,,,
0.01533,0.000006,0.000073,0.000085,0.000103,0.000155,0.015171,0.016667,0.0,0.0,0.0,0.0,0.0,0.000006,0.000003,0.0,0.000035,0.000033,0.0,0.000002,0.000057,0.000028,,,,,0.000026,,,0.000026,0.000014,,0.000012,0.000016,0.000005,,,,0.000007,,,,0.000005,,,,,,,0.000001,,,,0.00001,,,,,,0.0,,,,,,,,,,,,,,,,,,,,,,,,,,,,,,,,,,,,,,,,,,,,,,,,,,,,,,,,,,,,,,,,,,,,,,,,
0.000618,0.0,0.0,0.0,0.000076,0.0,0.000615,0.016667,,,,,,,,,,,,,0.0,0.0,,,,,,,,0.000022,0.000014,,0.000012,0.000015,0.000005,,,,0.000007,,,,0.000004,,,,,,,0.000001,,,,0.000012,,,,,,0.0,,,,,,,,,,,,,,,,,,,,,,,,,,,,,,,,,,,,,,,,,,,,,,,,,,,,,,,,,,,,,,,,,,,,,,,,
0.003089,0.000003,0.000064,0.000024,0.000089,0.000156,0.002931,0.016667,0.0,0.0,0.0,0.0,0.0,0.000003,0.000005,0.000006,0.000037,0.000015,0.0,0.000001,0.000012,0.000012,,,,,0.000016,,,0.000024,0.000012,,0.000012,0.000015,0.000005,,,,0.000007,,,,0.000003,,,,,,,0.000001,,,,0.000011,,,,,,0.0,,,,,,,,,,,,,,,,,,,,,,,,,,,,,,,,,,,,,,,,,,,,,,,,,,,,,,,,,,,,,,,,,,,,,,,,
0.006687,0.0,0.0,0.000013,0.000073,0.0,0.006685,0.016667,,,,,,,,,,,,,0.0,0.000013,,,,,,,,0.000021,0.000013,,0.000011,0.000014,0.000005,,,,0.000007,,,,0.000004,,,,,,,0.000001,,,,0.000012,,,,,,0.0,,,,,,,,,,,,,,,,,,,,,,,,,,,,,,,,,,,,,,,,,,,,,,,,,,,,,,,,,,,,,,,,,,,,,,,,
0.006169,0.0,0.0,0.000069,0.000075,0.0,0.006167,0.016667,,,,,,,,,,,,,0.000054,0.000015,,,,,,,,0.000022,0.000013,,0.000012,0.000015,0.000005,,,,0.000007,,,,0.000004,,,,,,,0.000001,,,,0.000012,,,,,,0.0,,,,,,,,,,,,,,,,,,,,,,,,,,,,,,,,,,,,,,,,,,,,,,,,,,,,,,,,,,,,,,,,,,,,,,,,
0.014167,0.000005,0.000111,0.000122,0.00009,0.000143,0.014021,0.016667,0.0,0.0,0.0,0.0,0.0,0.000005,0.000004,0.000002,0.000053,0.000033,0.0,0.000019,0.000095,0.000027,,,,,0.000016,,,0.000022,0.000013,,0.000011,0.000014,0.000005,,,,0.000007,,,,0.000007,,,,,,,0.000003,,,,0.00001,,,,,,0.0,,,,,0.000001,,,,,,,,,,,,,,,,,,,,,,,,,,,,,,,,,,,,,,,,,,,,,,,,,,,,,,,,,,,,,,,,,,,
0.000594,0.0,0.0,0.000001,0.00007,0.0,0.000591,0.016667,,,,,,,,,,,,,0.0,0.000001,,,,,,,,0.00002,0.000012,,0.000011,0.000013,0.000005,,,,0.000007,,,,0.000004,,,,,,,0.000001,,,,0.000011,,,,,,0.0,,,,,,,,,,,,,,,,,,,,,,,,,,,,,,,,,,,,,,,,,,,,,,,,,,,,,,,,,,,,,,,,,,,,,,,,
0.004596,0.000003,0.00006,0.000001,0.000087,0.000121,0.004473,0.016667,0.0,0.0,0.0,0.0,0.0,0.000003,0.000005,0.0,0.000037,0.000016,0.0,0.000002,0.0,0.000001,,,,,0.000013,,,0.000023,0.000014,,0.000011,0.000014,0.000006,,,,0.000007,,,,0.000003,,,,,,,0.000001,,,,0.000011,,,,,,0.0,,,,,,,,,,,,,,,,,,,,,,,,,,,,,,,,,,,,,,,,,,,,,,,,,,,,,,,,,,,,,,,,,,,,,,,,
0.006069,0.0,0.0,0.000045,0.000074,0.0,0.006067,0.016667,,,,,,,,,,,,,0.000026,0.000019,,,,,,,,0.000022,0.000014,,0.00001,0.000014,0.000004,,,,0.000007,,,,0.000004,,,,,,,0.000001,,,,0.000014,,,,,,0.0,,,,,,,,,,,,,,,,,,,,,,,,,,,,,,,,,,,,,,,,,,,,,,,,,,,,,,,,,,,,,,,,,,,,,,,,
0.023666,0.000003,0.00009,0.000103,0.021166,0.022382,0.001281,0.016667,0.0,0.0,0.0,0.0,0.0,0.000003,0.000003,0.0,0.000037,0.000028,0.000001,0.000021,0.000071,0.000032,,0.020952,0.000344,,0.000013,0.00003,0.000016,0.000023,0.000016,,0.000012,0.000012,0.000007,,0.000009,,0.000008,,0.000003,0.000002,0.000005,,,,,,,0.000001,,0.000001,,0.000013,,,,,,0.0,0.0,,,,,,,,,,,0.020958,0.000009,0.000001,0.000001,0.000001,,,,,,,,,,,,,,,,,,,,,,,,,,,,,,,,,,,,,,,,,,,,,,,,,,,,,,,,
0.000473,0.0,0.0,0.000024,0.000055,0.0,0.000471,0.016667,,,,,,,,,,,,,0.000015,0.000009,,,,,,,,0.000014,0.000009,,0.000008,0.000008,0.000005,,,,0.000005,,,,0.000003,,,,,,,0.000001,,,,0.000011,,,,,,0.0,,,,,,,,,,,,,,,0.0,,,,,,,,,,,,,,,,,,,,,,,,,,,,,,,,,,,,,,,,,,,,,,,,,,,,,,,,,
0.000718,0.000002,0.000173,0.000001,0.000111,0.000177,0.00054,0.016667,0.0,0.0,0.0,0.0,0.0,0.000002,0.000002,0.000001,0.000045,0.000074,0.0,0.000051,0.0,0.000001,,,,,0.00001,,,0.000018,0.000012,,0.00001,0.000012,0.000006,,,,0.000006,,,,0.000002,,,,,,,0.000001,,,,0.00001,,,,,,0.0,,,,,,,0.000038,,,,,,,,0.0,,,,,,,,,,,,,,,,,,,,,,,,,,,,,,,,,,,,,,,,,,,,,,,,,,,,,,,,,
0.007499,0.0,0.0,0.000005,0.000037,0.0,0.007498,0.016667,,,,,,,,,,,,,0.0,0.000005,,,,,,,,0.000009,0.000007,,0.000005,0.000006,0.000003,,,,0.000004,,,,0.000002,,,,,,,0.000001,,,,0.000006,,,,,,0.0,,,,,,,,,,,,,,,0.000001,,,,,,,,,,,,,,,,,,,,,,,,,,,,,,,,,,,,,,,,,,,,,,,,,,,,,,,,,
0.013916,0.000004,0.000086,0.000153,0.0001,0.000129,0.013784,0.016667,0.0,0.0,0.0,0.0,0.0,0.000004,0.000002,0.0,0.000046,0.000017,0.0,0.000021,0.000105,0.000048,,,,,0.000013,,,0.000022,0.000015,,0.000012,0.000014,0.000006,,,,0.000008,,,,0.000004,,,,,,,0.000001,,,,0.000014,,,,,,0.0,,0.000001,,,,0.000004,,,,,,,,,0.000001,,,,,,,,,,,,,,,,,,,,,,,,,,,,,,,,,,,,,,,,,,,,,,,,,,,,,,,,,
0.00319,0.0,0.0,0.000001,0.000073,0.0,0.003188,0.016667,,,,,,,,,,,,,0.0,0.000001,,,,,,,,0.00002,0.000013,,0.000011,0.000013,0.000005,,,,0.000006,,,,0.000004,,,,,,,0.000001,,,,0.000013,,,,,,0.0,,,,,,,,,,,,,,,0.000001,,,,,,,,,,,,,,,,,,,,,,,,,,,,,,,,,,,,,,,,,,,,,,,,,,,,,,,,,
0.000508,0.0,0.0,0.000002,0.000064,0.0,0.000506,0.016667,,,,,,,,,,,,,0.0,0.000002,,,,,,,,0.000022,0.000011,,0.00001,0.000011,0.000005,,,,0.000006,,,,0.000003,,,,,,,0.000001,,,,0.000011,,,,,,0.0,,,,,,,,,,,,,,,0.0,,,,,,,,,,,,,,,,,,,,,,,,,,,,,,,,,,,,,,,,,,,,,,,,,,,,,,,,,
0.006987,0.000002,0.00005,0.000067,0.000072,0.000169,0.006816,0.016667,0.0,0.0,0.0,0.0,0.0,0.000002,0.000001,0.000001,0.000034,0.000013,0.0,0.000001,0.000055,0.000012,,,,,0.000014,,,0.000019,0.00001,,0.000009,0.000011,0.000004,,,,0.000007,,,,,,,,,,,,,,,0.000009,,,,,,0.0,,,,,,,,,,,,,,,0.000001,,,,,,,,,,,,,,,,,,,,,,,,,,,,,,,,,,,,,,,,,,,,,,,,,,,,,,,,,
0.006439,0.0,0.0,0.000029,0.000084,0.0,0.006437,0.016667,,,,,,,,,,,,,0.000017,0.000012,,,,,,,,0.000023,0.000016,,0.000013,0.000014,0.000006,,,,0.000008,,,,0.000004,,,,,,,0.000001,,,,0.000015,,,,,,0.0,,,,,,,,,,,,,,,0.000001,,,,,,,,,,,,,,,,,,,,,,,,,,,,,,,,,,,,,,,,,,,,,,,,,,,,,,,,,
0.013329,0.00001,0.000113,0.000052,0.000301,0.000343,0.01298,0.016667,0.0,0.0,0.0,0.0,0.0,0.00001,0.000002,0.0,0.000058,0.000051,0.0,0.000002,0.00002,0.000032,,,,,0.000058,,,0.000095,0.000035,,0.000052,0.000065,0.00001,,,,0.000019,,,,,,,,,,,,,,,0.000036,,,,,,0.0,,,,,,,,,,,,,,,0.000002,,,,,,,,,,,,,,,,,,,,,,,,,,,,,,,,,,,,,,,,,,,,,,,,,,,,,,,,,
0.003768,0.0,0.0,0.000064,0.00011,0.0,0.003764,0.016667,,,,,,,,,,,,,0.000055,0.000009,,,,,,,,0.000034,0.000019,,0.000018,0.000018,0.000007,,,,0.000011,,,,,,,,,,,,,,,0.000022,,,,,,0.0,,,,,,,,,,,,,,,0.000001,,,,,,,,,,,,,,,,,,,,,,,,,,,,,,,,,,,,,,,,,,,,,,,,,,,,,,,,,
0.001458,0.000002,0.00015,0.0,0.000084,0.000102,0.001355,0.016667,0.0,0.0,0.0,0.0,0.0,0.000002,0.000006,0.000003,0.000122,0.000016,0.000001,0.000002,0.0,0.0,,,,,0.000015,,,0.000021,0.000011,,0.000012,0.000013,0.000006,,,,0.000007,,,,,,,,,,,,,,,0.000012,,,,,,0.0,,,,,,,,,,,,,,,0.000001,,,,,,,,,,,,,,,,,,,,,,,,,,,,,,,,,,,,,,,,,,,,,,,,,,,,,,,,,
0.0069,0.0,0.0,0.000031,0.000048,0.0,0.006899,0.016667,,,,,,,,,,,,,0.000017,0.000014,,,,,,,,0.000013,0.000009,,0.000007,0.000008,0.000004,,,,0.000005,,,,,,,,,,,,,,,0.000009,,,,,,0.0,,,,,,,,,,,,,,,0.000001,,,,,,,,,,,,,,,,,,,,,,,,,,,,,,,,,,,,,,,,,,,,,,,,,,,,,,,,,
0.00704,0.0,0.0,0.000011,0.000083,0.0,0.007038,0.016667,,,,,,,,,,,,,0.0,0.000011,,,,,,,,0.000028,0.000014,,0.000014,0.000014,0.000006,,,,0.000009,,,,,,,,,,,,,,,0.000014,,,,,,0.0,,,,,,,,,,,,,,,0.000001,,,,,,,,,,,,,,,,,,,,,,,,,,,,,,,,,,,,,,,,,,,,,,,,,,,,,,,,,
0.017306,0.000002,0.000051,0.000093,0.000089,0.000157,0.017146,0.016667,0.0,0.0,0.0,0.0,0.0,0.000002,0.000003,0.000001,0.000039,0.000005,0.000001,0.000002,0.000068,0.000025,,,,,0.000017,,,0.000025,0.000013,,0.000011,0.000015,0.000005,,,,0.000007,,,,,,,,,,,,,,,0.000012,,,,,,0.0,,,,,,,,,,,,,,,0.000001,,,,,,,,,,,,,,,,,,,,,,,,,,,,,,,,,,,,,,,,,,,,,,,,,,,,,,,,,
0.000708,0.0,0.0,0.0,0.00009,0.0,0.000705,0.016667,,,,,,,,,,,,,0.0,0.0,,,,,,,,0.00003,0.000017,,0.000014,0.000015,0.000007,,,,0.000008,,,,,,,,,,,,,,,0.000016,,,,,,0.0,,,,,,,,,,,,,,,0.000001,,,,,,,,,,,,,,,,,,,,,,,,,,,,,,,,,,,,,,,,,,,,,,,,,,,,,,,,,
0.002331,0.000003,0.000091,0.000186,0.000079,0.000178,0.00215,0.016667,0.0,0.0,0.0,0.0,0.0,0.000003,0.000002,0.000001,0.000061,0.000025,0.000001,0.000001,0.000174,0.000012,,,,,0.000013,,,0.00002,0.000015,,0.000009,0.000013,0.000006,,,,0.000006,,,,,,,,,,,,,,,0.000011,,,,,,0.0,,,,,,,,,,,,,,,0.0,,,,,,,,,,,,,,,,,,,,,,,,,,,,,,,,,,,,,,,,,,,,,,,,,,,,,,,,,
0.007017,0.0,0.0,0.000004,0.000059,0.0,0.007016,0.016667,,,,,,,,,,,,,0.0,0.000004,,,,,,,,0.000016,0.000012,,0.000009,0.00001,0.000006,,,,0.000006,,,,,,,,,,,,,,,0.00001,,,,,,0.0,,,,,,,,,,,,,,,0.000001,,,,,,,,,,,,,,,,,,,,,,,,,,,,,,,,,,,,,,,,,,,,,,,,,,,,,,,,,
0.008684,0.0,0.0,0.000042,0.000064,0.0,0.008681,0.016667,,,,,,,,,,,,,0.000012,0.00003,,,,,,,,0.00002,0.000012,,0.00001,0.000011,0.000005,,,,0.000006,,,,,,,,,,,,,,,0.000011,,,,,,0.0,,,,,,,,,,,,,,,0.000001,,,,,,,,,,,,,,,,,,,,,,,,,,,,,,,,,,,,,,,,,,,,,,,,,,,,,,,,,
0.013014,0.000007,0.000129,0.000108,0.000143,0.000488,0.012518,0.016667,0.0,0.0,0.0,0.0,0.0,0.000007,0.000002,0.000001,0.000088,0.000032,0.000001,0.000005,0.000087,0.000021,,,,,0.000055,,,0.000028,0.000017,,0.000014,0.000016,0.000007,,,,0.000008,,,,,,,,,,,,,,,0.000015,,,,,,0.000001,,,,,,,,,,,,,,,0.0,,,,,,,,,,,,,,,,,,,,,,,,,,,,,,,,,,,,,,,,,,,,,,,,,,,,,,,,,
0.000505,0.0,0.0,0.0,0.000069,0.0,0.000504,0.016667,,,,,,,,,,,,,0.0,0.0,,,,,,,,0.000024,0.000013,,0.000011,0.000013,0.000004,,,,0.000006,,,,,,,,,,,,,,,0.000012,,,,,,0.0,,,,,,,,,,,,,,,0.000001,,,,,,,,,,,,,,,,,,,,,,,,,,,,,,,,,,,,,,,,,,,,,,,,,,,,,,,,,
0.004943,0.000001,0.000286,0.000018,0.000073,0.000104,0.004837,0.016667,0.0,0.0,0.0,0.0,0.0,0.000001,0.000006,0.000002,0.000231,0.000046,0.0,0.000001,0.000011,0.000007,,,,,0.00001,,,0.000019,0.000014,,0.000009,0.000011,0.000005,,,,0.000007,,,,,,,,,,,,,,,0.000011,,,,,,0.0,,,,,,,,,,,,,,,0.0,,,,,,,,,,,,,,,,,,,,,,,,,,,,,,,,,,,,,,,,,,,,,,,,,,,,,,,,,
0.006984,0.0,0.0,0.000146,0.00009,0.0,0.006983,0.016667,,,,,,,,,,,,,0.000123,0.000023,,,,,,,,0.00002,0.000013,,0.000028,0.000011,0.000005,,,,0.000007,,,,,,,,,,,,,,,0.000017,,,,,,0.0,,,,,,,,,,,,,,,0.000001,,,,,,,,,,,,,,,,,,,,,,,,,,,,,,,,,,,,,,,,,,,,,,,,,,,,,,,,,
0.01601,0.000002,0.000065,0.000038,0.000096,0.000143,0.015865,0.016667,0.0,0.0,0.0,0.0,0.0,0.000002,0.000002,0.0,0.000042,0.000019,0.000001,0.000001,0.000013,0.000025,,,,,0.000016,,,0.000025,0.000016,,0.000013,0.000014,0.000006,,,,0.000008,,,,,,,,,,,,,,,0.000012,,,,,,0.000001,,,,,,,,,,,,,,,0.000001,,,,,,,,,,,,,,,,,,,,,,,,,,,,,,,,,,,,,,,,,,,,,,,,,,,,,,,,,
0.004466,0.0,0.0,0.000063,0.000074,0.0,0.004462,0.016667,,,,,,,,,,,,,0.000053,0.00001,,,,,,,,0.000025,0.000014,,0.000012,0.000012,0.000005,,,,0.000007,,,,,,,,,,,,,,,0.000013,,,,,,0.0,,,,,,,,,,,,,,,0.000001,,,,,,,,,,,,,,,,,,,,,,,,,,,,,,,,,,,,,,,,,,,,,,,,,,,,,,,,,
0.000667,0.0,0.0,0.0,0.000083,0.0,0.000665,0.016667,,,,,,,,,,,,,0.0,0.0,,,,,,,,0.000026,0.000015,,0.000013,0.000015,0.000006,,,,0.000008,,,,,,,,,,,,,,,0.000015,,,,,,0.0,,,,,,,,,,,,,,,0.000001,,,,,,,,,,,,,,,,,,,,,,,,,,,,,,,,,,,,,,,,,,,,,,,,,,,,,,,,,
0.005821,0.000002,0.00008,0.000004,0.00005,0.000107,0.005712,0.016667,0.0,0.0,0.0,0.0,0.0,0.000002,0.000001,0.000001,0.000054,0.000022,0.0,0.000002,0.0,0.000004,,,,,0.000012,,,0.000011,0.000008,,0.000006,0.000007,0.000003,,,,0.000003,,,,,,,,,,,,,,,0.000006,,,,,,0.0,,,,,,,,,,,,,,,0.000001,,,,,,,,,,,,,,,,,,,,,,,,,,,,,,,,,,,,,,,,,,,,,,,,,,,,,,,,,
0.005972,0.0,0.0,0.000063,0.000097,0.0,0.005969,0.016667,,,,,,,,,,,,,0.000034,0.000029,,,,,,,,0.000033,0.000017,,0.000014,0.000017,0.000006,,,,0.00001,,,,,,,,,,,,,,,0.000017,,,,,,0.0,,,,,,,,,,,,,,,0.000001,,,,,,,,,,,,,,,,,,,,,,,,,,,,,,,,,,,,,,,,,,,,,,,,,,,,,,,,,
0.014368,0.000003,0.000056,0.000044,0.000087,0.000147,0.01422,0.016667,0.0,0.0,0.0,0.0,0.0,0.000003,0.000002,0.000001,0.000038,0.000014,0.0,0.000001,0.000015,0.000029,,,,,0.000016,,,0.000025,0.000014,,0.000011,0.000014,0.000005,,,,0.000007,,,,,,,,,,,,,,,0.000011,,,,,,0.0,,,,,,,,,,,,,,,0.0,,,,,,,,,,,,,,,,,,,,,,,,,,,,,,,,,,,,,,,,,,,,,,,,,,,,,,,,,
0.004084,0.0,0.0,0.000004,0.000074,0.0,0.004082,0.016667,,,,,,,,,,,,,0.0,0.000004,,,,,,,,0.000025,0.000013,,0.000011,0.000013,0.000005,,,,0.000007,,,,,,,,,,,,,,,0.000013,,,,,,0.000001,,,,,,,,,,,,,,,0.000001,,,,,,,,,,,,,,,,,,,,,,,,,,,,,,,,,,,,,,,,,,,,,,,,,,,,,,,,,
0.001879,0.0,0.0,0.000002,0.000061,0.0,0.001878,0.016667,,,,,,,,,,,,,0.0,0.000002,,,,,,,,0.000018,0.000011,,0.000009,0.000011,0.000006,,,,0.000006,,,,,,,,,,,,,,,0.000012,,,,,,0.0,,,,,,,,,,,,,,,0.0,,,,,,,,,,,,,,,,,,,,,,,,,,,,,,,,,,,,,,,,,,,,,,,,,,,,,,,,,
0.006976,0.000002,0.000082,0.000146,0.000077,0.000114,0.006862,0.016667,0.0,0.0,0.0,0.0,0.0,0.000002,0.000001,0.000001,0.000051,0.000027,0.000001,0.000001,0.000133,0.000013,,,,,0.000012,,,0.00002,0.000013,,0.000009,0.000012,0.000006,,,,0.000007,,,,,,,,,,,,,,,0.000012,,,,,,0.0,,,,,,,,,,,,,,,0.0,,,,,,,,,,,,,,,,,,,,,,,,,,,,,,,,,,,,,,,,,,,,,,,,,,,,,,,,,
0.007099,0.0,0.0,0.000023,0.000115,0.0,0.007097,0.016667,,,,,,,,,,,,,0.000014,0.000009,,,,,,,,0.000025,0.000013,,0.000011,0.000014,0.000006,,,,0.000045,,,,,,,,,,,,,,,0.000014,,,,,,0.000001,,,,,,,,,,,,,,,0.000001,,,,,,,,,,,,,,,,,,,,,,,,,,,,,,,,,,,,,,,,,,,,,,,,,,,,,,,,,
0.017262,0.000004,0.00007,0.000111,0.000087,0.000147,0.017113,0.016667,0.0,0.0,0.0,0.0,0.0,0.000004,0.000002,0.000001,0.000041,0.000025,0.0,0.000001,0.000081,0.00003,,,,,0.000017,,,0.000024,0.000013,,0.000011,0.000013,0.000005,,,,0.000007,,,,,,,,,,,,,,,0.000012,,,,,,0.0,,,,,,,,,,,,,,,0.000001,,,,,,,,,,,,,,,,,,,,,,,,,,,,,,,,,,,,,,,,,,,,,,,,,,,,,,,,,
0.000535,0.0,0.0,0.0,0.000072,0.0,0.00053,0.016667,,,,,,,,,,,,,0.0,0.0,,,,,,,,0.000025,0.000013,,0.000011,0.000012,0.000005,,,,0.000007,,,,,,,,,,,,,,,0.000012,,,,,,0.000001,,,,,,,,,,,,,,,0.000001,,,,,,,,,,,,,,,,,,,,,,,,,,,,,,,,,,,,,,,,,,,,,,,,,,,,,,,,,
0.002479,0.000002,0.000079,0.00002,0.000068,0.00012,0.002358,0.016667,0.0,0.0,0.0,0.0,0.0,0.000002,0.000001,0.000001,0.000037,0.000039,0.0,0.000001,0.000012,0.000008,,,,,0.000009,,,0.000018,0.000012,,0.000009,0.000011,0.000005,,,,0.000007,,,,,,,,,,,,,,,0.000009,,,,,,0.0,,,,,,,,,,,,,,,0.000001,,,,,,,,,,,,,,,,,,,,,,,,,,,,,,,,,,,,,,,,,,,,,,,,,,,,,,,,,
0.006575,0.0,0.0,0.000006,0.000072,0.0,0.006573,0.016667,,,,,,,,,,,,,0.0,0.000006,,,,,,,,0.000024,0.000013,,0.000012,0.000013,0.000005,,,,0.000007,,,,,,,,,,,,,,,0.000012,,,,,,0.0,,,,,,,,,,,,,,,0.000001,,,,,,,,,,,,,,,,,,,,,,,,,,,,,,,,,,,,,,,,,,,,,,,,,,,,,,,,,
0.006895,0.0,0.0,0.000063,0.000082,0.0,0.006893,0.016667,,,,,,,,,,,,,0.000053,0.00001,,,,,,,,0.000025,0.000015,,0.000013,0.000014,0.000006,,,,0.000008,,,,,,,,,,,,,,,0.000015,,,,,,0.0,,,,,,,,,,,,,,,0.000001,,,,,,,,,,,,,,,,,,,,,,,,,,,,,,,,,,,,,,,,,,,,,,,,,,,,,,,,,
0.01613,0.000002,0.000081,0.000135,0.000095,0.000145,0.015983,0.016667,0.0,0.0,0.0,0.0,0.0,0.000002,0.000002,0.0,0.000059,0.000018,0.0,0.000002,0.000093,0.000042,,,,,0.000019,,,0.000026,0.000014,,0.000012,0.000014,0.000005,,,,0.000008,,,,,,,,,,,,,,,0.000012,,,,,,0.0,,,,,,,,,,,,,,,0.000001,,,,,,,,,,,,,,,,,,,,,,,,,,,,,,,,,,,,,,,,,,,,,,,,,,,,,,,,,
0.000574,0.0,0.0,0.0,0.000071,0.0,0.000572,0.016667,,,,,,,,,,,,,0.0,0.0,,,,,,,,0.000024,0.000012,,0.000011,0.000013,0.000005,,,,0.000007,,,,,,,,,,,,,,,0.000011,,,,,,0.000001,,,,,,,,,,,,,,,0.000001,,,,,,,,,,,,,,,,,,,,,,,,,,,,,,,,,,,,,,,,,,,,,,,,,,,,,,,,,
0.003483,0.000002,0.000065,0.000002,0.000057,0.00011,0.003372,0.016667,0.0,0.0,0.0,0.0,0.0,0.000002,0.000003,0.000001,0.000039,0.00002,0.000001,0.000001,0.0,0.000002,,,,,0.00001,,,0.000016,0.000008,,0.000007,0.000009,0.000005,,,,0.000005,,,,,,,,,,,,,,,0.000007,,,,,,0.0,,,,,,,,,,,,,,,0.000001,,,,,,,,,,,,,,,,,,,,,,,,,,,,,,,,,,,,,,,,,,,,,,,,,,,,,,,,,
0.007015,0.0,0.0,0.000029,0.000067,0.0,0.007013,0.016667,,,,,,,,,,,,,0.000016,0.000013,,,,,,,,0.000019,0.000013,,0.000011,0.000011,0.000006,,,,0.000008,,,,,,,,,,,,,,,0.000011,,,,,,0.0,,,,,,,,,,,,,,,0.0,,,,,,,,,,,,,,,,,,,,,,,,,,,,,,,,,,,,,,,,,,,,,,,,,,,,,,,,,
0.007519,0.0,0.0,0.000089,0.000085,0.0,0.007517,0.016667,,,,,,,,,,,,,0.000072,0.000017,,0.0,,,,,,0.000026,0.000016,,0.000013,0.000015,0.000007,,,,0.000008,,,,,,,,,,,,,,,0.000016,,,,,,0.0,,,,,,,,,,,,,,,0.0,,,,,,,,,,,,,,,,,,,,,,,,,,,,,,,,,,,,,,,,,,,,,,,,,,,,,,,,,
0.013945,0.000002,0.000067,0.000038,0.000087,0.00012,0.013822,0.016667,0.0,0.0,0.0,0.0,0.0,0.000002,0.000001,0.000001,0.000035,0.000028,0.000001,0.000001,0.000017,0.000021,,,,,0.000017,,,0.000024,0.000014,,0.000012,0.000013,0.000005,,,,0.000007,,,,,,,,,,,,,,,0.000011,,,,,,0.0,,,,,,,,,,,,,,,0.0,,,,,,,,,,,,,,,,,,,,,,,,,,,,,,,,,,,,,,,,,,,,,,,,,,,,,,,,,
0.0012,0.0,0.0,0.0,0.000072,0.0,0.001198,0.016667,,,,,,,,,,,,,0.0,0.0,,,,,,,,0.000024,0.000013,,0.000011,0.000013,0.000005,,,,0.000007,,,,,,,,,,,,,,,0.000012,,,,,,0.0,,,,,,,,,,,,,,,0.000001,,,,,,,,,,,,,,,,,,,,,,,,,,,,,,,,,,,,,,,,,,,,,,,,,,,,,,,,,
0.004538,0.000002,0.000057,0.000004,0.000094,0.000143,0.004393,0.016667,0.0,0.0,0.0,0.0,0.0,0.000002,0.000002,0.000001,0.000044,0.000009,0.0,0.000001,0.0,0.000004,,,,,0.000015,,,0.000024,0.000018,,0.000011,0.000013,0.000007,,,,0.000008,,,,,,,,,,,,,,,0.000012,,,,,,0.000001,,,,,,,,,,,,,,,0.000001,,,,,,,,,,,,,,,,,,,,,,,,,,,,,,,,,,,,,,,,,,,,,,,,,,,,,,,,,
0.006947,0.0,0.0,0.000024,0.000075,0.0,0.006945,0.016667,,,,,,,,,,,,,0.000019,0.000005,,,,,,,,0.000026,0.000013,,0.000011,0.000014,0.000007,,,,0.000007,,,,,,,,,,,,,,,0.000012,,,,,,0.0,,,,,,,,,,,,,,,0.000001,,,,,,,,,,,,,,,,,,,,,,,,,,,,,,,,,,,,,,,,,,,,,,,,,,,,,,,,,
0.021846,0.000002,0.000082,0.000183,0.000065,0.000169,0.021675,0.016667,0.0,0.0,0.0,0.0,0.0,0.000002,0.000002,0.0,0.000041,0.000036,0.000001,0.000002,0.000128,0.000055,,,,,0.000012,,,0.000015,0.000012,,0.000008,0.000009,0.000004,,,,0.000005,,,,,,,,,,,,,,,0.000009,,,,,,0.0,,,,,,,,,,,,,,,0.000001,,,,,,,,,,,,,,,,,,,,,,,,,,,,,,,,,,,,,,,,,,,,,,,,,,,,,,,,,
0.000577,0.0,0.0,0.0,0.000076,0.0,0.000574,0.016667,,,,,,,,,,,,,0.0,0.0,,,,,,,,0.000025,0.000014,,0.000012,0.000013,0.000005,,,,0.000007,,,,,,,,,,,,,,,0.000014,,,,,,0.0,,,,,,,,,,,,,,,0.000001,,,,,,,,,,,,,,,,,,,,,,,,,,,,,,,,,,,,,,,,,,,,,,,,,,,,,,,,,
0.000361,0.0,0.0,0.0,0.000044,0.0,0.000361,0.016667,,,,,,,,,,,,,0.0,0.0,,,,,,,,0.000012,0.000008,,0.000008,0.000007,0.000004,,,,0.000004,,,,,,,,,,,,,,,0.000008,,,,,,0.000001,,,,,,,,,,,,,,,0.0,,,,,,,,,,,,,,,,,,,,,,,,,,,,,,,,,,,,,,,,,,,,,,,,,,,,,,,,,
0.012514,0.000002,0.000106,0.000079,0.000046,0.000083,0.01243,0.016667,0.0,0.0,0.0,0.0,0.0,0.000002,0.000002,0.0,0.000072,0.00003,0.0,0.000002,0.00006,0.000019,,,,,0.000009,,,0.00001,0.000008,,0.000006,0.000007,0.000004,,,,0.000004,,,,,,,,,,,,,,,0.000005,,,,,,0.0,,,,,,,,,,,,,,,0.0,,,,,,,,,,,,,,,,,,,,,,,,,,,,,,,,,,,,,,,,,,,,,,,,,,,,,,,,,
0.018259,0.0,0.0,0.000113,0.000073,0.0,0.018257,0.016667,,,,,,,,,,,,,0.000077,0.000036,,,,,,,,0.000024,0.000014,,0.000011,0.000013,0.000005,,,,0.000007,,,,,,,,,,,,,,,0.000013,,,,,,0.0,,,,,,,,,,,,,,,0.000001,,,,,,,,,,,,,,,,,,,,,,,,,,,,,,,,,,,,,,,,,,,,,,,,,,,,,,,,,
0.000839,0.000002,0.000044,0.000001,0.000109,0.000153,0.000684,0.016667,0.0,0.0,0.0,0.0,0.0,0.000002,0.000002,0.0,0.000036,0.000005,0.0,0.000001,0.0,0.000001,,,,,0.000021,,,0.000028,0.000016,,0.000015,0.000017,0.000007,,,,0.000009,,,,,,,,,,,,,,,0.000014,,,,,,0.0,,,,,,,,,,,,,,,0.000001,,,,,,,,,,,,,,,,,,,,,,,,,,,,,,,,,,,,,,,,,,,,,,,,,,,,,,,,,
0.000559,0.0,0.0,0.0,0.00005,0.0,0.000558,0.016667,,,,,,,,,,,,,0.0,0.0,,,,,,,,0.000012,0.000011,,0.000007,0.000008,0.000005,,,,0.000005,,,,,,,,,,,,,,,0.000009,,,,,,0.0,,,,,,,,,,,,,,,0.000001,,,,,,,,,,,,,,,,,,,,,,,,,,,,,,,,,,,,,,,,,,,,,,,,,,,,,,,,,
0.007102,0.0,0.0,0.000006,0.000031,0.0,0.0071,0.016667,,,,,,,,,,,,,0.0,0.000006,,,,,,,,0.000008,0.000007,,0.000004,0.000005,0.000003,,,,0.000003,,,,,,,,,,,,,,,0.000006,,,,,,0.0,,,,,,,,,,,,,,,0.0,,,,,,,,,,,,,,,,,,,,,,,,,,,,,,,,,,,,,,,,,,,,,,,,,,,,,,,,,
0.006937,0.000001,0.000083,0.000023,0.000074,0.000109,0.006826,0.016667,0.0,0.0,0.0,0.0,0.0,0.000001,0.000001,0.000001,0.000048,0.000032,0.0,0.000001,0.000011,0.000012,,,,,0.000014,,,0.000021,0.000011,,0.000011,0.000011,0.000004,,,,0.000005,,,,,,,,,,,,,,,0.000011,,,,,,0.0,,,,,,,,,,,,,,,0.0,,,,,,,,,,,,,,,,,,,,,,,,,,,,,,,,,,,,,,,,,,,,,,,,,,,,,,,,,
0.016961,0.0,0.0,0.000103,0.000073,0.0,0.016959,0.016667,,,,,,,,,,,,,0.000074,0.000029,,,,,,,,0.000024,0.000013,,0.000012,0.000013,0.000005,,,,0.000007,,,,,,,,,,,,,,,0.000013,,,,,,0.0,,,,,,,,,,,,,,,0.0,,,,,,,,,,,,,,,,,,,,,,,,,,,,,,,,,,,,,,,,,,,,,,,,,,,,,,,,,
0.000872,0.000003,0.000064,0.0,0.000117,0.000189,0.000681,0.016667,0.0,0.0,0.0,0.0,0.0,0.000003,0.000001,0.000001,0.000032,0.000027,0.000001,0.000002,0.0,0.0,,,,,0.000019,,,0.000031,0.000024,,0.000016,0.000018,0.000007,,,,0.000009,,,,,,,,,,,,,,,0.000013,,,,,,0.0,,,,,,,,,,,,,,,0.000001,,,,,,,,,,,,,,,,,,,,,,,,,,,,,,,,,,,,,,,,,,,,,,,,,,,,,,,,,
0.002633,0.0,0.0,0.000004,0.000043,0.0,0.002631,0.016667,,,,,,,,,,,,,0.0,0.000004,,,,,,,,0.000013,0.000009,,0.000008,0.000008,0.000003,,,,0.000003,,,,,,,,,,,,,,,0.000006,,,,,,0.0,,,,,,,,,,,,,,,0.000001,,,,,,,,,,,,,,,,,,,,,,,,,,,,,,,,,,,,,,,,,,,,,,,,,,,,,,,,,
0.007766,0.000002,0.000114,0.000093,0.000074,0.000111,0.007652,0.016667,0.0,0.0,0.0,0.0,0.0,0.000002,0.000002,0.000001,0.00007,0.000039,0.000001,0.000001,0.00008,0.000013,,,,,0.00001,,,0.000019,0.000015,,0.00001,0.000011,0.000005,,,,0.000006,,,,,,,,,,,,,,,0.00001,,,,,,0.0,,,,,,,,,,,,,,,0.000001,,,,,,,,,,,,,,,,,,,,,,,,,,,,,,,,,,,,,,,,,,,,,,,,,,,,,,,,,
0.006273,0.0,0.0,0.000028,0.00009,0.0,0.00627,0.016667,,,,,,,,,,,,,0.000017,0.000011,,,,,,,,0.000029,0.000018,,0.000014,0.000015,0.000007,,,,0.000008,,,,,,,,,,,,,,,0.000016,,,,,,0.0,,,,,,,,,,,,,,,0.000001,,,,,,,,,,,,,,,,,,,,,,,,,,,,,,,,,,,,,,,,,,,,,,,,,,,,,,,,,
0.014073,0.0,0.0,0.00016,0.000078,0.0,0.014071,0.016667,,,,,,,,,,,,,0.000128,0.000032,,,,,,,,0.000028,0.000014,,0.000013,0.000014,0.000005,,,,0.000007,,,,,,,,,,,,,,,0.000013,,,,,,0.0,,,,,,,,,,,,,,,0.0,,,,,,,,,,,,,,,,,,,,,,,,,,,,,,,,,,,,,,,,,,,,,,,,,,,,,,,,,
0.002549,0.000002,0.000073,0.000002,0.000116,0.00016,0.002387,0.016667,0.0,0.0,0.0,0.0,0.0,0.000002,0.000001,0.000001,0.000038,0.000031,0.0,0.000002,0.0,0.000002,,,,,0.000019,,,0.000047,0.000015,,0.000013,0.000014,0.000005,,,,0.000008,,,,,,,,,,,,,,,0.000011,,,,,,0.0,,,,,,,,,,,,,,,0.000001,,,,,,,,,,,,,,,,,,,,,,,,,,,,,,,,,,,,,,,,,,,,,,,,,,,,,,,,,
0.003615,0.0,0.0,0.000018,0.000068,0.0,0.003614,0.016667,,,,,,,,,,,,,0.00001,0.000008,,,,,,,,0.000019,0.000014,,0.000011,0.000011,0.000007,,,,0.000007,,,,,,,,,,,,,,,0.000012,,,,,,0.0,,,,,,,,,,,,,,,0.0,,,,,,,,,,,,,,,,,,,,,,,,,,,,,,,,,,,,,,,,,,,,,,,,,,,,,,,,,
0.006943,0.000003,0.00008,0.000005,0.000069,0.000113,0.006828,0.016667,0.0,0.0,0.0,0.0,0.0,0.000003,0.000002,0.0,0.000054,0.000021,0.000001,0.000002,0.0,0.000005,,,,,0.000015,,,0.000019,0.00001,,0.000009,0.00001,0.000004,,,,0.000006,,,,,,,,,,,,,,,0.000009,,,,,,0.0,,,,,,,,,,,,,,,0.0,,,,,,,,,,,,,,,,,,,,,,,,,,,,,,,,,,,,,,,,,,,,,,,,,,,,,,,,,
0.007951,0.0,0.0,0.000025,0.000074,0.0,0.007946,0.016667,,,,,,,,,,,,,0.000011,0.000014,,,,,,,,0.000025,0.000013,,0.000012,0.000013,0.000005,,,,0.000006,,,,,,,,,,,,,,,0.000013,,,,,,0.0,,,,,,,,,,,,,,,0.000001,,,,,,,,,,,,,,,,,,,,,,,,,,,,,,,,,,,,,,,,,,,,,,,,,,,,,,,,,
0.012664,0.0,0.0,0.000137,0.000072,0.0,0.012661,0.016667,,,,,,,,,,,,,0.000117,0.00002,,,,,,,,0.000024,0.000014,,0.000012,0.000012,0.000005,,,,0.000007,,,,,,,,,,,,,,,0.000012,,,,,,0.0,,,,,,,,,,,,,,,0.000001,,,,,,,,,,,,,,,,,,,,,,,,,,,,,,,,,,,,,,,,,,,,,,,,,,,,,,,,,
0.000866,0.000003,0.000058,0.000027,0.000123,0.000189,0.000674,0.016667,0.0,0.0,0.0,0.0,0.0,0.000003,0.000001,0.000001,0.000036,0.000018,0.0,0.000002,0.000018,0.000009,,,,,0.000023,,,0.000029,0.000018,,0.000016,0.000017,0.000009,,,,0.000011,,,,,,,,,,,,,,,0.000017,,,,,,0.0,,,,,,,,,,,,,,,0.000002,,,,,,,,,,,,,,,,,,,,,,,,,,,,,,,,,,,,,,,,,,,,,,,,,,,,,,,,,
0.006416,0.0,0.0,0.000006,0.000045,0.0,0.006415,0.016667,,,,,,,,,,,,,0.0,0.000006,,,,,,,,0.000013,0.000008,,0.000007,0.000008,0.000003,,,,0.000005,,,,,,,,,,,,,,,0.000009,,,,,,0.0,,,,,,,,,,,,,,,0.0,,,,,,,,,,,,,,,,,,,,,,,,,,,,,,,,,,,,,,,,,,,,,,,,,,,,,,,,,
0.006311,0.000002,0.000083,0.00007,0.000083,0.000132,0.006177,0.016667,0.0,0.0,0.0,0.0,0.0,0.000002,0.000003,0.000001,0.000046,0.000031,0.000001,0.000001,0.00006,0.00001,,,,,0.000016,,,0.000022,0.000014,,0.000011,0.000013,0.000005,,,,0.000007,,,,,,,,,,,,,,,0.00001,,,,,,0.0,,,,,,,,,,,,,,,0.0,,,,,,,,,,,,,,,,,,,,,,,,,,,,,,,,,,,,,,,,,,,,,,,,,,,,,,,,,
0.020035,0.0,0.0,0.000113,0.000064,0.0,0.020034,0.016667,,,,,,,,,,,,,0.000076,0.000037,,,,,,,,0.000022,0.000011,,0.00001,0.000011,0.000005,,,,0.000007,,,,,,,,,,,,,,,0.000011,,,,,,0.0,,,,,,,,,,,,,,,0.0,,,,,,,,,,,,,,,,,,,,,,,,,,,,,,,,,,,,,,,,,,,,,,,,,,,,,,,,,
0.000902,0.000004,0.000079,0.000002,0.00015,0.000165,0.000733,0.016667,0.0,0.0,0.0,0.0,0.0,0.000004,0.000001,0.000001,0.000042,0.000033,0.0,0.000002,0.0,0.000002,,,,,0.00002,,,0.000044,0.000025,,0.000019,0.000029,0.000009,,,,0.000013,,,,,,,,,,,,,,,0.00002,,,,,,0.0,,,,,,,,,,,,,,,0.000002,,,,,,,,,,,,,,,,,,,,,,,,,,,,,,,,,,,,,,,,,,,,,,,,,,,,,,,,,
0.000479,0.0,0.0,0.0,0.000052,0.0,0.000478,0.016667,,,,,,,,,,,,,0.0,0.0,,,,,,,,0.000015,0.00001,,0.000008,0.000009,0.000005,,,,0.000005,,,,,,,,,,,,,,,0.000009,,,,,,0.0,,,,,,,,,,,,,,,0.000001,,,,,,,,,,,,,,,,,,,,,,,,,,,,,,,,,,,,,,,,,,,,,,,,,,,,,,,,,
0.012313,0.0,0.0,0.00002,0.000044,0.0,0.012312,0.016667,,,,,,,,,,,,,0.000003,0.000017,,,,,,,,0.000013,0.000008,,0.000007,0.000008,0.000004,,,,0.000005,,,,,,,,,,,,,,,0.000007,,,,,,0.0,,,,,,,,,,,,,,,0.000001,,,,,,,,,,,,,,,,,,,,,,,,,,,,,,,,,,,,,,,,,,,,,,,,,,,,,,,,,
0.01896,0.000003,0.000079,0.000119,0.000093,0.000154,0.018803,0.016667,0.0,0.0,0.0,0.0,0.0,0.000003,0.000002,0.000002,0.000044,0.000028,0.000001,0.000002,0.000073,0.000046,,,,,0.000018,,,0.000024,0.000014,,0.000013,0.000014,0.000005,,,,0.000008,,,,,,,,,,,,,,,0.000011,,,,,,0.000001,,,,,,,,,,,,,,,0.000001,,,,,,,,,,,,,,,,,,,,,,,,,,,,,,,,,,,,,,,,,,,,,,,,,,,,,,,,,
0.00086,0.000003,0.000081,0.0,0.000111,0.000173,0.000683,0.016667,0.0,0.0,0.0,0.0,0.0,0.000003,0.000002,0.000001,0.000045,0.000031,0.0,0.000002,0.0,0.0,,,,,0.000019,,,0.000029,0.000017,,0.000014,0.000018,0.000007,,,,0.000011,,,,,,,,,,,,,,,0.000014,,,,,,0.0,,,,,,,,,,,,,,,0.000001,,,,,,,,,,,,,,,,,,,,,,,,,,,,,,,,,,,,,,,,,,,,,,,,,,,,,,,,,
0.000704,0.0,0.0,0.000001,0.000054,0.0,0.000702,0.016667,,,,,,,,,,,,,0.0,0.000001,,,,,,,,0.000014,0.000012,,0.000008,0.000009,0.000005,,,,0.000005,,,,,,,,,,,,,,,0.000011,,,,,,0.0,,,,,,,,,,,,,,,0.0,,,,,,,,,,,,,,,,,,,,,,,,,,,,,,,,,,,,,,,,,,,,,,,,,,,,,,,,,
0.007172,0.000002,0.000099,0.000023,0.000051,0.000098,0.007073,0.016667,0.0,0.0,0.0,0.0,0.0,0.000002,0.000002,0.000001,0.000072,0.000022,0.0,0.000002,0.000012,0.000011,,,,,0.000008,,,0.000013,0.000009,,0.000007,0.000007,0.000004,,,,0.000004,,,,,,,,,,,,,,,0.000008,,,,,,0.0,,,,,,,,,,,,,,,0.0,,,,,,,,,,,,,,,,,,,,,,,,,,,,,,,,,,,,,,,,,,,,,,,,,,,,,,,,,
0.007138,0.0,0.0,0.000069,0.000058,0.0,0.007136,0.016667,,,,,,,,,,,,,0.000056,0.000013,,,,,,,,0.000018,0.000011,,0.000009,0.00001,0.000005,,,,0.000005,,,,,,,,,,,,,,,0.000011,,,,,,0.0,,,,,,,,,,,,,,,0.0,,,,,,,,,,,,,,,,,,,,,,,,,,,,,,,,,,,,,,,,,,,,,,,,,,,,,,,,,
0.014548,0.000003,0.000067,0.000049,0.000122,0.000142,0.014403,0.016667,0.0,0.0,0.0,0.0,0.0,0.000003,0.000001,0.000001,0.000036,0.000028,0.0,0.000001,0.000014,0.000035,,,,,0.000022,,,0.00003,0.000017,,0.000017,0.000017,0.000007,,,,0.00001,,,,,,,,,,,,,,,0.000019,,,,,,0.000001,,,,,,,,,,,,,,,0.000001,,,,,,,,,,,,,,,,,,,,,,,,,,,,,,,,,,,,,,,,,,,,,,,,,,,,,,,,,
0.004074,0.0,0.0,0.000082,0.000069,0.0,0.004072,0.016667,,,,,,,,,,,,,0.000073,0.000009,,,,,,,,0.000022,0.00001,,0.000012,0.000012,0.000005,,,,0.000007,,,,,,,,,,,,,,,0.000013,,,,,,0.0,,,,,,,,,,,,,,,0.000001,,,,,,,,,,,,,,,,,,,,,,,,,,,,,,,,,,,,,,,,,,,,,,,,,,,,,,,,,
0.001458,0.000002,0.000061,0.000002,0.0001,0.000208,0.001249,0.016667,0.0,0.0,0.0,0.0,0.0,0.000002,0.000002,0.000001,0.000042,0.000015,0.0,0.000001,0.0,0.000002,,,,,0.000028,,,0.000024,0.000014,,0.000011,0.000014,0.000006,,,,0.000007,,,,,,,,,,,,,,,0.000011,,,,,,0.0,,,,,,,,,,,,,,,0.000001,,,,,,,,,,,,,,,,,,,,,,,,,,,,,,,,,,,,,,,,,,,,,,,,,,,,,,,,,
0.007141,0.0,0.0,0.000028,0.000041,0.0,0.00714,0.016667,,,,,,,,,,,,,0.000016,0.000012,,,,,,,,0.000011,0.000008,,0.000006,0.000007,0.000003,,,,0.000004,,,,,,,,,,,,,,,0.000008,,,,,,0.0,,,,,,,,,,,,,,,0.000001,,,,,,,,,,,,,,,,,,,,,,,,,,,,,,,,,,,,,,,,,,,,,,,,,,,,,,,,,
0.006718,0.0,0.0,0.000009,0.000082,0.0,0.006716,0.016667,,,,,,,,,,,,,0.0,0.000009,,,,,,,,0.000024,0.000017,,0.000012,0.000013,0.000007,,,,0.000008,,,,,,,,,,,,,,,0.000014,,,,,,0.000001,,,,,,,,,,,,,,,0.000001,,,,,,,,,,,,,,,,,,,,,,,,,,,,,,,,,,,,,,,,,,,,,,,,,,,,,,,,,
0.014184,0.000002,0.000134,0.000116,0.000099,0.000119,0.014063,0.016667,0.0,0.0,0.0,0.0,0.0,0.000002,0.000001,0.000001,0.000043,0.000086,0.000001,0.000002,0.000091,0.000025,,,,,0.000017,,,0.000025,0.000017,,0.000013,0.000015,0.000006,,,,0.000009,,,,,,,,,,,,,,,0.000014,,,,,,0.0,,,,,,,,,,,,,,,0.0,,,,,,,,,,,,,,,,,,,,,,,,,,,,,,,,,,,,,,,,,,,,,,,,,,,,,,,,,
0.002626,0.0,0.0,0.000004,0.000091,0.0,0.002623,0.016667,,,,,,,,,,,,,0.0,0.000004,,,,,,,,0.000028,0.000018,,0.000013,0.000016,0.000007,,,,0.000009,,,,,,,,,,,,,,,0.000016,,,,,,0.0,,,,,,,,,,,,,,,0.000001,,,,,,,,,,,,,,,,,,,,,,,,,,,,,,,,,,,,,,,,,,,,,,,,,,,,,,,,,
0.003706,0.000003,0.000057,0.000003,0.000101,0.000165,0.003539,0.016667,0.0,0.0,0.0,0.0,0.0,0.000003,0.000001,0.000001,0.000039,0.000013,0.0,0.000003,0.0,0.000003,,,,,0.00002,,,0.000024,0.000015,,0.000012,0.000014,0.000008,,,,0.000009,,,,,,,,,,,,,,,0.000015,,,,,,0.0,,,,,,,,,,,,,,,0.0,,,,,,,,,,,,,,,,,,,,,,,,,,,,,,,,,,,,,,,,,,,,,,,,,,,,,,,,,
0.006913,0.0,0.0,0.000022,0.000068,0.0,0.006912,0.016667,,,,,,,,,,,,,0.000011,0.000011,,,,,,,,0.000018,0.000014,,0.00001,0.000011,0.000007,,,,0.000007,,,,,,,,,,,,,,,0.000012,,,,,,0.0,,,,,,,,,,,,,,,0.000001,,,,,,,,,,,,,,,,,,,,,,,,,,,,,,,,,,,,,,,,,,,,,,,,,,,,,,,,,
0.008958,0.0,0.0,0.000117,0.000063,0.0,0.008955,0.016667,,,,,,,,,,,,,0.00009,0.000027,,,,,,,,0.00002,0.000013,,0.000009,0.000011,0.000005,,,,0.000006,,,,,,,,,,,,,,,0.000011,,,,,,0.0,,,,,,,,,,,,,,,0.0,,,,,,,,,,,,,,,,,,,,,,,,,,,,,,,,,,,,,,,,,,,,,,,,,,,,,,,,,
0.012796,0.000015,0.00008,0.000041,0.000085,0.000172,0.012622,0.016667,0.0,0.0,0.0,0.0,0.0,0.000015,0.000003,0.000001,0.000044,0.000028,0.0,0.000004,0.000021,0.00002,,,,,0.000017,,,0.000022,0.000013,,0.000011,0.000012,0.000005,,,,0.000007,,,,,,,,,,,,,,,0.00001,,,,,,0.000001,,,,,,,,,,,,,,,0.000001,,,,,,,,,,,,,,,,,,,,,,,,,,,,,,,,,,,,,,,,,,,,,,,,,,,,,,,,,
0.000618,0.0,0.0,0.0,0.000097,0.0,0.000616,0.016667,,,,,,,,,,,,,0.0,0.0,,,,,,,,0.000038,0.000014,,0.000014,0.000018,0.000007,,,,0.000008,,,,,,,,,,,,,,,0.000018,,,,,,0.000001,,,,,,,,,,,,,,,0.0,,,,,,,,,,,,,,,,,,,,,,,,,,,,,,,,,,,,,,,,,,,,,,,,,,,,,,,,,
0.004997,0.000002,0.000078,0.0001,0.000055,0.000105,0.004891,0.016667,0.0,0.0,0.0,0.0,0.0,0.000002,0.000002,0.000001,0.000035,0.000039,0.0,0.000001,0.000087,0.000013,,,,,0.000009,,,0.000014,0.000008,,0.000007,0.000009,0.000004,,,,0.000004,,,,,,,,,,,,,,,0.000011,,,,,,0.0,,,,,,,,,,,,,,,0.0,,,,,,,,,,,,,,,,,,,,,,,,,,,,,,,,,,,,,,,,,,,,,,,,,,,,,,,,,
0.00703,0.0,0.0,0.000051,0.000065,0.0,0.007028,0.016667,,,,,,,,,,,,,0.000026,0.000025,,,,,,,,0.000019,0.000014,,0.00001,0.00001,0.000006,,,,0.000006,,,,,,,,,,,,,,,0.000012,,,,,,0.0,,,,,,,,,,,,,,,0.0,,,,,,,,,,,,,,,,,,,,,,,,,,,,,,,,,,,,,,,,,,,,,,,,,,,,,,,,,
0.016049,0.000002,0.000067,0.000088,0.000092,0.000126,0.015922,0.016667,0.0,0.0,0.0,0.0,0.0,0.000002,0.000001,0.000001,0.000043,0.00002,0.000001,0.000001,0.00006,0.000028,,,,,0.000018,,,0.000026,0.000014,,0.000011,0.000015,0.000005,,,,0.000007,,,,,,,,,,,,,,,0.000011,,,,,,0.000001,,,,,,,,,,,,,,,0.000001,,,,,,,,,,,,,,,,,,,,,,,,,,,,,,,,,,,,,,,,,,,,,,,,,,,,,,,,,
0.004226,0.0,0.0,0.000011,0.000066,0.0,0.004223,0.016667,,,,,,,,,,,,,0.000003,0.000008,,,,,,,,0.000021,0.000011,,0.000011,0.000012,0.000004,,,,0.000007,,,,,,,,,,,,,,,0.000012,,,,,,0.0,,,,,,,,,,,,,,,0.000001,,,,,,,,,,,,,,,,,,,,,,,,,,,,,,,,,,,,,,,,,,,,,,,,,,,,,,,,,
0.000791,0.0,0.0,0.000001,0.000085,0.0,0.000789,0.016667,,,,,,,,,,,,,0.0,0.000001,,,,,,,,0.000024,0.000014,,0.000017,0.000013,0.000007,,,,0.000007,,,,,,,,,,,,,,,0.000015,,,,,,0.000001,,,,,,,,,,,,,,,0.000001,,,,,,,,,,,,,,,,,,,,,,,,,,,,,,,,,,,,,,,,,,,,,,,,,,,,,,,,,
0.013155,0.000003,0.000061,0.000037,0.000079,0.000133,0.01302,0.016667,0.0,0.0,0.0,0.0,0.0,0.000003,0.000002,0.000001,0.000039,0.000016,0.000001,0.000002,0.000018,0.000019,,,,,0.000014,,,0.000019,0.000017,,0.000009,0.000011,0.000005,,,,0.000006,,,,,,,,,,,,,,,0.000011,,,,,,0.0,,,,,,,,,,,,,,,0.0,,,,,,,,,,,,,,,,,,,,,,,,,,,,,,,,,,,,,,,,,,,,,,,,,,,,,,,,,
0.014783,0.0,0.0,0.000116,0.000089,0.0,0.014781,0.016667,,,,,,,,,,,,,0.000079,0.000037,,,,,,,,0.000029,0.000018,,0.000014,0.000015,0.000007,,,,0.000008,,,,,,,,,,,,,,,0.000015,,,,,,0.0,,,,,,,,,,,,,,,0.000001,,,,,,,,,,,,,,,,,,,,,,,,,,,,,,,,,,,,,,,,,,,,,,,,,,,,,,,,,
0.004172,0.000001,0.000078,0.000003,0.000084,0.000123,0.004047,0.016667,0.0,0.0,0.0,0.0,0.0,0.000001,0.000002,0.000001,0.000049,0.000025,0.0,0.000001,0.0,0.000003,,,,,0.000016,,,0.000023,0.000013,,0.000012,0.000013,0.000004,,,,0.000007,,,,,,,,,,,,,,,0.000011,,,,,,0.0,,,,,,,,,,,,,,,0.0,,,,,,,,,,,,,,,,,,,,,,,,,,,,,,,,,,,,,,,,,,,,,,,,,,,,,,,,,
0.001516,0.0,0.0,0.0,0.00006,0.0,0.001515,0.016667,,,,,,,,,,,,,0.0,0.0,,,,,,,,0.000017,0.000013,,0.000009,0.000009,0.000006,,,,0.000006,,,,,,,,,,,,,,,0.00001,,,,,,0.0,,,,,,,,,,,,,,,0.000001,,,,,,,,,,,,,,,,,,,,,,,,,,,,,,,,,,,,,,,,,,,,,,,,,,,,,,,,,
0.007059,0.0,0.0,0.000033,0.000056,0.0,0.007058,0.016667,,,,,,,,,,,,,0.000019,0.000014,,,,,,,,0.000015,0.000011,,0.000008,0.000009,0.000006,,,,0.000006,,,,,,,,,,,,,,,0.000011,,,,,,0.0,,,,,,,,,,,,,,,0.0,,,,,,,,,,,,,,,,,,,,,,,,,,,,,,,,,,,,,,,,,,,,,,,,,,,,,,,,,
0.007332,0.000002,0.000061,0.00011,0.000095,0.000162,0.007168,0.016667,0.0,0.0,0.0,0.0,0.0,0.000002,0.000001,0.000001,0.000044,0.000014,0.0,0.000001,0.000097,0.000013,,,,,0.000017,,,0.000024,0.000016,,0.000013,0.000013,0.000007,,,,0.000009,,,,,,,,,,,,,,,0.000011,,,,,,0.0,,,,,,,,,,,,,,,0.0,,,,,,,,,,,,,,,,,,,,,,,,,,,,,,,,,,,,,,,,,,,,,,,,,,,,,,,,,
0.013708,0.0,0.0,0.000039,0.000081,0.0,0.013706,0.016667,,,,,,,,,,,,,0.000013,0.000026,,,,,,,,0.000029,0.000014,,0.000013,0.000014,0.000005,,,,0.000008,,,,,,,,,,,,,,,0.000014,,,,,,0.0,,,,,,,,,,,,,,,0.000001,,,,,,,,,,,,,,,,,,,,,,,,,,,,,,,,,,,,,,,,,,,,,,,,,,,,,,,,,
0.00316,0.000004,0.000096,0.000003,0.000136,0.000176,0.00298,0.016667,0.0,0.0,0.0,0.0,0.0,0.000004,0.000016,0.0,0.000045,0.000033,0.0,0.000002,0.0,0.000003,,,,,0.000026,,,0.000033,0.000022,,0.000018,0.000019,0.000008,,,,0.000011,,,,,,,,,,,,,,,0.00002,,,,,,0.0,,,,,,,,,,,,,,,0.000001,,,,,,,,,,,,,,,,,,,,,,,,,,,,,,,,,,,,,,,,,,,,,,,,,,,,,,,,,
0.00323,0.0,0.0,0.000075,0.000056,0.0,0.003228,0.016667,,,,,,,,,,,,,0.000067,0.000008,,,,,,,,0.000015,0.000012,,0.000008,0.000008,0.000006,,,,0.000006,,,,,,,,,,,,,,,0.00001,,,,,,0.0,,,,,,,,,,,,,,,0.000001,,,,,,,,,,,,,,,,,,,,,,,,,,,,,,,,,,,,,,,,,,,,,,,,,,,,,,,,,
0.006969,0.000003,0.000078,0.000004,0.000079,0.000161,0.006806,0.016667,0.0,0.0,0.0,0.0,0.0,0.000003,0.000003,0.000001,0.000049,0.000024,0.0,0.000001,0.0,0.000004,,,,,0.000015,,,0.000021,0.000011,,0.000013,0.000012,0.000005,,,,0.000006,,,,,,,,,,,,,,,0.00001,,,,,,0.0,,,,,,,,,,,,,,,0.0,,,,,,,,,,,,,,,,,,,,,,,,,,,,,,,,,,,,,,,,,,,,,,,,,,,,,,,,,
0.006864,0.0,0.0,0.000029,0.000078,0.0,0.006862,0.016667,,,,,,,,,,,,,0.000016,0.000013,,,,,,,,0.000023,0.000014,,0.00001,0.000012,0.000007,,,,0.000012,,,,,,,,,,,,,,,0.000013,,,,,,0.0,,,,,,,,,,,,,,,0.000001,,,,,,,,,,,,,,,,,,,,,,,,,,,,,,,,,,,,,,,,,,,,,,,,,,,,,,,,,
0.016848,0.0,0.0,0.000117,0.000092,0.0,0.016846,0.016667,,,,,,,,,,,,,0.00008,0.000037,,,,,,,,0.000028,0.000018,,0.000013,0.000014,0.000007,,,,0.00001,,,,,,,,,,,,,,,0.000018,,,,,,0.0,,,,,,,,,,,,,,,0.000001,,,,,,,,,,,,,,,,,,,,,,,,,,,,,,,,,,,,,,,,,,,,,,,,,,,,,,,,,
0.000859,0.000002,0.000097,0.000001,0.000108,0.00013,0.000726,0.016667,0.0,0.0,0.0,0.0,0.0,0.000002,0.000002,0.000001,0.000036,0.000056,0.000001,0.000001,0.0,0.000001,,,,,0.000016,,,0.000029,0.000017,,0.000018,0.000016,0.000007,,,,0.000008,,,,,,,,,,,,,,,0.000014,,,,,,0.000001,,,,,,,,,,,,,,,0.000001,,,,,,,,,,,,,,,,,,,,,,,,,,,,,,,,,,,,,,,,,,,,,,,,,,,,,,,,,
0.002613,0.0,0.0,0.000002,0.000051,0.0,0.002611,0.016667,,,,,,,,,,,,,0.0,0.000002,,,,,,,,0.000014,0.000011,,0.000007,0.000008,0.000006,,,,0.000005,,,,,,,,,,,,,,,0.000008,,,,,,0.000001,,,,,,,,,,,,,,,0.0,,,,,,,,,,,,,,,,,,,,,,,,,,,,,,,,,,,,,,,,,,,,,,,,,,,,,,,,,
0.00711,0.000003,0.000072,0.000095,0.000048,0.0001,0.007008,0.016667,0.0,0.0,0.0,0.0,0.0,0.000003,0.000001,0.000001,0.000046,0.000022,0.000001,0.000001,0.000083,0.000012,,,,,0.000007,,,0.000013,0.000008,,0.000006,0.000008,0.000004,,,,0.000004,,,,,,,,,,,,,,,0.000007,,,,,,0.0,,,,,,,,,,,,,,,0.0,,,,,,,,,,,,,,,,,,,,,,,,,,,,,,,,,,,,,,,,,,,,,,,,,,,,,,,,,
0.008851,0.0,0.0,0.000078,0.000084,0.0,0.008849,0.016667,,,,,,,,,,,,,0.000038,0.00004,,,,,,,,0.000027,0.000016,,0.000013,0.000014,0.000006,,,,0.000008,,,,,,,,,,,,,,,0.000015,,,,,,0.000001,,,,,,,,,,,,,,,0.000001,,,,,,,,,,,,,,,,,,,,,,,,,,,,,,,,,,,,,,,,,,,,,,,,,,,,,,,,,
0.012065,0.0,0.0,0.00008,0.000073,0.0,0.012063,0.016667,,,,,,,,,,,,,0.000058,0.000022,,,,,,,,0.000024,0.000013,,0.000011,0.000013,0.000005,,,,0.000007,,,,,,,,,,,,,,,0.000012,,,,,,0.000001,,,,,,,,,,,,,,,0.000001,,,,,,,,,,,,,,,,,,,,,,,,,,,,,,,,,,,,,,,,,,,,,,,,,,,,,,,,,
0.00083,0.000003,0.00007,0.0,0.00012,0.00015,0.000678,0.016667,0.0,0.0,0.0,0.0,0.0,0.000003,0.000001,0.000001,0.000041,0.000025,0.0,0.000002,0.0,0.0,,,,,0.000019,,,0.000027,0.000018,,0.000018,0.000017,0.000008,,,,0.000012,,,,,,,,,,,,,,,0.000018,,,,,,0.0,,,,,,,,,,,,,,,0.000001,,,,,,,,,,,,,,,,,,,,,,,,,,,,,,,,,,,,,,,,,,,,,,,,,,,,,,,,,
0.005628,0.0,0.0,0.000029,0.00005,0.0,0.005626,0.016667,,,,,,,,,,,,,0.000017,0.000012,,,,,,,,0.000014,0.000009,,0.000008,0.000008,0.000004,,,,0.000005,,,,,,,,,,,,,,,0.000009,,,,,,0.000001,,,,,,,,,,,,,,,0.000001,,,,,,,,,,,,,,,,,,,,,,,,,,,,,,,,,,,,,,,,,,,,,,,,,,,,,,,,,
0.006813,0.000002,0.000073,0.000005,0.000086,0.000089,0.006722,0.016667,0.0,0.0,0.0,0.0,0.0,0.000002,0.000002,0.000001,0.000053,0.000016,0.0,0.000001,0.0,0.000005,,,,,0.000011,,,0.000022,0.000014,,0.000012,0.000013,0.000006,,,,0.000008,,,,,,,,,,,,,,,0.000012,,,,,,0.000001,,,,,,,,,,,,,,,0.000001,,,,,,,,,,,,,,,,,,,,,,,,,,,,,,,,,,,,,,,,,,,,,,,,,,,,,,,,,
0.021161,0.0,0.0,0.000118,0.000078,0.0,0.021159,0.016667,,,,,,,,,,,,,0.000071,0.000047,,,,,,,,0.000023,0.000016,,0.000012,0.000013,0.000007,,,,0.000007,,,,,,,,,,,,,,,0.000014,,,,,,0.0,,,,,,,,,,,,,,,0.000001,,,,,,,,,,,,,,,,,,,,,,,,,,,,,,,,,,,,,,,,,,,,,,,,,,,,,,,,,
0.000851,0.000004,0.000047,0.000027,0.000094,0.000169,0.000679,0.016667,0.0,0.0,0.0,0.0,0.0,0.000004,0.000002,0.0,0.000033,0.000008,0.0,0.000004,0.000017,0.00001,,,,,0.00002,,,0.000022,0.000014,,0.000016,0.000012,0.000005,,,,0.000007,,,,,,,,,,,,,,,0.000011,,,,,,0.000001,,,,,,,,,,,,,,,0.0,,,,,,,,,,,,,,,,,,,,,,,,,,,,,,,,,,,,,,,,,,,,,,,,,,,,,,,,,
0.000349,0.0,0.0,0.0,0.000033,0.0,0.000348,0.016667,,,,,,,,,,,,,0.0,0.0,,,,,,,,0.00001,0.000007,,0.000005,0.000006,0.000003,,,,0.000003,,,,,,,,,,,,,,,0.000006,,,,,,0.0,,,,,,,,,,,,,,,0.0,,,,,,,,,,,,,,,,,,,,,,,,,,,,,,,,,,,,,,,,,,,,,,,,,,,,,,,,,
0.012103,0.0,0.0,0.000044,0.000029,0.0,0.012102,0.016667,,,,,,,,,,,,,0.000018,0.000026,,,,,,,,0.000007,0.000006,,0.000004,0.000005,0.000003,,,,0.000003,,,,,,,,,,,,,,,0.000005,,,,,,0.0,,,,,,,,,,,,,,,0.000001,,,,,,,,,,,,,,,,,,,,,,,,,,,,,,,,,,,,,,,,,,,,,,,,,,,,,,,,,
0.014881,0.000005,0.000081,0.000096,0.000116,0.000156,0.014722,0.016667,0.0,0.0,0.0,0.0,0.0,0.000005,0.000002,0.0,0.000058,0.00002,0.0,0.000001,0.00006,0.000036,,,,,0.000024,,,0.000027,0.000017,,0.000017,0.000016,0.000006,,,,0.00001,,,,,,,,,,,,,,,0.000016,,,,,,0.0,,,,,,,,,,,,,,,0.000001,,,,,,,,,,,,,,,,,,,,,,,,,,,,,,,,,,,,,,,,,,,,,,,,,,,,,,,,,
0.004436,0.000002,0.000064,0.000028,0.0001,0.000135,0.0043,0.016667,0.0,0.0,0.0,0.0,0.0,0.000002,0.000002,0.000001,0.000041,0.000018,0.0,0.000002,0.000016,0.000012,,,,,0.000015,,,0.000027,0.000015,,0.000014,0.000017,0.000006,,,,0.000008,,,,,,,,,,,,,,,0.000015,,,,,,0.0,,,,,,,,,,,,,,,0.000001,,,,,,,,,,,,,,,,,,,,,,,,,,,,,,,,,,,,,,,,,,,,,,,,,,,,,,,,,
0.000524,0.0,0.0,0.0,0.000072,0.0,0.000523,0.016667,,,,,,,,,,,,,0.0,0.0,,,,,,,,0.000023,0.000014,,0.000011,0.000012,0.000005,,,,0.000007,,,,,,,,,,,,,,,0.000013,,,,,,0.0,,,,,,,,,,,,,,,0.000001,,,,,,,,,,,,,,,,,,,,,,,,,,,,,,,,,,,,,,,,,,,,,,,,,,,,,,,,,
0.006987,0.000002,0.00008,0.00009,0.000081,0.000115,0.00687,0.016667,0.0,0.0,0.0,0.0,0.0,0.000002,0.000002,0.0,0.000038,0.000039,0.0,0.000001,0.000077,0.000013,,,,,0.00001,,,0.000022,0.000014,,0.000011,0.000015,0.000006,,,,0.000008,,,,,,,,,,,,,,,0.000011,,,,,,0.0,,,,,,,,,,,,,,,0.0,,,,,,,,,,,,,,,,,,,,,,,,,,,,,,,,,,,,,,,,,,,,,,,,,,,,,,,,,
0.006976,0.0,0.0,0.000021,0.000079,0.0,0.006973,0.016667,,,,,,,,,,,,,0.0,0.000021,,,,,,,,0.000027,0.000014,,0.000013,0.000014,0.000005,,,,0.000008,,,,,,,,,,,,,,,0.000014,,,,,,0.0,,,,,,,,,,,,,,,0.0,,,,,,,,,,,,,,,,,,,,,,,,,,,,,,,,,,,,,,,,,,,,,,,,,,,,,,,,,
0.014124,0.000003,0.000071,0.000136,0.000172,0.000143,0.013979,0.016667,0.0,0.0,0.0,0.0,0.0,0.000003,0.000002,0.000001,0.000046,0.000019,0.000001,0.000002,0.000094,0.000042,,,,,0.00002,,,0.000028,0.000014,,0.000011,0.000016,0.000079,,,,0.000007,,,,,,,,,,,,,,,0.000014,,,,,,0.0,,,,,,,,,,,,,,,0.000001,,,,,,,,,,,,,,,,,,,,,,,,,,,,,,,,,,,,,,,,,,,,,,,,,,,,,,,,,
0.004158,0.0,0.0,0.000007,0.000079,0.0,0.004156,0.016667,,,,,,,,,,,,,0.0,0.000007,,,,,,,,0.000025,0.000015,,0.000012,0.000014,0.000005,,,,0.000007,,,,,,,,,,,,,,,0.000015,,,,,,0.0,,,,,,,,,,,,,,,0.000001,,,,,,,,,,,,,,,,,,,,,,,,,,,,,,,,,,,,,,,,,,,,,,,,,,,,,,,,,
0.002009,0.000002,0.000066,0.000002,0.000108,0.000158,0.001849,0.016667,0.0,0.0,0.0,0.0,0.0,0.000002,0.000002,0.000001,0.000043,0.000017,0.000001,0.000002,0.0,0.000002,,,,,0.000017,,,0.000029,0.000019,,0.000015,0.000017,0.000007,,,,0.000009,,,,,,,,,,,,,,,0.000014,,,,,,0.0,,,,,,,,,,,,,,,0.0,,,,,,,,,,,,,,,,,,,,,,,,,,,,,,,,,,,,,,,,,,,,,,,,,,,,,,,,,
0.007763,0.0,0.0,0.000029,0.000072,0.0,0.007761,0.016667,,,,,,,,,,,,,0.000012,0.000017,,,,,,,,0.000025,0.000013,,0.000011,0.000013,0.000005,,,,0.000007,,,,,,,,,,,,,,,0.000013,,,,,,0.0,,,,,,,,,,,,,,,0.0,,,,,,,,,,,,,,,,,,,,,,,,,,,,,,,,,,,,,,,,,,,,,,,,,,,,,,,,,
0.006038,0.0,0.0,0.000055,0.000074,0.0,0.006036,0.016667,,,,,,,,,,,,,0.000039,0.000016,,,,,,,,0.000024,0.000014,,0.000011,0.000013,0.000005,,,,0.000007,,,,,,,,,,,,,,,0.000014,,,,,,0.0,,,,,,,,,,,,,,,0.000001,,,,,,,,,,,,,,,,,,,,,,,,,,,,,,,,,,,,,,,,,,,,,,,,,,,,,,,,,
0.014466,0.000003,0.000092,0.000086,0.000116,0.000146,0.014317,0.016667,0.0,0.0,0.0,0.0,0.0,0.000003,0.000002,0.0,0.000043,0.000046,0.0,0.000001,0.000049,0.000037,,,,,0.000018,,,0.000029,0.000019,,0.000013,0.000016,0.000008,,,,0.00001,,,,,,,,,,,,,,,0.000018,,,,,,0.000001,,,,,,,,,,,,,,,0.000001,,,,,,,,,,,,,,,,,,,,,,,,,,,,,,,,,,,,,,,,,,,,,,,,,,,,,,,,,
0.001356,0.0,0.0,0.000004,0.000079,0.0,0.001354,0.016667,,,,,,,,,,,,,0.0,0.000004,,,,,,,,0.000026,0.000015,,0.000012,0.000014,0.000005,,,,0.000007,,,,,,,,,,,,,,,0.000014,,,,,,0.0,,,,,,,,,,,,,,,0.000001,,,,,,,,,,,,,,,,,,,,,,,,,,,,,,,,,,,,,,,,,,,,,,,,,,,,,,,,,
0.004684,0.000002,0.000074,0.00005,0.000087,0.00014,0.00454,0.016667,0.0,0.0,0.0,0.0,0.0,0.000002,0.000002,0.0,0.000036,0.000034,0.0,0.000002,0.000042,0.000008,,,,,0.000015,,,0.000021,0.000013,,0.000011,0.000013,0.000006,,,,0.000008,,,,,,,,,,,,,,,0.000013,,,,,,0.0,,,,,,,,,,,,,,,0.000001,,,,,,,,,,,,,,,,,,,,,,,,,,,,,,,,,,,,,,,,,,,,,,,,,,,,,,,,,
0.006738,0.0,0.0,0.000011,0.000082,0.0,0.006736,0.016667,,,,,,,,,,,,,0.0,0.000011,,,,,,,,0.00003,0.000015,,0.000014,0.000016,0.000005,,,,0.000008,,,,,,,,,,,,,,,0.000012,,,,,,0.0,,,,,,,,,,,,,,,0.0,,,,,,,,,,,,,,,,,,,,,,,,,,,,,,,,,,,,,,,,,,,,,,,,,,,,,,,,,
0.007051,0.0,0.0,0.000083,0.000083,0.0,0.007049,0.016667,,,,,,,,,,,,,0.00007,0.000013,,,,,,,,0.000028,0.000015,,0.000013,0.000015,0.000005,,,,0.000008,,,,,,,,,,,,,,,0.000015,,,,,,0.0,,,,,,,,,,,,,,,0.000001,,,,,,,,,,,,,,,,,,,,,,,,,,,,,,,,,,,,,,,,,,,,,,,,,,,,,,,,,
0.01097,0.000002,0.000085,0.000091,0.000094,0.000149,0.010818,0.016667,0.0,0.0,0.0,0.0,0.0,0.000002,0.000002,0.000001,0.000053,0.000026,0.0,0.000003,0.000063,0.000028,,,,,0.000019,,,0.000026,0.000015,,0.000012,0.000014,0.000005,,,,0.000007,,,,,,,,,,,,,,,0.000011,,,,,,0.0,,,,,,,,,,,,,,,0.000001,,,,,,,,,,,,,,,,,,,,,,,,,,,,,,,,,,,,,,,,,,,,,,,,,,,,,,,,,
0.004332,0.0,0.0,0.000028,0.000073,0.0,0.00433,0.016667,,,,,,,,,,,,,0.000013,0.000015,,,,,,,,0.000025,0.000012,,0.000012,0.000013,0.000005,,,,0.000007,,,,,,,,,,,,,,,0.000012,,,,,,0.0,,,,,,,,,,,,,,,0.000001,,,,,,,,,,,,,,,,,,,,,,,,,,,,,,,,,,,,,,,,,,,,,,,,,,,,,,,,,
0.005383,0.000002,0.000069,0.000006,0.000092,0.000119,0.005261,0.016667,0.0,0.0,0.0,0.0,0.0,0.000002,0.000003,0.000001,0.000045,0.000019,0.0,0.000001,0.0,0.000006,,,,,0.000017,,,0.000024,0.000015,,0.000011,0.000014,0.000005,,,,0.000008,,,,,,,,,,,,,,,0.000012,,,,,,0.0,,,,,,,,,,,,,,,0.000001,,,,,,,,,,,,,,,,,,,,,,,,,,,,,,,,,,,,,,,,,,,,,,,,,,,,,,,,,
0.006459,0.0,0.0,0.00008,0.000207,0.0,0.006454,0.016667,,,,,,,,,,,,,0.000058,0.000022,,,,,,,,0.000075,0.000036,,0.000034,0.000041,0.000012,,,,0.000016,,,,,,,,,,,,,,,0.000036,,,,,,0.0,,,,,,,,,,,,,,,0.000002,,,,,,,,,,,,,,,,,,,,,,,,,,,,,,,,,,,,,,,,,,,,,,,,,,,,,,,,,
0.019806,0.000003,0.000057,0.000085,0.000103,0.000152,0.019651,0.016667,0.0,0.0,0.0,0.0,0.0,0.000003,0.000002,0.0,0.000034,0.000019,0.0,0.000002,0.00002,0.000065,,,,,0.000022,,,0.000028,0.000015,,0.000013,0.000015,0.000005,,,,0.000008,,,,,,,,,,,,,,,0.000015,,,,,,0.0,,,,,,,,,,,,,,,0.0,,,,,,,,,,,,,,,,,,,,,,,,,,,,,,,,,,,,,,,,,,,,,,,,,,,,,,,,,
0.000914,0.0,0.0,0.000002,0.00015,0.0,0.00091,0.016667,,,,,,,,,,,,,0.0,0.000002,,,,,,,,0.000042,0.000025,,0.000023,0.000021,0.00001,,,,0.000017,,,,,,,,,,,,,,,0.000035,,,,,,0.0,,,,,,,,,,,,,,,0.000002,,,,,,,,,,,,,,,,,,,,,,,,,,,,,,,,,,,,,,,,,,,,,,,,,,,,,,,,,
0.000502,0.0,0.0,0.0,0.000061,0.0,0.0005,0.016667,,,,,,,,,,,,,0.0,0.0,,,,,,,,0.00002,0.00001,,0.00001,0.000012,0.000005,,,,0.000006,,,,,,,,,,,,,,,0.000011,,,,,,0.0,,,,,,,,,,,,,,,0.0,,,,,,,,,,,,,,,,,,,,,,,,,,,,,,,,,,,,,,,,,,,,,,,,,,,,,,,,,
0.012937,0.000002,0.000065,0.000198,0.00006,0.000111,0.012825,0.016667,0.0,0.0,0.0,0.0,0.0,0.000002,0.000002,0.000001,0.000047,0.000014,0.0,0.000001,0.000093,0.000105,,,,,0.00001,,,0.000014,0.000009,,0.000008,0.000009,0.000005,,,,0.000006,,,,,,,,,,,,,,,0.000008,,,,,,0.0,,,,,,,,,,,,,,,0.000001,,,,,,,,,,,,,,,,,,,,,,,,,,,,,,,,,,,,,,,,,,,,,,,,,,,,,,,,,
0.01527,0.0,0.0,0.000102,0.000088,0.0,0.015268,0.016667,,,,,,,,,,,,,0.000072,0.00003,,,,,,,,0.000028,0.000017,,0.000012,0.000016,0.000007,,,,0.000008,,,,,,,,,,,,,,,0.000017,,,,,,0.0,,,,,,,,,,,,,,,0.0,,,,,,,,,,,,,,,,,,,,,,,,,,,,,,,,,,,,,,,,,,,,,,,,,,,,,,,,,
0.00404,0.000003,0.00007,0.000002,0.000111,0.000155,0.003883,0.016667,0.0,0.0,0.0,0.0,0.0,0.000003,0.000001,0.000001,0.000038,0.000027,0.000001,0.000002,0.0,0.000002,,,,,0.000019,,,0.000029,0.000018,,0.000013,0.000017,0.000007,,,,0.00001,,,,,,,,,,,,,,,0.000015,,,,,,0.0,,,,,,,,,,,,,,,0.000001,,,,,,,,,,,,,,,,,,,,,,,,,,,,,,,,,,,,,,,,,,,,,,,,,,,,,,,,,
0.001436,0.0,0.0,0.000032,0.000054,0.0,0.001435,0.016667,,,,,,,,,,,,,0.000022,0.00001,,,,,,,,0.000017,0.000011,,0.000009,0.000009,0.000004,,,,0.000006,,,,,,,,,,,,,,,0.000009,,,,,,0.0,,,,,,,,,,,,,,,0.0,,,,,,,,,,,,,,,,,,,,,,,,,,,,,,,,,,,,,,,,,,,,,,,,,,,,,,,,,
0.007199,0.0,0.0,0.000012,0.000074,0.0,0.007198,0.016667,,,,,,,,,,,,,0.0,0.000012,,,,,,,,0.000026,0.000014,,0.000012,0.000013,0.000005,,,,0.000006,,,,,,,,,,,,,,,0.000013,,,,,,0.0,,,,,,,,,,,,,,,0.000001,,,,,,,,,,,,,,,,,,,,,,,,,,,,,,,,,,,,,,,,,,,,,,,,,,,,,,,,,
0.006497,0.000005,0.000082,0.000028,0.00033,0.000598,0.005892,0.016667,0.0,0.0,0.0,0.0,0.0,0.000005,0.000001,0.000001,0.000045,0.00003,0.0,0.000005,0.000011,0.000017,,,,,0.000222,,,0.000051,0.000018,,0.000014,0.000022,0.000007,,,,0.000009,,,,,,,,,,,,,,,0.000014,,,,,,0.0,,,,,,,,,,,,,,,0.000001,,,,,,,,,,,,,,,,,,,,,,,,,,,,,,,,,,,,,,,,,,,,,,,,,,,,,,,,,
0.014025,0.0,0.0,0.000109,0.000086,0.0,0.014023,0.016667,,,,,,,,,,,,,0.000087,0.000022,,,,,,,,0.000026,0.000016,,0.000013,0.000015,0.000007,,,,0.000009,,,,,,,,,,,,,,,0.000015,,,,,,0.0,,,,,,,,,,,,,,,0.000001,,,,,,,,,,,,,,,,,,,,,,,,,,,,,,,,,,,,,,,,,,,,,,,,,,,,,,,,,
0.004098,0.000002,0.00021,0.000025,0.000098,0.000123,0.003973,0.016667,0.0,0.0,0.0,0.0,0.0,0.000002,0.000007,0.000002,0.000137,0.000061,0.000001,0.000002,0.00001,0.000015,,,,,0.000015,,,0.000028,0.000014,,0.000014,0.000016,0.000007,,,,0.000009,,,,,,,,,,,,,,,0.000013,,,,,,0.0,,,,,,,,,,,,,,,0.000001,,,,,,,,,,,,,,,,,,,,,,,,,,,,,,,,,,,,,,,,,,,,,,,,,,,,,,,,,
0.00217,0.0,0.0,0.000003,0.000086,0.0,0.002167,0.016667,,,,,,,,,,,,,0.0,0.000003,,,,,,,,0.000028,0.000016,,0.000014,0.000016,0.000006,,,,0.000009,,,,,,,,,,,,,,,0.000014,,,,,,0.0,,,,,,,,,,,,,,,0.0,,,,,,,,,,,,,,,,,,,,,,,,,,,,,,,,,,,,,,,,,,,,,,,,,,,,,,,,,
0.00727,0.000002,0.00007,0.000076,0.000097,0.00012,0.007149,0.016667,0.0,0.0,0.0,0.0,0.0,0.000002,0.000002,0.000001,0.000042,0.000024,0.0,0.000001,0.000064,0.000012,,,,,0.000014,,,0.000027,0.000015,,0.000013,0.000015,0.000007,,,,0.000009,,,,,,,,,,,,,,,0.000014,,,,,,0.0,,,,,,,,,,,,,,,0.000001,,,,,,,,,,,,,,,,,,,,,,,,,,,,,,,,,,,,,,,,,,,,,,,,,,,,,,,,,
0.006853,0.0,0.0,0.000006,0.000071,0.0,0.006851,0.016667,,,,,,,,,,,,,0.0,0.000006,,,,,,,,0.000024,0.000013,,0.000011,0.000012,0.000004,,,,0.000007,,,,,,,,,,,,,,,0.000013,,,,,,0.0,,,,,,,,,,,,,,,0.000001,,,,,,,,,,,,,,,,,,,,,,,,,,,,,,,,,,,,,,,,,,,,,,,,,,,,,,,,,
0.015971,0.0,0.0,0.000151,0.000129,0.0,0.015968,0.016667,,,,,,,,,,,,,0.000118,0.000033,,,,,,,,0.000029,0.000016,,0.000059,0.000014,0.000005,,,,0.000008,,,,,,,,,,,,,,,0.000015,,,,,,0.0,,,,,,,,,,,,,,,0.0,,,,,,,,,,,,,,,,,,,,,,,,,,,,,,,,,,,,,,,,,,,,,,,,,,,,,,,,,
0.000863,0.000015,0.000065,0.0,0.000104,0.000192,0.000669,0.016667,0.0,0.0,0.0,0.0,0.0,0.000015,0.000001,0.000001,0.000041,0.000021,0.0,0.000001,0.0,0.0,,,,,0.000017,,,0.000028,0.000017,,0.000014,0.000016,0.000007,,,,0.000009,,,,,,,,,,,,,,,0.000014,,,,,,0.0,,,,,,,,,,,,,,,0.000001,,,,,,,,,,,,,,,,,,,,,,,,,,,,,,,,,,,,,,,,,,,,,,,,,,,,,,,,,
0.003401,0.0,0.0,0.000003,0.00005,0.0,0.0034,0.016667,,,,,,,,,,,,,0.0,0.000003,,,,,,,,0.000012,0.000011,,0.000007,0.000008,0.000007,,,,0.000005,,,,,,,,,,,,,,,0.000008,,,,,,0.0,,,,,,,,,,,,,,,0.0,,,,,,,,,,,,,,,,,,,,,,,,,,,,,,,,,,,,,,,,,,,,,,,,,,,,,,,,,
0.00723,0.000008,0.000116,0.000022,0.000178,0.00032,0.006906,0.016667,0.0,0.0,0.0,0.0,0.0,0.000008,0.000001,0.000001,0.000074,0.000035,0.0,0.000005,0.000012,0.00001,,,,,0.000039,,,0.000031,0.000029,,0.000024,0.000025,0.00001,,,,0.000017,,,,,,,,,,,,,,,0.000026,,,,,,0.000001,,,,,,,,,,,,,,,0.000002,,,,,,,,,,,,,,,,,,,,,,,,,,,,,,,,,,,,,,,,,,,,,,,,,,,,,,,,,
0.007681,0.0,0.0,0.000072,0.000152,0.0,0.007679,0.016667,,,,,,,,,,,,,0.000056,0.000016,,,,,,,,0.000024,0.000015,,0.000012,0.000014,0.000005,,,,0.000007,,,,,,,,,,,,,,,0.000089,,,,,,0.0,,,,,,,,,,,,,,,0.000001,,,,,,,,,,,,,,,,,,,,,,,,,,,,,,,,,,,,,,,,,,,,,,,,,,,,,,,,,
0.01327,0.0,0.0,0.000032,0.00007,0.0,0.013269,0.016667,,,,,,,,,,,,,0.000017,0.000015,,,,,,,,0.000024,0.000013,,0.000011,0.000012,0.000005,,,,0.000006,,,,,,,,,,,,,,,0.000013,,,,,,0.0,,,,,,,,,,,,,,,0.000001,,,,,,,,,,,,,,,,,,,,,,,,,,,,,,,,,,,,,,,,,,,,,,,,,,,,,,,,,
0.00076,0.000002,0.000163,0.0,0.000111,0.000139,0.000619,0.016667,0.0,0.0,0.0,0.0,0.0,0.000002,0.000005,0.000001,0.000145,0.00001,0.0,0.000002,0.0,0.0,,,,,0.000016,,,0.000034,0.000018,,0.000014,0.000021,0.000007,,,,0.000009,,,,,,,,,,,,,,,0.000014,,,,,,0.000001,,,,,,,,,,,,,,,0.000001,,,,,,,,,,,,,,,,,,,,,,,,,,,,,,,,,,,,,,,,,,,,,,,,,,,,,,,,,
0.006072,0.0,0.0,0.000065,0.000035,0.0,0.006071,0.016667,,,,,,,,,,,,,0.000052,0.000013,,,,,,,,0.000009,0.000007,,0.000006,0.000006,0.000003,,,,0.000004,,,,,,,,,,,,,,,0.000006,,,,,,0.0,,,,,,,,,,,,,,,0.0,,,,,,,,,,,,,,,,,,,,,,,,,,,,,,,,,,,,,,,,,,,,,,,,,,,,,,,,,
0.006313,0.000002,0.000077,0.000015,0.000085,0.000109,0.006203,0.016667,0.0,0.0,0.0,0.0,0.0,0.000002,0.000001,0.000001,0.000044,0.000028,0.000001,0.000002,0.000004,0.000011,,,,,0.000015,,,0.000022,0.000013,,0.000014,0.000013,0.000004,,,,0.000006,,,,,,,,,,,,,,,0.000011,,,,,,0.0,,,,,,,,,,,,,,,0.000001,,,,,,,,,,,,,,,,,,,,,,,,,,,,,,,,,,,,,,,,,,,,,,,,,,,,,,,,,
0.01499,0.0,0.0,0.000036,0.000067,0.0,0.014988,0.016667,,,,,,,,,,,,,0.000012,0.000024,,,,,,,,0.000021,0.000013,,0.000011,0.000012,0.000004,,,,0.000007,,,,,,,,,,,,,,,0.000011,,,,,,0.0,,,,,,,,,,,,,,,0.000001,,,,,,,,,,,,,,,,,,,,,,,,,,,,,,,,,,,,,,,,,,,,,,,,,,,,,,,,,
0.005194,0.000002,0.000051,0.00002,0.000079,0.000127,0.005065,0.016667,0.0,0.0,0.0,0.0,0.0,0.000002,0.000002,0.000001,0.000031,0.000016,0.0,0.000001,0.000011,0.000009,,,,,0.000015,,,0.000022,0.000012,,0.000011,0.000012,0.000005,,,,0.000007,,,,,,,,,,,,,,,0.00001,,,,,,0.0,,,,,,,,,,,,,,,0.0,,,,,,,,,,,,,,,,,,,,,,,,,,,,,,,,,,,,,,,,,,,,,,,,,,,,,,,,,
0.00067,0.0,0.0,0.0,0.000081,0.0,0.000668,0.016667,,,,,,,,,,,,,0.0,0.0,,,,,,,,0.000025,0.000015,,0.000012,0.000013,0.000007,,,,0.000008,,,,,,,,,,,,,,,0.000015,,,,,,0.000001,,,,,,,,,,,,,,,0.000001,,,,,,,,,,,,,,,,,,,,,,,,,,,,,,,,,,,,,,,,,,,,,,,,,,,,,,,,,
0.006667,0.0,0.0,0.000006,0.000044,0.0,0.006667,0.016667,,,,,,,,,,,,,0.0,0.000006,,,,,,,,0.000014,0.000008,,0.000007,0.000007,0.000004,,,,0.000004,,,,,,,,,,,,,,,0.000009,,,,,,0.0,,,,,,,,,,,,,,,0.0,,,,,,,,,,,,,,,,,,,,,,,,,,,,,,,,,,,,,,,,,,,,,,,,,,,,,,,,,
0.007122,0.000003,0.000074,0.000074,0.000122,0.00017,0.006949,0.016667,0.0,0.0,0.0,0.0,0.0,0.000003,0.000002,0.0,0.000031,0.000038,0.0,0.000003,0.000057,0.000017,,,,,0.000023,,,0.000025,0.000019,,0.000015,0.000015,0.000009,,,,0.000012,,,,,,,,,,,,,,,0.000019,,,,,,0.0,,,,,,,,,,,,,,,0.000002,,,,,,,,,,,,,,,,,,,,,,,,,,,,,,,,,,,,,,,,,,,,,,,,,,,,,,,,,
0.014124,0.0,0.0,0.000032,0.00022,0.0,0.014121,0.016667,,,,,,,,,,,,,0.000013,0.000019,,,,,,,,0.000099,0.000022,,0.000016,0.00008,0.000007,,,,0.000059,,,,,,,,,,,,,,,0.00002,,,,,,0.0,,,,,,,,,,,,,,,0.000001,,,,,,,,,,,,,,,,,,,,,,,,,,,,,,,,,,,,,,,,,,,,,,,,,,,,,,,,,
0.00427,0.000002,0.000078,0.000103,0.000085,0.00015,0.004118,0.016667,0.0,0.0,0.0,0.0,0.0,0.000002,0.000004,0.000001,0.000054,0.000016,0.000001,0.000002,0.00009,0.000013,,,,,0.000018,,,0.000021,0.000013,,0.000011,0.000012,0.000005,,,,0.000007,,,,,,,,,,,,,,,0.000011,,,,,,0.0,,,,,,,,,,,,,,,0.000001,,,,,,,,,,,,,,,,,,,,,,,,,,,,,,,,,,,,,,,,,,,,,,,,,,,,,,,,,
0.001786,0.0,0.0,0.000002,0.000071,0.0,0.001785,0.016667,,,,,,,,,,,,,0.0,0.000002,,,,,,,,0.00002,0.000014,,0.000011,0.000011,0.000007,,,,0.000007,,,,,,,,,,,,,,,0.000013,,,,,,0.0,,,,,,,,,,,,,,,0.000001,,,,,,,,,,,,,,,,,,,,,,,,,,,,,,,,,,,,,,,,,,,,,,,,,,,,,,,,,
0.007204,0.0,0.0,0.000031,0.000043,0.0,0.007203,0.016667,,,,,,,,,,,,,0.000019,0.000012,,,,,,,,0.000013,0.000008,,0.000006,0.000007,0.000004,,,,0.000004,,,,,,,,,,,,,,,0.000008,,,,,,0.0,,,,,,,,,,,,,,,0.000001,,,,,,,,,,,,,,,,,,,,,,,,,,,,,,,,,,,,,,,,,,,,,,,,,,,,,,,,,
0.00681,0.000001,0.000067,0.000098,0.000101,0.000118,0.00669,0.016667,0.0,0.0,0.0,0.0,0.0,0.000001,0.000001,0.000001,0.000033,0.000029,0.000001,0.000002,0.000081,0.000017,,,,,0.000016,,,0.000025,0.000015,,0.000018,0.000014,0.000006,,,,0.000008,,,,,,,,,,,,,,,0.000013,,,,,,0.000001,,,,,,,,,,,,,,,0.000001,,,,,,,,,,,,,,,,,,,,,,,,,,,,,,,,,,,,,,,,,,,,,,,,,,,,,,,,,
0.014038,0.0,0.0,0.000041,0.000072,0.0,0.014036,0.016667,,,,,,,,,,,,,0.000012,0.000029,,,,,,,,0.000025,0.000013,,0.000012,0.000012,0.000005,,,,0.000006,,,,,,,,,,,,,,,0.000013,,,,,,0.0,,,,,,,,,,,,,,,0.000001,,,,,,,,,,,,,,,,,,,,,,,,,,,,,,,,,,,,,,,,,,,,,,,,,,,,,,,,,
0.003348,0.000004,0.000059,0.000003,0.000133,0.000188,0.003155,0.016667,0.0,0.0,0.0,0.0,0.0,0.000004,0.000001,0.000001,0.000044,0.000009,0.000001,0.000003,0.0,0.000003,,,,,0.000028,,,0.000037,0.000018,,0.00002,0.000022,0.000007,,,,0.000009,,,,,,,,,,,,,,,0.000015,,,,,,0.0,,,,,,,,,,,,,,,0.000001,,,,,,,,,,,,,,,,,,,,,,,,,,,,,,,,,,,,,,,,,,,,,,,,,,,,,,,,,
0.001948,0.0,0.0,0.000088,0.000065,0.0,0.001946,0.016667,,,,,,,,,,,,,0.000077,0.000011,,,,,,,,0.000021,0.00001,,0.00001,0.000012,0.000005,,,,0.000007,,,,,,,,,,,,,,,0.000012,,,,,,0.0,,,,,,,,,,,,,,,0.000001,,,,,,,,,,,,,,,,,,,,,,,,,,,,,,,,,,,,,,,,,,,,,,,,,,,,,,,,,
0.006962,0.000003,0.000082,0.000014,0.000142,0.000128,0.006832,0.016667,0.0,0.0,0.0,0.0,0.0,0.000003,0.000003,0.000001,0.000055,0.00002,0.000001,0.000002,0.0,0.000014,,,,,0.000016,,,0.000084,0.000011,,0.000009,0.000075,0.000005,,,,0.000005,,,,,,,,,,,,,,,0.000011,,,,,,0.0,,,,,,,,,,,,,,,0.000002,,,,,,,,,,,,,,,,,,,,,,,,,,,,,,,,,,,,,,,,,,,,,,,,,,,,,,,,,
0.007069,0.0,0.0,0.000022,0.000095,0.0,0.007067,0.016667,,,,,,,,,,,,,0.000012,0.00001,,,,,,,,0.00003,0.000018,,0.000014,0.000016,0.000007,,,,0.000009,,,,,,,,,,,,,,,0.000016,,,,,,0.000001,,,,,,,,,,,,,,,0.000001,,,,,,,,,,,,,,,,,,,,,,,,,,,,,,,,,,,,,,,,,,,,,,,,,,,,,,,,,
0.015582,0.0,0.0,0.000118,0.00009,0.0,0.01558,0.016667,,,,,,,,,,,,,0.000092,0.000026,,,,,,,,0.000031,0.000016,,0.000015,0.000018,0.000005,,,,0.000008,,,,,,,,,,,,,,,0.000016,,,,,,0.0,,,,,,,,,,,,,,,0.000001,,,,,,,,,,,,,,,,,,,,,,,,,,,,,,,,,,,,,,,,,,,,,,,,,,,,,,,,,
0.00075,0.000002,0.000069,0.0,0.000087,0.000122,0.000626,0.016667,0.0,0.0,0.0,0.0,0.0,0.000002,0.000002,0.000001,0.00004,0.000024,0.0,0.000002,0.0,0.0,,,,,0.000016,,,0.000022,0.000013,,0.000014,0.000012,0.000005,,,,0.000007,,,,,,,,,,,,,,,0.000011,,,,,,0.0,,,,,,,,,,,,,,,0.000001,,,,,,,,,,,,,,,,,,,,,,,,,,,,,,,,,,,,,,,,,,,,,,,,,,,,,,,,,
0.004417,0.0,0.0,0.000013,0.00005,0.0,0.004416,0.016667,,,,,,,,,,,,,0.0,0.000013,,,,,,,,0.000013,0.000011,,0.000007,0.000008,0.000005,,,,0.000005,,,,,,,,,,,,,,,0.00001,,,,,,0.0,,,,,,,,,,,,,,,0.0,,,,,,,,,,,,,,,,,,,,,,,,,,,,,,,,,,,,,,,,,,,,,,,,,,,,,,,,,
0.006876,0.000004,0.000056,0.000093,0.000097,0.000111,0.006762,0.016667,0.0,0.0,0.0,0.0,0.0,0.000004,0.000001,0.000001,0.000033,0.00002,0.0,0.000001,0.000075,0.000018,,,,,0.000017,,,0.000025,0.000015,,0.000012,0.000014,0.000007,,,,0.000008,,,,,,,,,,,,,,,0.000014,,,,,,0.0,,,,,,,,,,,,,,,0.000001,,,,,,,,,,,,,,,,,,,,,,,,,,,,,,,,,,,,,,,,,,,,,,,,,,,,,,,,,
0.006517,0.0,0.0,0.000029,0.000075,0.0,0.006514,0.016667,,,,,,,,,,,,,0.000016,0.000013,,,,,,,,0.000026,0.000014,,0.000011,0.000014,0.000005,,,,0.000007,,,,,,,,,,,,,,,0.000013,,,,,,0.0,,,,,,,,,,,,,,,0.000001,,,,,,,,,,,,,,,,,,,,,,,,,,,,,,,,,,,,,,,,,,,,,,,,,,,,,,,,,
0.012995,0.0,0.0,0.00004,0.000081,0.0,0.012993,0.016667,,,,,,,,,,,,,0.000012,0.000028,,,,,,,,0.000028,0.000014,,0.000012,0.000015,0.000005,,,,0.000007,,,,,,,,,,,,,,,0.000016,,,,,,0.0,,,,,,,,,,,,,,,0.000001,,,,,,,,,,,,,,,,,,,,,,,,,,,,,,,,,,,,,,,,,,,,,,,,,,,,,,,,,
0.002596,0.000007,0.000052,0.00001,0.000107,0.000184,0.002409,0.016667,0.0,0.0,0.0,0.0,0.0,0.000007,0.000002,0.000001,0.000038,0.000009,0.0,0.000002,0.0,0.00001,,,,,0.000024,,,0.000028,0.000014,,0.000014,0.000014,0.000007,,,,0.000007,,,,,,,,,,,,,,,0.000015,,,,,,0.0,,,,,,,,,,,,,,,0.000001,,,,,,,,,,,,,,,,,,,,,,,,,,,,,,,,,,,,,,,,,,,,,,,,,,,,,,,,,
0.00438,0.0,0.0,0.000015,0.000119,0.0,0.004378,0.016667,,,,,,,,,,,,,0.000003,0.000012,,,,,,,,0.000071,0.000012,,0.000012,0.000058,0.000005,,,,0.000007,,,,,,,,,,,,,,,0.000013,,,,,,0.0,,,,,,,,,,,,,,,0.000001,,,,,,,,,,,,,,,,,,,,,,,,,,,,,,,,,,,,,,,,,,,,,,,,,,,,,,,,,
0.007005,0.000003,0.000089,0.000008,0.000082,0.000121,0.006882,0.016667,0.0,0.0,0.0,0.0,0.0,0.000003,0.000002,0.000001,0.000037,0.000047,0.0,0.000002,0.0,0.000008,,,,,0.000018,,,0.000023,0.00001,,0.000011,0.000013,0.000004,,,,0.000006,,,,,,,,,,,,,,,0.00001,,,,,,0.000001,,,,,,,,,,,,,,,0.000001,,,,,,,,,,,,,,,,,,,,,,,,,,,,,,,,,,,,,,,,,,,,,,,,,,,,,,,,,
0.015195,0.0,0.0,0.000103,0.000067,0.0,0.015194,0.016667,,,,,,,,,,,,,0.000073,0.00003,,,,,,,,0.000022,0.000011,,0.000011,0.000012,0.000005,,,,0.000007,,,,,,,,,,,,,,,0.000012,,,,,,0.0,,,,,,,,,,,,,,,0.0,,,,,,,,,,,,,,,,,,,,,,,,,,,,,,,,,,,,,,,,,,,,,,,,,,,,,,,,,
0.005559,0.000002,0.000055,0.000008,0.000081,0.000117,0.005441,0.016667,0.0,0.0,0.0,0.0,0.0,0.000002,0.000001,0.000001,0.000036,0.000016,0.0,0.000001,0.0,0.000008,,,,,0.000016,,,0.000023,0.000012,,0.000011,0.000012,0.000004,,,,0.000007,,,,,,,,,,,,,,,0.000011,,,,,,0.0,,,,,,,,,,,,,,,0.0,,,,,,,,,,,,,,,,,,,,,,,,,,,,,,,,,,,,,,,,,,,,,,,,,,,,,,,,,
0.000648,0.0,0.0,0.0,0.000067,0.0,0.000646,0.016667,,,,,,,,,,,,,0.0,0.0,,,,,,,,0.000023,0.000011,,0.000011,0.000012,0.000004,,,,0.000007,,,,,,,,,,,,,,,0.000012,,,,,,0.0,,,,,,,,,,,,,,,0.000001,,,,,,,,,,,,,,,,,,,,,,,,,,,,,,,,,,,,,,,,,,,,,,,,,,,,,,,,,
0.006004,0.0,0.0,0.000062,0.000053,0.0,0.006003,0.016667,,,,,,,,,,,,,0.000053,0.000009,,,,,,,,0.000017,0.000009,,0.000009,0.000008,0.000004,,,,0.000006,,,,,,,,,,,,,,,0.00001,,,,,,0.0,,,,,,,,,,,,,,,0.0,,,,,,,,,,,,,,,,,,,,,,,,,,,,,,,,,,,,,,,,,,,,,,,,,,,,,,,,,
0.006952,0.000002,0.000059,0.000026,0.00008,0.00015,0.006801,0.016667,0.0,0.0,0.0,0.0,0.0,0.000002,0.000001,0.000001,0.000035,0.000021,0.0,0.000001,0.000013,0.000013,,,,,0.000016,,,0.000022,0.000011,,0.00001,0.000012,0.000005,,,,0.000007,,,,,,,,,,,,,,,0.00001,,,,,,0.0,,,,,,,,,,,,,,,0.000001,,,,,,,,,,,,,,,,,,,,,,,,,,,,,,,,,,,,,,,,,,,,,,,,,,,,,,,,,
0.010636,0.0,0.0,0.000071,0.000071,0.0,0.010634,0.016667,,,,,,,,,,,,,0.000054,0.000017,,,,,,,,0.000024,0.000012,,0.000011,0.000012,0.000005,,,,0.000007,,,,,,,,,,,,,,,0.000014,,,,,,0.0,,,,,,,,,,,,,,,0.000001,,,,,,,,,,,,,,,,,,,,,,,,,,,,,,,,,,,,,,,,,,,,,,,,,,,,,,,,,
0.008536,0.000002,0.000093,0.000038,0.000102,0.00014,0.008393,0.016667,0.0,0.0,0.0,0.0,0.0,0.000002,0.000002,0.0,0.000066,0.000022,0.000001,0.000002,0.000012,0.000026,,,,,0.000019,,,0.000025,0.000016,,0.000013,0.000014,0.000007,,,,0.000009,,,,,,,,,,,,,,,0.000014,,,,,,0.0,,,,,,,,,,,,,,,0.000001,,,,,,,,,,,,,,,,,,,,,,,,,,,,,,,,,,,,,,,,,,,,,,,,,,,,,,,,,
0.001297,0.0,0.0,0.000001,0.000067,0.0,0.001295,0.016667,,,,,,,,,,,,,0.0,0.000001,,,,,,,,0.000022,0.000011,,0.000011,0.000012,0.000005,,,,0.000007,,,,,,,,,,,,,,,0.000013,,,,,,0.0,,,,,,,,,,,,,,,0.0,,,,,,,,,,,,,,,,,,,,,,,,,,,,,,,,,,,,,,,,,,,,,,,,,,,,,,,,,
0.007018,0.0,0.0,0.000086,0.000058,0.0,0.007017,0.016667,,,,,,,,,,,,,0.000072,0.000014,,,,,,,,0.000018,0.00001,,0.00001,0.000009,0.000004,,,,0.000006,,,,,,,,,,,,,,,0.000012,,,,,,0.0,,,,,,,,,,,,,,,0.0,,,,,,,,,,,,,,,,,,,,,,,,,,,,,,,,,,,,,,,,,,,,,,,,,,,,,,,,,
0.0071,0.000002,0.000067,0.000006,0.000158,0.000163,0.006935,0.016667,0.0,0.0,0.0,0.0,0.0,0.000002,0.000002,0.000001,0.000039,0.000024,0.0,0.000001,0.0,0.000006,,,,,0.000024,,,0.000038,0.000024,,0.000023,0.000024,0.00001,,,,0.000014,,,,,,,,,,,,,,,0.000025,,,,,,0.000001,,,,,,,,,,,,,,,0.000002,,,,,,,,,,,,,,,,,,,,,,,,,,,,,,,,,,,,,,,,,,,,,,,,,,,,,,,,,
0.011298,0.0,0.0,0.000037,0.000074,0.0,0.011296,0.016667,,,,,,,,,,,,,0.000012,0.000025,,,,,,,,0.000025,0.000013,,0.000012,0.000013,0.000005,,,,0.000008,,,,,,,,,,,,,,,0.000013,,,,,,0.0,,,,,,,,,,,,,,,0.000001,,,,,,,,,,,,,,,,,,,,,,,,,,,,,,,,,,,,,,,,,,,,,,,,,,,,,,,,,
0.005645,0.000002,0.000078,0.000061,0.000105,0.000122,0.00552,0.016667,0.0,0.0,0.0,0.0,0.0,0.000002,0.000003,0.000001,0.000046,0.000026,0.000001,0.000001,0.000053,0.000008,,,,,0.000015,,,0.000024,0.000008,,0.000011,0.000013,0.000009,,,,0.000026,,,,,,,,,,,,,,,0.000014,,,,,,0.0,,,,,,,,,,,,,,,0.000001,,,,,,,,,,,,,,,,,,,,,,,,,,,,,,,,,,,,,,,,,,,,,,,,,,,,,,,,,
0.00328,0.0,0.0,0.000003,0.000084,0.0,0.003278,0.016667,,,,,,,,,,,,,0.0,0.000003,,,,,,,,0.000024,0.000014,,0.000015,0.000014,0.000007,,,,0.000009,,,,,,,,,,,,,,,0.000016,,,,,,0.0,,,,,,,,,,,,,,,0.0,,,,,,,,,,,,,,,,,,,,,,,,,,,,,,,,,,,,,,,,,,,,,,,,,,,,,,,,,
0.006712,0.000004,0.000066,0.000047,0.000106,0.000144,0.006565,0.016667,0.0,0.0,0.0,0.0,0.0,0.000004,0.000002,0.000001,0.000037,0.000022,0.000001,0.000003,0.000012,0.000035,,,,,0.000021,,,0.000027,0.000016,,0.000013,0.000015,0.000007,,,,0.000009,,,,,,,,,,,,,,,0.000014,,,,,,0.0,,,,,,,,,,,,,,,0.000001,,,,,,,,,,,,,,,,,,,,,,,,,,,,,,,,,,,,,,,,,,,,,,,,,,,,,,,,,
0.00719,0.0,0.0,0.000071,0.000067,0.0,0.007188,0.016667,,,,,,,,,,,,,0.000056,0.000015,,,,,,,,0.000022,0.00001,,0.000012,0.000012,0.000004,,,,0.000006,,,,,,,,,,,,,,,0.000013,,,,,,0.0,,,,,,,,,,,,,,,0.000001,,,,,,,,,,,,,,,,,,,,,,,,,,,,,,,,,,,,,,,,,,,,,,,,,,,,,,,,,
0.016281,0.0,0.0,0.000079,0.000077,0.0,0.016278,0.016667,,,,,,,,,,,,,0.000038,0.000041,,,,,,,,0.000027,0.000014,,0.000012,0.000014,0.000006,,,,0.000007,,,,,,,,,,,,,,,0.000013,,,,,,0.0,,,,,,,,,,,,,,,0.000001,,,,,,,,,,,,,,,,,,,,,,,,,,,,,,,,,,,,,,,,,,,,,,,,,,,,,,,,,
0.000861,0.000003,0.000063,0.000016,0.000105,0.000165,0.000694,0.016667,0.0,0.0,0.0,0.0,0.0,0.000003,0.000002,0.000001,0.000039,0.000018,0.000001,0.000002,0.00001,0.000006,,,,,0.000018,,,0.000029,0.000017,,0.000013,0.000016,0.000006,,,,0.000009,,,,,,,,,,,,,,,0.000014,,,,,,0.0,,,,,,,,,,,,,,,0.000001,,,,,,,,,,,,,,,,,,,,,,,,,,,,,,,,,,,,,,,,,,,,,,,,,,,,,,,,,
0.003416,0.0,0.0,0.000002,0.000053,0.0,0.003415,0.016667,,,,,,,,,,,,,0.0,0.000002,,,,,,,,0.000014,0.000011,,0.000008,0.000009,0.000006,,,,0.000006,,,,,,,,,,,,,,,0.000008,,,,,,0.0,,,,,,,,,,,,,,,0.000001,,,,,,,,,,,,,,,,,,,,,,,,,,,,,,,,,,,,,,,,,,,,,,,,,,,,,,,,,
0.006933,0.000002,0.000094,0.000117,0.000093,0.000118,0.006812,0.016667,0.0,0.0,0.0,0.0,0.0,0.000002,0.000001,0.000001,0.000046,0.000044,0.0,0.000002,0.000098,0.000019,,,,,0.000013,,,0.000023,0.000014,,0.000014,0.000014,0.000007,,,,0.000009,,,,,,,,,,,,,,,0.000013,,,,,,0.0,,,,,,,,,,,,,,,0.000002,,,,,,,,,,,,,,,,,,,,,,,,,,,,,,,,,,,,,,,,,,,,,,,,,,,,,,,,,
0.007955,0.0,0.0,0.000007,0.000083,0.0,0.007953,0.016667,,,,,,,,,,,,,0.0,0.000007,,,,,,,,0.000026,0.000015,,0.000013,0.000013,0.000006,,,,0.000008,,,,,,,,,,,,,,,0.000015,,,,,,0.000001,,,,,,,,,,,,,,,0.000001,,,,,,,,,,,,,,,,,,,,,,,,,,,,,,,,,,,,,,,,,,,,,,,,,,,,,,,,,
0.012871,0.0,0.0,0.000055,0.000074,0.0,0.012869,0.016667,,,,,,,,,,,,,0.000019,0.000036,,,,,,,,0.000025,0.000014,,0.000011,0.000013,0.000005,,,,0.000007,,,,,,,,,,,,,,,0.000013,,,,,,0.0,,,,,,,,,,,,,,,0.000001,,,,,,,,,,,,,,,,,,,,,,,,,,,,,,,,,,,,,,,,,,,,,,,,,,,,,,,,,
0.000862,0.000002,0.000068,0.000002,0.000124,0.000183,0.000677,0.016667,0.0,0.0,0.0,0.0,0.0,0.000002,0.000002,0.000001,0.000042,0.00002,0.000001,0.000002,0.0,0.000002,,,,,0.000027,,,0.000035,0.000015,,0.000014,0.000023,0.000007,,,,0.000009,,,,,,,,,,,,,,,0.000016,,,,,,0.000001,,,,,,,,,,,,,,,0.000001,,,,,,,,,,,,,,,,,,,,,,,,,,,,,,,,,,,,,,,,,,,,,,,,,,,,,,,,,
0.005451,0.0,0.0,0.000008,0.000066,0.0,0.005449,0.016667,,,,,,,,,,,,,0.0,0.000008,,,,,,,,0.000019,0.000012,,0.00001,0.00001,0.000006,,,,0.000006,,,,,,,,,,,,,,,0.000012,,,,,,0.000001,,,,,,,,,,,,,,,0.000001,,,,,,,,,,,,,,,,,,,,,,,,,,,,,,,,,,,,,,,,,,,,,,,,,,,,,,,,,
0.007251,0.000003,0.000087,0.000067,0.000097,0.000114,0.007135,0.016667,0.0,0.0,0.0,0.0,0.0,0.000003,0.000004,0.000001,0.000052,0.000029,0.0,0.000001,0.000053,0.000014,,,,,0.000016,,,0.000027,0.000014,,0.000012,0.000015,0.000006,,,,0.000009,,,,,,,,,,,,,,,0.000014,,,,,,0.0,,,,,,,,,,,,,,,0.000001,,,,,,,,,,,,,,,,,,,,,,,,,,,,,,,,,,,,,,,,,,,,,,,,,,,,,,,,,
0.014835,0.0,0.0,0.000097,0.000078,0.0,0.014834,0.016667,,,,,,,,,,,,,0.000071,0.000026,,,,,,,,0.000023,0.000015,,0.000012,0.000013,0.000006,,,,0.000008,,,,,,,,,,,,,,,0.000014,,,,,,0.0,,,,,,,,,,,,,,,0.000001,,,,,,,,,,,,,,,,,,,,,,,,,,,,,,,,,,,,,,,,,,,,,,,,,,,,,,,,,
0.004931,0.000003,0.000059,0.000004,0.000084,0.000123,0.004806,0.016667,0.0,0.0,0.0,0.0,0.0,0.000003,0.000002,0.0,0.000036,0.000018,0.0,0.000003,0.0,0.000004,,,,,0.000018,,,0.000023,0.00001,,0.000011,0.000013,0.000005,,,,0.000007,,,,,,,,,,,,,,,0.000011,,,,,,0.0,,,,,,,,,,,,,,,0.0,,,,,,,,,,,,,,,,,,,,,,,,,,,,,,,,,,,,,,,,,,,,,,,,,,,,,,,,,
0.000615,0.0,0.0,0.0,0.000075,0.0,0.000614,0.016667,,,,,,,,,,,,,0.0,0.0,,,,,,,,0.000022,0.000015,,0.000011,0.000013,0.000006,,,,0.000008,,,,,,,,,,,,,,,0.000013,,,,,,0.0,,,,,,,,,,,,,,,0.000001,,,,,,,,,,,,,,,,,,,,,,,,,,,,,,,,,,,,,,,,,,,,,,,,,,,,,,,,,
0.007022,0.0,0.0,0.000027,0.000061,0.0,0.00702,0.016667,,,,,,,,,,,,,0.000011,0.000016,,,,,,,,0.000019,0.000012,,0.00001,0.000011,0.000006,,,,0.000006,,,,,,,,,,,,,,,0.00001,,,,,,0.0,,,,,,,,,,,,,,,0.0,,,,,,,,,,,,,,,,,,,,,,,,,,,,,,,,,,,,,,,,,,,,,,,,,,,,,,,,,
0.006867,0.000002,0.000055,0.000129,0.000118,0.000142,0.006722,0.016667,0.0,0.0,0.0,0.0,0.0,0.000002,0.000002,0.000001,0.000035,0.000015,0.0,0.000002,0.000107,0.000022,,,,,0.000016,,,0.00003,0.000018,,0.000017,0.000017,0.000008,,,,0.000012,,,,,,,,,,,,,,,0.000018,,,,,,0.000001,,,,,,,,,,,,,,,0.000001,,,,,,,,,,,,,,,,,,,,,,,,,,,,,,,,,,,,,,,,,,,,,,,,,,,,,,,,,
0.015276,0.0,0.0,0.000039,0.000139,0.0,0.015272,0.016667,,,,,,,,,,,,,0.000016,0.000023,,,,,,,,0.000039,0.000024,,0.000021,0.000021,0.000014,,,,0.000018,,,,,,,,,,,,,,,0.000023,,,,,,0.000001,,,,,,,,,,,,,,,0.000001,,,,,,,,,,,,,,,,,,,,,,,,,,,,,,,,,,,,,,,,,,,,,,,,,,,,,,,,,
0.004581,0.000003,0.000077,0.000009,0.000106,0.00017,0.004409,0.016667,0.0,0.0,0.0,0.0,0.0,0.000003,0.000002,0.000001,0.000046,0.000026,0.000001,0.000001,0.0,0.000009,,,,,0.000018,,,0.000028,0.000016,,0.000014,0.000017,0.000007,,,,0.000009,,,,,,,,,,,,,,,0.000014,,,,,,0.0,,,,,,,,,,,,,,,0.000001,,,,,,,,,,,,,,,,,,,,,,,,,,,,,,,,,,,,,,,,,,,,,,,,,,,,,,,,,
0.000922,0.0,0.0,0.0,0.000146,0.0,0.000913,0.016667,,,,,,,,,,,,,0.0,0.0,,,,,,,,0.000075,0.000019,,0.000021,0.000036,0.000007,,,,0.000011,,,,,,,,,,,,,,,0.000019,,,,,,0.0,,,,,,,,,,,,,,,0.000001,,,,,,,,,,,,,,,,,,,,,,,,,,,,,,,,,,,,,,,,,,,,,,,,,,,,,,,,,
0.000454,0.0,0.0,0.000043,0.00005,0.0,0.000453,0.016667,,,,,,,,,,,,,0.000034,0.000009,,,,,,,,0.000015,0.000009,,0.000008,0.000008,0.000005,,,,0.000005,,,,,,,,,,,,,,,0.000009,,,,,,0.0,,,,,,,,,,,,,,,0.000001,,,,,,,,,,,,,,,,,,,,,,,,,,,,,,,,,,,,,,,,,,,,,,,,,,,,,,,,,
0.012951,0.000002,0.000103,0.000035,0.000063,0.000111,0.01284,0.016667,0.0,0.0,0.0,0.0,0.0,0.000002,0.000002,0.000001,0.000065,0.000033,0.000001,0.000001,0.000015,0.00002,,,,,0.000011,,,0.000017,0.000009,,0.000008,0.00001,0.000004,,,,0.000005,,,,,,,,,,,,,,,0.000009,,,,,,0.0,,,,,,,,,,,,,,,0.0,,,,,,,,,,,,,,,,,,,,,,,,,,,,,,,,,,,,,,,,,,,,,,,,,,,,,,,,,
0.014121,0.0,0.0,0.000072,0.000091,0.0,0.014117,0.016667,,,,,,,,,,,,,0.000049,0.000023,,,,,,,,0.000029,0.000017,,0.000014,0.000015,0.000007,,,,0.000008,,,,,,,,,,,,,,,0.000017,,,,,,0.0,,,,,,,,,,,,,,,0.000001,,,,,,,,,,,,,,,,,,,,,,,,,,,,,,,,,,,,,,,,,,,,,,,,,,,,,,,,,
0.003187,0.000002,0.000065,0.000101,0.000081,0.000144,0.003042,0.016667,0.0,0.0,0.0,0.0,0.0,0.000002,0.000001,0.000001,0.000035,0.000027,0.0,0.000001,0.000092,0.000009,,,,,0.000015,,,0.000022,0.000011,,0.000011,0.000013,0.000005,,,,0.000007,,,,,,,,,,,,,,,0.000011,,,,,,0.0,,,,,,,,,,,,,,,0.000001,,,,,,,,,,,,,,,,,,,,,,,,,,,,,,,,,,,,,,,,,,,,,,,,,,,,,,,,,
0.003042,0.0,0.0,0.000004,0.000077,0.0,0.003041,0.016667,,,,,,,,,,,,,0.0,0.000004,,,,,,,,0.000024,0.000015,,0.000013,0.000014,0.000005,,,,0.000008,,,,,,,,,,,,,,,0.000012,,,,,,0.0,,,,,,,,,,,,,,,0.000001,,,,,,,,,,,,,,,,,,,,,,,,,,,,,,,,,,,,,,,,,,,,,,,,,,,,,,,,,
0.007017,0.000002,0.000089,0.000067,0.000091,0.000127,0.006889,0.016667,0.0,0.0,0.0,0.0,0.0,0.000002,0.000002,0.000001,0.000057,0.000027,0.0,0.000002,0.000058,0.000009,,,,,0.000011,,,0.000026,0.000015,,0.000012,0.000015,0.000007,,,,0.000008,,,,,,,,,,,,,,,0.000014,,,,,,0.0,,,,,,,,,,,,,,,0.000001,,,,,,,,,,,,,,,,,,,,,,,,,,,,,,,,,,,,,,,,,,,,,,,,,,,,,,,,,
0.006994,0.0,0.0,0.000006,0.000083,0.0,0.006993,0.016667,,,,,,,,,,,,,0.0,0.000006,,,,,,,,0.000026,0.000015,,0.000013,0.000014,0.000007,,,,0.000009,,,,,,,,,,,,,,,0.000014,,,,,,0.0,,,,,,,,,,,,,,,0.000001,,,,,,,,,,,,,,,,,,,,,,,,,,,,,,,,,,,,,,,,,,,,,,,,,,,,,,,,,
0.011537,0.0,0.0,0.000133,0.000078,0.0,0.011535,0.016667,,,,,,,,,,,,,0.000109,0.000024,,,,,,,,0.000026,0.000015,,0.000012,0.000014,0.000005,,,,0.000007,,,,,,,,,,,,,,,0.000014,,,,,,0.0,,,,,,,,,,,,,,,0.000001,,,,,,,,,,,,,,,,,,,,,,,,,,,,,,,,,,,,,,,,,,,,,,,,,,,,,,,,,
0.004269,0.000001,0.000082,0.000006,0.000093,0.000146,0.004121,0.016667,0.0,0.0,0.0,0.0,0.0,0.000001,0.000002,0.0,0.00004,0.000039,0.0,0.000001,0.0,0.000006,,,,,0.000016,,,0.000027,0.000013,,0.000013,0.000015,0.000005,,,,0.000007,,,,,,,,,,,,,,,0.000012,,,,,,0.0,,,,,,,,,,,,,,,0.000001,,,,,,,,,,,,,,,,,,,,,,,,,,,,,,,,,,,,,,,,,,,,,,,,,,,,,,,,,
0.005094,0.0,0.0,0.000041,0.000063,0.0,0.005093,0.016667,,,,,,,,,,,,,0.000024,0.000017,,,,,,,,0.00002,0.000011,,0.00001,0.000012,0.000004,,,,0.000007,,,,,,,,,,,,,,,0.000011,,,,,,0.0,,,,,,,,,,,,,,,0.000001,,,,,,,,,,,,,,,,,,,,,,,,,,,,,,,,,,,,,,,,,,,,,,,,,,,,,,,,,
0.006483,0.000002,0.000081,0.000004,0.000077,0.000113,0.006369,0.016667,0.0,0.0,0.0,0.0,0.0,0.000002,0.000002,0.000001,0.000037,0.000039,0.0,0.000002,0.0,0.000004,,,,,0.000013,,,0.000022,0.000012,,0.00001,0.000013,0.000004,,,,0.000007,,,,,,,,,,,,,,,0.00001,,,,,,0.0,,,,,,,,,,,,,,,0.0,,,,,,,,,,,,,,,,,,,,,,,,,,,,,,,,,,,,,,,,,,,,,,,,,,,,,,,,,
0.007435,0.0,0.0,0.00013,0.000085,0.0,0.007433,0.016667,,,,,,,,,,,,,0.000111,0.000019,,,,,,,,0.000027,0.000016,,0.000013,0.000015,0.000006,,,,0.000008,,,,,,,,,,,,,,,0.000016,,,,,,0.000001,,,,,,,,,,,,,,,0.0,,,,,,,,,,,,,,,,,,,,,,,,,,,,,,,,,,,,,,,,,,,,,,,,,,,,,,,,,
0.010022,0.0,0.0,0.00002,0.000073,0.0,0.01002,0.016667,,,,,,,,,,,,,0.000003,0.000017,,,,,,,,0.000024,0.000014,,0.000011,0.000013,0.000005,,,,0.000007,,,,,,,,,,,,,,,0.000012,,,,,,0.0,,,,,,,,,,,,,,,0.000001,,,,,,,,,,,,,,,,,,,,,,,,,,,,,,,,,,,,,,,,,,,,,,,,,,,,,,,,,
0.005153,0.000002,0.000064,0.000026,0.000085,0.000115,0.005036,0.016667,0.0,0.0,0.0,0.0,0.0,0.000002,0.000001,0.000001,0.000037,0.000022,0.000001,0.000002,0.000014,0.000012,,,,,0.000016,,,0.000023,0.00001,,0.000012,0.000014,0.000005,,,,0.000007,,,,,,,,,,,,,,,0.000012,,,,,,0.000001,,,,,,,,,,,,,,,0.0,,,,,,,,,,,,,,,,,,,,,,,,,,,,,,,,,,,,,,,,,,,,,,,,,,,,,,,,,
0.004818,0.0,0.0,0.000004,0.000196,0.0,0.004811,0.016667,,,,,,,,,,,,,0.0,0.000004,,,,,,,,0.000077,0.000028,,0.000037,0.000038,0.000009,,,,0.00002,,,,,,,,,,,,,,,0.000026,,,,,,0.000001,,,,,,,,,,,,,,,0.000003,,,,,,,,,,,,,,,,,,,,,,,,,,,,,,,,,,,,,,,,,,,,,,,,,,,,,,,,,
0.00667,0.000003,0.000056,0.000094,0.000082,0.000131,0.006537,0.016667,0.0,0.0,0.0,0.0,0.0,0.000003,0.000001,0.000001,0.000039,0.000013,0.0,0.000002,0.000084,0.00001,,,,,0.000016,,,0.000023,0.000011,,0.00001,0.000013,0.000005,,,,0.000007,,,,,,,,,,,,,,,0.000011,,,,,,0.0,,,,,,,,,,,,,,,0.000001,,,,,,,,,,,,,,,,,,,,,,,,,,,,,,,,,,,,,,,,,,,,,,,,,,,,,,,,,
0.019533,0.0,0.0,0.000046,0.000083,0.0,0.019531,0.016667,,,,,,,,,,,,,0.000016,0.00003,,,,,,,,0.000025,0.000016,,0.000013,0.000014,0.000007,,,,0.000008,,,,,,,,,,,,,,,0.000015,,,,,,0.0,,,,,,,,,,,,,,,0.000001,,,,,,,,,,,,,,,,,,,,,,,,,,,,,,,,,,,,,,,,,,,,,,,,,,,,,,,,,
0.000838,0.000002,0.000068,0.000075,0.000124,0.00014,0.000695,0.016667,0.0,0.0,0.0,0.0,0.0,0.000002,0.000001,0.000001,0.000046,0.000019,0.0,0.000001,0.000067,0.000008,,,,,0.000015,,,0.000036,0.000018,,0.000018,0.000021,0.000008,,,,0.000012,,,,,,,,,,,,,,,0.000018,,,,,,0.0,,,,,,,,,,,,,,,0.000001,,,,,,,,,,,,,,,,,,,,,,,,,,,,,,,,,,,,,,,,,,,,,,,,,,,,,,,,,
0.000403,0.0,0.0,0.0,0.000048,0.0,0.000402,0.016667,,,,,,,,,,,,,0.0,0.0,,,,,,,,0.000015,0.000008,,0.000008,0.000008,0.000004,,,,0.000006,,,,,,,,,,,,,,,0.000009,,,,,,0.0,,,,,,,,,,,,,,,0.0,,,,,,,,,,,,,,,,,,,,,,,,,,,,,,,,,,,,,,,,,,,,,,,,,,,,,,,,,
0.006721,0.0,0.0,0.000003,0.000034,0.0,0.00672,0.016667,,,,,,,,,,,,,0.0,0.000003,,,,,,,,0.00001,0.000007,,0.000005,0.000006,0.000003,,,,0.000003,,,,,,,,,,,,,,,0.000007,,,,,,0.0,,,,,,,,,,,,,,,0.0,,,,,,,,,,,,,,,,,,,,,,,,,,,,,,,,,,,,,,,,,,,,,,,,,,,,,,,,,
0.006731,0.000005,0.000088,0.000026,0.000238,0.00039,0.006337,0.016667,0.0,0.0,0.0,0.0,0.0,0.000005,0.000001,0.000001,0.000043,0.000039,0.0,0.000004,0.00001,0.000016,,,,,0.000043,,,0.000062,0.000036,,0.000032,0.000034,0.000013,,,,0.000017,,,,,,,,,,,,,,,0.000036,,,,,,0.0,,,,,,,,,,,,,,,0.000002,,,,,,,,,,,,,,,,,,,,,,,,,,,,,,,,,,,,,,,,,,,,,,,,,,,,,,,,,
0.018534,0.0,0.0,0.00013,0.000078,0.0,0.018532,0.016667,,,,,,,,,,,,,0.000104,0.000026,,,,,,,,0.000022,0.000015,,0.000012,0.000013,0.000006,,,,0.000008,,,,,,,,,,,,,,,0.000015,,,,,,0.0,,,,,,,,,,,,,,,0.000001,,,,,,,,,,,,,,,,,,,,,,,,,,,,,,,,,,,,,,,,,,,,,,,,,,,,,,,,,
0.000872,0.000001,0.00025,0.000001,0.000104,0.00013,0.000741,0.016667,0.0,0.0,0.0,0.0,0.0,0.000001,0.000005,0.000003,0.000211,0.000029,0.0,0.000002,0.0,0.000001,,,,,0.000015,,,0.00003,0.000015,,0.000014,0.000018,0.000007,,,,0.000009,,,,,,,,,,,,,,,0.000015,,,,,,0.0,,,,,,,,,,,,,,,0.000001,,,,,,,,,,,,,,,,,,,,,,,,,,,,,,,,,,,,,,,,,,,,,,,,,,,,,,,,,
0.001005,0.0,0.0,0.000001,0.000032,0.0,0.001004,0.016667,,,,,,,,,,,,,0.0,0.000001,,,,,,,,0.000009,0.000007,,0.000005,0.000006,0.000003,,,,0.000003,,,,,,,,,,,,,,,0.000005,,,,,,0.0,,,,,,,,,,,,,,,0.0,,,,,,,,,,,,,,,,,,,,,,,,,,,,,,,,,,,,,,,,,,,,,,,,,,,,,,,,,
0.006901,0.0,0.0,0.000043,0.000034,0.0,0.0069,0.016667,,,,,,,,,,,,,0.000023,0.00002,,,,,,,,0.00001,0.000007,,0.000005,0.000005,0.000004,,,,0.000004,,,,,,,,,,,,,,,0.000006,,,,,,0.0,,,,,,,,,,,,,,,0.0,,,,,,,,,,,,,,,,,,,,,,,,,,,,,,,,,,,,,,,,,,,,,,,,,,,,,,,,,
0.007254,0.000002,0.000078,0.000006,0.000072,0.000139,0.007114,0.016667,0.0,0.0,0.0,0.0,0.0,0.000002,0.000002,0.0,0.000058,0.000016,0.0,0.000002,0.0,0.000006,,,,,0.000014,,,0.00002,0.00001,,0.00001,0.000011,0.000004,,,,0.000006,,,,,,,,,,,,,,,0.000009,,,,,,0.000001,,,,,,,,,,,,,,,0.000001,,,,,,,,,,,,,,,,,,,,,,,,,,,,,,,,,,,,,,,,,,,,,,,,,,,,,,,,,
0.017163,0.0,0.0,0.000097,0.000072,0.0,0.017161,0.016667,,,,,,,,,,,,,0.000073,0.000024,,,,,,,,0.000024,0.000013,,0.000011,0.000013,0.000005,,,,0.000007,,,,,,,,,,,,,,,0.000012,,,,,,0.0,,,,,,,,,,,,,,,0.000001,,,,,,,,,,,,,,,,,,,,,,,,,,,,,,,,,,,,,,,,,,,,,,,,,,,,,,,,,
0.000924,0.000003,0.000088,0.000001,0.000123,0.000181,0.000741,0.016667,0.0,0.0,0.0,0.0,0.0,0.000003,0.000001,0.000001,0.000036,0.000047,0.0,0.000003,0.0,0.000001,,,,,0.000018,,,0.000027,0.00002,,0.000018,0.000016,0.000008,,,,0.000013,,,,,,,,,,,,,,,0.000018,,,,,,0.000001,,,,,,,,,,,,,,,0.000001,,,,,,,,,,,,,,,,,,,,,,,,,,,,,,,,,,,,,,,,,,,,,,,,,,,,,,,,,
0.002228,0.0,0.0,0.000094,0.000035,0.0,0.002227,0.016667,,,,,,,,,,,,,0.000083,0.000011,,,,,,,,0.000011,0.000007,,0.000006,0.000006,0.000003,,,,0.000004,,,,,,,,,,,,,,,0.000005,,,,,,0.0,,,,,,,,,,,,,,,0.0,,,,,,,,,,,,,,,,,,,,,,,,,,,,,,,,,,,,,,,,,,,,,,,,,,,,,,,,,
0.007141,0.000001,0.000111,0.000004,0.000098,0.000117,0.007023,0.016667,0.0,0.0,0.0,0.0,0.0,0.000001,0.000003,0.000002,0.000055,0.000048,0.000001,0.000002,0.0,0.000004,,,,,0.000012,,,0.000024,0.000016,,0.000013,0.000015,0.000009,,,,0.000009,,,,,,,,,,,,,,,0.000015,,,,,,0.0,,,,,,,,,,,,,,,0.000001,,,,,,,,,,,,,,,,,,,,,,,,,,,,,,,,,,,,,,,,,,,,,,,,,,,,,,,,,
0.007091,0.0,0.0,0.000023,0.000083,0.0,0.007089,0.016667,,,,,,,,,,,,,0.000012,0.000011,,,,,,,,0.000024,0.000015,,0.000013,0.000013,0.000007,,,,0.000008,,,,,,,,,,,,,,,0.000016,,,,,,0.000001,,,,,,,,,,,,,,,0.000001,,,,,,,,,,,,,,,,,,,,,,,,,,,,,,,,,,,,,,,,,,,,,,,,,,,,,,,,,
0.015691,0.0,0.0,0.000172,0.000075,0.0,0.015689,0.016667,,,,,,,,,,,,,0.000132,0.00004,,,,,,,,0.000025,0.000015,,0.000012,0.000014,0.000005,,,,0.000007,,,,,,,,,,,,,,,0.000011,,,,,,0.0,,,,,,,,,,,,,,,0.000001,,,,,,,,,,,,,,,,,,,,,,,,,,,,,,,,,,,,,,,,,,,,,,,,,,,,,,,,,
0.00139,0.000013,0.000073,0.000001,0.000258,0.000432,0.000952,0.016667,0.0,0.0,0.0,0.0,0.0,0.000013,0.000002,0.0,0.000043,0.000023,0.000001,0.000004,0.0,0.000001,,,,,0.000046,,,0.000069,0.000038,,0.00004,0.000041,0.000012,,,,0.000019,,,,,,,,,,,,,,,0.000037,,,,,,0.0,,,,,,,,,,,,,,,0.000001,,,,,,,,,,,,,,,,,,,,,,,,,,,,,,,,,,,,,,,,,,,,,,,,,,,,,,,,,
0.002771,0.0,0.0,0.000001,0.000056,0.0,0.002769,0.016667,,,,,,,,,,,,,0.0,0.000001,,,,,,,,0.000016,0.00001,,0.000008,0.000009,0.000005,,,,0.000006,,,,,,,,,,,,,,,0.000011,,,,,,0.000001,,,,,,,,,,,,,,,0.0,,,,,,,,,,,,,,,,,,,,,,,,,,,,,,,,,,,,,,,,,,,,,,,,,,,,,,,,,
0.007129,0.000002,0.000245,0.000064,0.000091,0.000158,0.006969,0.016667,0.0,0.0,0.0,0.0,0.0,0.000002,0.000006,0.000001,0.000157,0.000078,0.000001,0.000002,0.000053,0.000011,,,,,0.000013,,,0.000026,0.000014,,0.000013,0.000015,0.000006,,,,0.000007,,,,,,,,,,,,,,,0.000013,,,,,,0.000001,,,,,,,,,,,,,,,0.000001,,,,,,,,,,,,,,,,,,,,,,,,,,,,,,,,,,,,,,,,,,,,,,,,,,,,,,,,,
0.021067,0.0,0.0,0.000064,0.000082,0.0,0.021065,0.016667,,,,,,,,,,,,,0.000017,0.000047,,,,,,,,0.000025,0.000016,,0.000012,0.000014,0.000007,,,,0.000008,,,,,,,,,,,,,,,0.000015,,,,,,0.0,,,,,,,,,,,,,,,0.000001,,,,,,,,,,,,,,,,,,,,,,,,,,,,,,,,,,,,,,,,,,,,,,,,,,,,,,,,,
0.001588,0.000003,0.000113,0.000003,0.000232,0.000312,0.001274,0.016667,0.0,0.0,0.0,0.0,0.0,0.000003,0.000001,0.000001,0.000042,0.000065,0.000001,0.000003,0.0,0.000003,,,,,0.000033,,,0.000051,0.000037,,0.000034,0.000038,0.000013,,,,0.000025,,,,,,,,,,,,,,,0.000038,,,,,,0.0,,,,,,,,,,,,,,,0.000002,,,,,,,,,,,,,,,,,,,,,,,,,,,,,,,,,,,,,,,,,,,,,,,,,,,,,,,,,
0.000391,0.0,0.0,0.0,0.000057,0.0,0.00039,0.016667,,,,,,,,,,,,,0.0,0.0,,,,,,,,0.000016,0.00001,,0.000009,0.00001,0.000005,,,,0.000006,,,,,,,,,,,,,,,0.000011,,,,,,0.0,,,,,,,,,,,,,,,0.000001,,,,,,,,,,,,,,,,,,,,,,,,,,,,,,,,,,,,,,,,,,,,,,,,,,,,,,,,,
0.011249,0.0,0.0,0.000093,0.000033,0.0,0.011249,0.016667,,,,,,,,,,,,,0.000078,0.000015,,,,,,,,0.000009,0.000007,,0.000005,0.000005,0.000003,,,,0.000004,,,,,,,,,,,,,,,0.000006,,,,,,0.0,,,,,,,,,,,,,,,0.0,,,,,,,,,,,,,,,,,,,,,,,,,,,,,,,,,,,,,,,,,,,,,,,,,,,,,,,,,
0.006751,0.000002,0.000188,0.000028,0.000104,0.000138,0.006611,0.016667,0.0,0.0,0.0,0.0,0.0,0.000002,0.000004,0.000002,0.000124,0.000056,0.000001,0.000001,0.000011,0.000017,,,,,0.000017,,,0.000027,0.000015,,0.000018,0.000017,0.000006,,,,0.000008,,,,,,,,,,,,,,,0.000013,,,,,,0.000001,,,,,,,,,,,,,,,0.000001,,,,,,,,,,,,,,,,,,,,,,,,,,,,,,,,,,,,,,,,,,,,,,,,,,,,,,,,,
0.014917,0.0,0.0,0.000047,0.000075,0.0,0.014915,0.016667,,,,,,,,,,,,,0.000019,0.000028,,,,,,,,0.000025,0.000015,,0.000012,0.000014,0.000005,,,,0.000007,,,,,,,,,,,,,,,0.000012,,,,,,0.0,,,,,,,,,,,,,,,0.0,,,,,,,,,,,,,,,,,,,,,,,,,,,,,,,,,,,,,,,,,,,,,,,,,,,,,,,,,
0.000887,0.000006,0.000073,0.0,0.000095,0.000129,0.000755,0.016667,0.0,0.0,0.0,0.0,0.0,0.000006,0.000001,0.000001,0.000049,0.000019,0.000001,0.000002,0.0,0.0,,,,,0.000019,,,0.000026,0.000014,,0.000012,0.000015,0.000005,,,,0.000007,,,,,,,,,,,,,,,0.000012,,,,,,0.000001,,,,,,,,,,,,,,,0.000001,,,,,,,,,,,,,,,,,,,,,,,,,,,,,,,,,,,,,,,,,,,,,,,,,,,,,,,,,
0.004933,0.0,0.0,0.000061,0.000048,0.0,0.004932,0.016667,,,,,,,,,,,,,0.000051,0.00001,,,,,,,,0.000016,0.000009,,0.000007,0.000009,0.000003,,,,0.000005,,,,,,,,,,,,,,,0.000009,,,,,,0.0,,,,,,,,,,,,,,,0.0,,,,,,,,,,,,,,,,,,,,,,,,,,,,,,,,,,,,,,,,,,,,,,,,,,,,,,,,,
0.007027,0.000002,0.000048,0.000021,0.000078,0.000141,0.006884,0.016667,0.0,0.0,0.0,0.0,0.0,0.000002,0.000002,0.000001,0.000036,0.000007,0.0,0.000002,0.00001,0.000011,,,,,0.000013,,,0.000022,0.000012,,0.00001,0.000013,0.000006,,,,0.000006,,,,,,,,,,,,,,,0.000011,,,,,,0.0,,,,,,,,,,,,,,,0.0,,,,,,,,,,,,,,,,,,,,,,,,,,,,,,,,,,,,,,,,,,,,,,,,,,,,,,,,,
0.020102,0.0,0.0,0.000167,0.000088,0.0,0.020099,0.016667,,,,,,,,,,,,,0.000126,0.000041,,,,,,,,0.00003,0.000016,,0.000013,0.000016,0.000006,,,,0.000008,,,,,,,,,,,,,,,0.000016,,,,,,0.0,,,,,,,,,,,,,,,0.0,,,,,,,,,,,,,,,,,,,,,,,,,,,,,,,,,,,,,,,,,,,,,,,,,,,,,,,,,
0.001151,0.000003,0.000088,0.000002,0.000134,0.000184,0.000965,0.016667,0.0,0.0,0.0,0.0,0.0,0.000003,0.000001,0.000001,0.000049,0.000035,0.0,0.000002,0.0,0.000002,,,,,0.000018,,,0.000029,0.000019,,0.000022,0.000017,0.000009,,,,0.000014,,,,,,,,,,,,,,,0.000023,,,,,,0.0,,,,,,,,,,,,,,,0.000002,,,,,,,,,,,,,,,,,,,,,,,,,,,,,,,,,,,,,,,,,,,,,,,,,,,,,,,,,
0.000549,0.0,0.0,0.0,0.000067,0.0,0.000547,0.016667,,,,,,,,,,,,,0.0,0.0,,,,,,,,0.000018,0.000013,,0.00001,0.000012,0.000006,,,,0.000007,,,,,,,,,,,,,,,0.000012,,,,,,0.0,,,,,,,,,,,,,,,0.000001,,,,,,,,,,,,,,,,,,,,,,,,,,,,,,,,,,,,,,,,,,,,,,,,,,,,,,,,,
0.012976,0.0,0.0,0.000075,0.000032,0.0,0.012975,0.016667,,,,,,,,,,,,,0.000053,0.000022,,,,,,,,0.000009,0.000007,,0.000004,0.000005,0.000003,,,,0.000003,,,,,,,,,,,,,,,0.000006,,,,,,0.0,,,,,,,,,,,,,,,0.000001,,,,,,,,,,,,,,,,,,,,,,,,,,,,,,,,,,,,,,,,,,,,,,,,,,,,,,,,,
0.018237,0.000002,0.000085,0.000075,0.000099,0.000122,0.018113,0.016667,0.0,0.0,0.0,0.0,0.0,0.000002,0.000003,0.000001,0.000056,0.000023,0.000001,0.000001,0.000026,0.000049,,,,,0.000017,,,0.000025,0.000016,,0.000013,0.000015,0.000006,,,,0.000009,,,,,,,,,,,,,,,0.000013,,,,,,0.0,,,,,,,,,,,,,,,0.000001,,,,,,,,,,,,,,,,,,,,,,,,,,,,,,,,,,,,,,,,,,,,,,,,,,,,,,,,,
0.000845,0.000003,0.00006,0.0,0.000132,0.000189,0.000652,0.016667,0.0,0.0,0.0,0.0,0.0,0.000003,0.000001,0.000001,0.000033,0.000022,0.0,0.000003,0.0,0.0,,,,,0.000026,,,0.000032,0.000018,,0.000019,0.000019,0.000008,,,,0.000012,,,,,,,,,,,,,,,0.000019,,,,,,0.0,,,,,,,,,,,,,,,0.000001,,,,,,,,,,,,,,,,,,,,,,,,,,,,,,,,,,,,,,,,,,,,,,,,,,,,,,,,,
0.00091,0.0,0.0,0.000001,0.000043,0.0,0.000909,0.016667,,,,,,,,,,,,,0.0,0.000001,,,,,,,,0.000012,0.000008,,0.000007,0.000007,0.000004,,,,0.000005,,,,,,,,,,,,,,,0.000008,,,,,,0.0,,,,,,,,,,,,,,,0.0,,,,,,,,,,,,,,,,,,,,,,,,,,,,,,,,,,,,,,,,,,,,,,,,,,,,,,,,,
0.006968,0.000003,0.000097,0.000059,0.000061,0.000118,0.006849,0.016667,0.0,0.0,0.0,0.0,0.0,0.000003,0.000002,0.000002,0.000061,0.000031,0.0,0.000001,0.000051,0.000008,,,,,0.000009,,,0.000015,0.000009,,0.000009,0.000009,0.000005,,,,0.000006,,,,,,,,,,,,,,,0.000009,,,,,,0.0,,,,,,,,,,,,,,,0.0,,,,,,,,,,,,,,,,,,,,,,,,,,,,,,,,,,,,,,,,,,,,,,,,,,,,,,,,,
0.007005,0.0,0.0,0.000033,0.000049,0.0,0.007004,0.016667,,,,,,,,,,,,,0.000011,0.000022,,,,,,,,0.000016,0.000008,,0.000008,0.000008,0.000004,,,,0.000006,,,,,,,,,,,,,,,0.000009,,,,,,0.0,,,,,,,,,,,,,,,0.0,,,,,,,,,,,,,,,,,,,,,,,,,,,,,,,,,,,,,,,,,,,,,,,,,,,,,,,,,
0.015546,0.000002,0.000082,0.000111,0.000108,0.000163,0.015381,0.016667,0.0,0.0,0.0,0.0,0.0,0.000002,0.000001,0.000001,0.000038,0.00004,0.000001,0.000001,0.000068,0.000043,,,,,0.000018,,,0.000027,0.000017,,0.000016,0.000016,0.000006,,,,0.000009,,,,,,,,,,,,,,,0.000015,,,,,,0.0,,,,,,,,,,,,,,,0.000001,,,,,,,,,,,,,,,,,,,,,,,,,,,,,,,,,,,,,,,,,,,,,,,,,,,,,,,,,
0.000561,0.0,0.0,0.0,0.000079,0.0,0.00056,0.016667,,,,,,,,,,,,,0.0,0.0,,,,,,,,0.000027,0.00001,,0.000014,0.000014,0.000005,,,,0.000008,,,,,,,,,,,,,,,0.000016,,,,,,0.000001,,,,,,,,,,,,,,,0.000001,,,,,,,,,,,,,,,,,,,,,,,,,,,,,,,,,,,,,,,,,,,,,,,,,,,,,,,,,
0.004652,0.000002,0.000093,0.000024,0.000047,0.000086,0.004565,0.016667,0.0,0.0,0.0,0.0,0.0,0.000002,0.000001,0.000001,0.000039,0.000051,0.0,0.000001,0.000014,0.00001,,,,,0.00001,,,0.000012,0.000007,,0.000006,0.000007,0.000003,,,,0.000004,,,,,,,,,,,,,,,0.000006,,,,,,0.0,,,,,,,,,,,,,,,0.0,,,,,,,,,,,,,,,,,,,,,,,,,,,,,,,,,,,,,,,,,,,,,,,,,,,,,,,,,
0.006818,0.0,0.0,0.000012,0.000054,0.0,0.006817,0.016667,,,,,,,,,,,,,0.0,0.000012,,,,,,,,0.000018,0.00001,,0.000009,0.000009,0.000004,,,,0.000005,,,,,,,,,,,,,,,0.000009,,,,,,0.0,,,,,,,,,,,,,,,0.000001,,,,,,,,,,,,,,,,,,,,,,,,,,,,,,,,,,,,,,,,,,,,,,,,,,,,,,,,,
0.016291,0.0,0.0,0.000118,0.000075,0.0,0.016289,0.016667,,,,,,,,,,,,,0.00008,0.000038,,,,,,,,0.000026,0.000014,,0.000011,0.000014,0.000005,,,,0.000007,,,,,,,,,,,,,,,0.000012,,,,,,0.000001,,,,,,,,,,,,,,,0.0,,,,,,,,,,,,,,,,,,,,,,,,,,,,,,,,,,,,,,,,,,,,,,,,,,,,,,,,,
0.005706,0.000002,0.000049,0.00002,0.000075,0.000124,0.00558,0.016667,0.0,0.0,0.0,0.0,0.0,0.000002,0.000001,0.000001,0.000031,0.000014,0.000001,0.000001,0.00001,0.00001,,,,,0.000016,,,0.00002,0.00001,,0.00001,0.000012,0.000005,,,,0.000006,,,,,,,,,,,,,,,0.000009,,,,,,0.0,,,,,,,,,,,,,,,0.0,,,,,,,,,,,,,,,,,,,,,,,,,,,,,,,,,,,,,,,,,,,,,,,,,,,,,,,,,
0.000626,0.0,0.0,0.0,0.000083,0.0,0.000624,0.016667,,,,,,,,,,,,,0.0,0.0,,,,,,,,0.000024,0.000016,,0.000013,0.000014,0.000007,,,,0.000009,,,,,,,,,,,,,,,0.000014,,,,,,0.0,,,,,,,,,,,,,,,0.000001,,,,,,,,,,,,,,,,,,,,,,,,,,,,,,,,,,,,,,,,,,,,,,,,,,,,,,,,,
0.012016,0.000002,0.000066,0.000143,0.000055,0.000085,0.01193,0.016667,0.0,0.0,0.0,0.0,0.0,0.000002,0.000001,0.000001,0.000036,0.000026,0.0,0.000002,0.000116,0.000027,,,,,0.000009,,,0.000012,0.000007,,0.000012,0.000008,0.000004,,,,0.000004,,,,,,,,,,,,,,,0.000007,,,,,,0.0,,,,,,,,,,,,,,,0.0,,,,,,,,,,,,,,,,,,,,,,,,,,,,,,,,,,,,,,,,,,,,,,,,,,,,,,,,,
0.019383,0.0,0.0,0.000129,0.000104,0.0,0.019379,0.016667,,,,,,,,,,,,,0.000094,0.000035,,,,,,,,0.000031,0.000019,,0.000014,0.000017,0.000009,,,,0.000011,,,,,,,,,,,,,,,0.000021,,,,,,0.0,,,,,,,,,,,,,,,0.000001,,,,,,,,,,,,,,,,,,,,,,,,,,,,,,,,,,,,,,,,,,,,,,,,,,,,,,,,,
0.001022,0.000006,0.000051,0.0,0.000114,0.000212,0.000806,0.016667,0.0,0.0,0.0,0.0,0.0,0.000006,0.000001,0.0,0.000032,0.000015,0.000001,0.000002,0.0,0.0,,,,,0.000021,,,0.00003,0.000016,,0.000015,0.000017,0.000007,,,,0.000009,,,,,,,,,,,,,,,0.000017,,,,,,0.0,,,,,,,,,,,,,,,0.000002,,,,,,,,,,,,,,,,,,,,,,,,,,,,,,,,,,,,,,,,,,,,,,,,,,,,,,,,,
0.000455,0.0,0.0,0.000002,0.000048,0.0,0.000454,0.016667,,,,,,,,,,,,,0.0,0.000002,,,,,,,,0.000014,0.000008,,0.000008,0.000009,0.000004,,,,0.000005,,,,,,,,,,,,,,,0.000009,,,,,,0.0,,,,,,,,,,,,,,,0.0,,,,,,,,,,,,,,,,,,,,,,,,,,,,,,,,,,,,,,,,,,,,,,,,,,,,,,,,,
0.006365,0.000004,0.000119,0.000044,0.000043,0.000069,0.006295,0.016667,0.0,0.0,0.0,0.0,0.0,0.000004,0.000002,0.000002,0.000076,0.000038,0.0,0.000001,0.000024,0.00002,,,,,0.000007,,,0.000012,0.000007,,0.000006,0.000007,0.000003,,,,0.000003,,,,,,,,,,,,,,,0.000006,,,,,,0.0,,,,,,,,,,,,,,,0.0,,,,,,,,,,,,,,,,,,,,,,,,,,,,,,,,,,,,,,,,,,,,,,,,,,,,,,,,,
0.006687,0.0,0.0,0.000017,0.000074,0.0,0.006685,0.016667,,,,,,,,,,,,,0.000009,0.000008,,,,,,,,0.000025,0.000014,,0.000011,0.000014,0.000005,,,,0.000007,,,,,,,,,,,,,,,0.000013,,,,,,0.0,,,,,,,,,,,,,,,0.000001,,,,,,,,,,,,,,,,,,,,,,,,,,,,,,,,,,,,,,,,,,,,,,,,,,,,,,,,,
0.018901,0.000002,0.000038,0.000127,0.000077,0.000131,0.018769,0.016667,0.0,0.0,0.0,0.0,0.0,0.000002,0.000001,0.0,0.000024,0.000012,0.0,0.000001,0.000097,0.00003,,,,,0.000014,,,0.00002,0.000011,,0.000011,0.000011,0.000004,,,,0.000007,,,,,,,,,,,,,,,0.000011,,,,,,0.0,,,,,,,,,,,,,,,0.000001,,,,,,,,,,,,,,,,,,,,,,,,,,,,,,,,,,,,,,,,,,,,,,,,,,,,,,,,,
0.00076,0.0,0.0,0.000001,0.000085,0.0,0.000758,0.016667,,,,,,,,,,,,,0.0,0.000001,,,,,,,,0.000027,0.000015,,0.000013,0.000015,0.000007,,,,0.000008,,,,,,,,,,,,,,,0.000016,,,,,,0.0,,,,,,,,,,,,,,,0.000001,,,,,,,,,,,,,,,,,,,,,,,,,,,,,,,,,,,,,,,,,,,,,,,,,,,,,,,,,
0.000803,0.0,0.0,0.0,0.000075,0.0,0.000801,0.016667,,,,,,,,,,,,,0.0,0.0,,,,,,,,0.000023,0.000014,,0.000011,0.000014,0.000006,,,,0.000007,,,,,,,,,,,,,,,0.000014,,,,,,0.000001,,,,,,,,,,,,,,,0.0,,,,,,,,,,,,,,,,,,,,,,,,,,,,,,,,,,,,,,,,,,,,,,,,,,,,,,,,,
0.006987,0.000006,0.000081,0.00003,0.000075,0.000109,0.006875,0.016667,0.0,0.0,0.0,0.0,0.0,0.000006,0.000002,0.0,0.00004,0.000037,0.0,0.000002,0.000014,0.000016,,,,,0.000014,,,0.000019,0.000012,,0.000011,0.000012,0.000004,,,,0.000006,,,,,,,,,,,,,,,0.000009,,,,,,0.0,,,,,,,,,,,,,,,0.000001,,,,,,,,,,,,,,,,,,,,,,,,,,,,,,,,,,,,,,,,,,,,,,,,,,,,,,,,,
0.007162,0.0,0.0,0.000089,0.000063,0.0,0.007159,0.016667,,,,,,,,,,,,,0.000075,0.000014,,,,,,,,0.000022,0.000011,,0.000012,0.000013,0.000005,,,,0.000005,,,,,,,,,,,,,,,0.000009,,,,,,0.0,,,,,,,,,,,,,,,0.000001,,,,,,,,,,,,,,,,,,,,,,,,,,,,,,,,,,,,,,,,,,,,,,,,,,,,,,,,,
0.017085,0.000001,0.000049,0.000132,0.000088,0.00016,0.016923,0.016667,0.0,0.0,0.0,0.0,0.0,0.000001,0.000001,0.000001,0.00003,0.000015,0.0,0.000002,0.000093,0.000039,,,,,0.000016,,,0.000024,0.000013,,0.000011,0.000014,0.000005,,,,0.000008,,,,,,,,,,,,,,,0.000011,,,,,,0.0,,,,,,,,,,,,,,,0.000001,,,,,,,,,,,,,,,,,,,,,,,,,,,,,,,,,,,,,,,,,,,,,,,,,,,,,,,,,
0.001492,0.0,0.0,0.000004,0.0002,0.0,0.001489,0.016667,,,,,,,,,,,,,0.0,0.000004,,,,,,,,0.000063,0.000036,,0.000032,0.000037,0.000017,,,,0.000012,,,,,,,,,,,,,,,0.000043,,,,,,0.0,,,,,,,,,,,,,,,0.000002,,,,,,,,,,,,,,,,,,,,,,,,,,,,,,,,,,,,,,,,,,,,,,,,,,,,,,,,,
0.001491,0.000002,0.000102,0.0,0.000126,0.000117,0.001373,0.016667,0.0,0.0,0.0,0.0,0.0,0.000002,0.000002,0.000001,0.000034,0.000063,0.0,0.000002,0.0,0.0,,,,,0.000018,,,0.000059,0.000012,,0.000012,0.000049,0.000005,,,,0.000007,,,,,,,,,,,,,,,0.000012,,,,,,0.000001,,,,,,,,,,,,,,,0.000001,,,,,,,,,,,,,,,,,,,,,,,,,,,,,,,,,,,,,,,,,,,,,,,,,,,,,,,,,
0.007441,0.0,0.0,0.000031,0.000066,0.0,0.007438,0.016667,,,,,,,,,,,,,0.000015,0.000016,,,,,,,,0.00002,0.000012,,0.000011,0.000011,0.000005,,,,0.000007,,,,,,,,,,,,,,,0.000011,,,,,,0.0,,,,,,,,,,,,,,,0.000001,,,,,,,,,,,,,,,,,,,,,,,,,,,,,,,,,,,,,,,,,,,,,,,,,,,,,,,,,
0.007655,0.0,0.0,0.000012,0.000065,0.0,0.007653,0.016667,,,,,,,,,,,,,0.0,0.000012,,,,,,,,0.000021,0.00001,,0.00001,0.000012,0.000004,,,,0.000007,,,,,,,,,,,,,,,0.000013,,,,,,0.0,,,,,,,,,,,,,,,0.000001,,,,,,,,,,,,,,,,,,,,,,,,,,,,,,,,,,,,,,,,,,,,,,,,,,,,,,,,,
0.016157,0.000004,0.000052,0.000097,0.000147,0.00013,0.016025,0.016667,0.0,0.0,0.0,0.0,0.0,0.000004,0.000001,0.000001,0.000033,0.000016,0.0,0.000001,0.000068,0.000029,,,,,0.000018,,,0.000026,0.00003,,0.000044,0.000015,0.000007,,,,0.000008,,,,,,,,,,,,,,,0.000014,,,,,,0.0,,,,,,,,,,,,,,,0.000001,,,,,,,,,,,,,,,,,,,,,,,,,,,,,,,,,,,,,,,,,,,,,,,,,,,,,,,,,
0.000812,0.0,0.0,0.000002,0.00014,0.0,0.00081,0.016667,,,,,,,,,,,,,0.0,0.000002,,,,,,,,0.000031,0.000047,,0.000017,0.000017,0.000009,,,,0.000015,,,,,,,,,,,,,,,0.000022,,,,,,0.0,,,,,,,,,,,,,,,0.000001,,,,,,,,,,,,,,,,,,,,,,,,,,,,,,,,,,,,,,,,,,,,,,,,,,,,,,,,,
0.002311,0.000003,0.000058,0.000002,0.000085,0.000129,0.00218,0.016667,0.0,0.0,0.0,0.0,0.0,0.000003,0.000002,0.000001,0.000034,0.000019,0.0,0.000002,0.0,0.000002,,,,,0.000015,,,0.000023,0.000013,,0.000011,0.000014,0.000006,,,,0.000007,,,,,,,,,,,,,,,0.000011,,,,,,0.0,,,,,,,,,,,,,,,0.000001,,,,,,,,,,,,,,,,,,,,,,,,,,,,,,,,,,,,,,,,,,,,,,,,,,,,,,,,,
0.006979,0.0,0.0,0.000011,0.000077,0.0,0.006977,0.016667,,,,,,,,,,,,,0.000002,0.000009,,,,,,,,0.000023,0.000013,,0.000013,0.000013,0.000007,,,,0.000008,,,,,,,,,,,,,,,0.000013,,,,,,0.0,,,,,,,,,,,,,,,0.000001,,,,,,,,,,,,,,,,,,,,,,,,,,,,,,,,,,,,,,,,,,,,,,,,,,,,,,,,,
0.006921,0.0,0.0,0.000096,0.000073,0.0,0.006919,0.016667,,,,,,,,,,,,,0.000083,0.000013,,,,,,,,0.00002,0.000013,,0.000012,0.000012,0.000006,,,,0.000008,,,,,,,,,,,,,,,0.000014,,,,,,0.0,,,,,,,,,,,,,,,0.000001,,,,,,,,,,,,,,,,,,,,,,,,,,,,,,,,,,,,,,,,,,,,,,,,,,,,,,,,,
0.015201,0.000003,0.000073,0.000029,0.000096,0.000167,0.015032,0.016667,0.0,0.0,0.0,0.0,0.0,0.000003,0.000002,0.000001,0.000041,0.000026,0.0,0.000003,0.000011,0.000018,,,,,0.000022,,,0.000024,0.000012,,0.000012,0.000013,0.000006,,,,0.000008,,,,,,,,,,,,,,,0.000013,,,,,,0.0,,,,,,,,,,,,,,,0.000001,,,,,,,,,,,,,,,,,,,,,,,,,,,,,,,,,,,,,,,,,,,,,,,,,,,,,,,,,
0.000692,0.0,0.0,0.000002,0.000067,0.0,0.000691,0.016667,,,,,,,,,,,,,0.0,0.000002,,,,,,,,0.000022,0.00001,,0.000012,0.000012,0.000005,,,,0.000007,,,,,,,,,,,,,,,0.000012,,,,,,0.0,,,,,,,,,,,,,,,0.0,,,,,,,,,,,,,,,,,,,,,,,,,,,,,,,,,,,,,,,,,,,,,,,,,,,,,,,,,
0.004822,0.000002,0.00008,0.000061,0.000095,0.000138,0.004683,0.016667,0.0,0.0,0.0,0.0,0.0,0.000002,0.000003,0.000002,0.000055,0.000018,0.000001,0.000001,0.000055,0.000006,,,,,0.000014,,,0.000026,0.000014,,0.000011,0.000015,0.000007,,,,0.000008,,,,,,,,,,,,,,,0.000015,,,,,,0.0,,,,,,,,,,,,,,,0.000001,,,,,,,,,,,,,,,,,,,,,,,,,,,,,,,,,,,,,,,,,,,,,,,,,,,,,,,,,
0.007326,0.0,0.0,0.000033,0.000056,0.0,0.007325,0.016667,,,,,,,,,,,,,0.000014,0.000019,,,,,,,,0.000017,0.00001,,0.000009,0.00001,0.000004,,,,0.000006,,,,,,,,,,,,,,,0.00001,,,,,,0.0,,,,,,,,,,,,,,,0.000001,,,,,,,,,,,,,,,,,,,,,,,,,,,,,,,,,,,,,,,,,,,,,,,,,,,,,,,,,
0.018793,0.000008,0.00009,0.000123,0.000098,0.00016,0.018628,0.016667,0.0,0.0,0.0,0.0,0.0,0.000008,0.000002,0.000001,0.000037,0.000047,0.000001,0.000002,0.00009,0.000033,,,,,0.000019,,,0.000026,0.000015,,0.000013,0.000014,0.000005,,,,0.000008,,,,,,,,,,,,,,,0.000013,,,,,,0.000001,,,,,,,,,,,,,,,0.000001,,,,,,,,,,,,,,,,,,,,,,,,,,,,,,,,,,,,,,,,,,,,,,,,,,,,,,,,,
0.001028,0.0,0.0,0.0,0.000089,0.0,0.001025,0.016667,,,,,,,,,,,,,0.0,0.0,,,,,,,,0.000029,0.000015,,0.000013,0.000016,0.000007,,,,0.000008,,,,,,,,,,,,,,,0.000017,,,,,,0.0,,,,,,,,,,,,,,,0.000001,,,,,,,,,,,,,,,,,,,,,,,,,,,,,,,,,,,,,,,,,,,,,,,,,,,,,,,,,
0.000449,0.0,0.0,0.000001,0.000061,0.0,0.000448,0.016667,,,,,,,,,,,,,0.0,0.000001,,,,,,,,0.000019,0.00001,,0.000009,0.000011,0.000004,,,,0.000007,,,,,,,,,,,,,,,0.000012,,,,,,0.0,,,,,,,,,,,,,,,0.000001,,,,,,,,,,,,,,,,,,,,,,,,,,,,,,,,,,,,,,,,,,,,,,,,,,,,,,,,,
0.006235,0.000002,0.000077,0.000006,0.000065,0.000134,0.0061,0.016667,0.0,0.0,0.0,0.0,0.0,0.000002,0.000002,0.000001,0.000045,0.000028,0.0,0.000001,0.0,0.000006,,,,,0.00001,,,0.000017,0.000012,,0.000008,0.00001,0.000005,,,,0.000005,,,,,,,,,,,,,,,0.00001,,,,,,0.0,,,,,,,,,,,,,,,0.0,,,,,,,,,,,,,,,,,,,,,,,,,,,,,,,,,,,,,,,,,,,,,,,,,,,,,,,,,
0.006643,0.0,0.0,0.000026,0.000081,0.0,0.00664,0.016667,,,,,,,,,,,,,0.00001,0.000016,,,,,,,,0.000025,0.000015,,0.000013,0.000015,0.000006,,,,0.000008,,,,,,,,,,,,,,,0.000014,,,,,,0.0,,,,,,,,,,,,,,,0.000001,,,,,,,,,,,,,,,,,,,,,,,,,,,,,,,,,,,,,,,,,,,,,,,,,,,,,,,,,
0.01072,0.000003,0.000097,0.000176,0.000087,0.000126,0.010591,0.016667,0.0,0.0,0.0,0.0,0.0,0.000003,0.000001,0.000001,0.000058,0.000035,0.0,0.000002,0.000143,0.000033,,,,,0.000018,,,0.000024,0.00001,,0.000011,0.000014,0.000005,,,,0.000008,,,,,,,,,,,,,,,0.000011,,,,,,0.0,,,,,,,,,,,,,,,0.000001,,,,,,,,,,,,,,,,,,,,,,,,,,,,,,,,,,,,,,,,,,,,,,,,,,,,,,,,,
0.009247,0.0,0.0,0.000031,0.000084,0.0,0.009245,0.016667,,,,,,,,,,,,,0.000016,0.000015,,,,,,,,0.000027,0.000014,,0.000013,0.000015,0.000007,,,,0.000008,,,,,,,,,,,,,,,0.000016,,,,,,0.0,,,,,,,,,,,,,,,0.000001,,,,,,,,,,,,,,,,,,,,,,,,,,,,,,,,,,,,,,,,,,,,,,,,,,,,,,,,,
0.000747,0.0,0.0,0.0,0.000082,0.0,0.000745,0.016667,,,,,,,,,,,,,0.0,0.0,,,,,,,,0.000027,0.000015,,0.000013,0.000014,0.000006,,,,0.000009,,,,,,,,,,,,,,,0.000015,,,,,,0.0,,,,,,,,,,,,,,,0.0,,,,,,,,,,,,,,,,,,,,,,,,,,,,,,,,,,,,,,,,,,,,,,,,,,,,,,,,,
0.006925,0.000002,0.000057,0.000092,0.000073,0.00009,0.006832,0.016667,0.0,0.0,0.0,0.0,0.0,0.000002,0.000002,0.0,0.000044,0.00001,0.0,0.000001,0.000078,0.000014,,,,,0.000013,,,0.000021,0.00001,,0.00001,0.000012,0.000004,,,,0.000006,,,,,,,,,,,,,,,0.00001,,,,,,0.0,,,,,,,,,,,,,,,0.000001,,,,,,,,,,,,,,,,,,,,,,,,,,,,,,,,,,,,,,,,,,,,,,,,,,,,,,,,,
0.007059,0.0,0.0,0.000039,0.000091,0.0,0.007056,0.016667,,,,,,,,,,,,,0.000015,0.000024,,,,,,,,0.000033,0.000016,,0.000015,0.000017,0.000006,,,,0.000008,,,,,,,,,,,,,,,0.000015,,,,,,0.0,,,,,,,,,,,,,,,0.000001,,,,,,,,,,,,,,,,,,,,,,,,,,,,,,,,,,,,,,,,,,,,,,,,,,,,,,,,,
0.01732,0.000003,0.000043,0.000116,0.000087,0.000131,0.017186,0.016667,0.0,0.0,0.0,0.0,0.0,0.000003,0.000001,0.000001,0.000034,0.000004,0.000001,0.000002,0.000088,0.000028,,,,,0.000019,,,0.000021,0.000014,,0.000011,0.000012,0.000005,,,,0.000007,,,,,,,,,,,,,,,0.00001,,,,,,0.0,,,,,,,,,,,,,,,0.000001,,,,,,,,,,,,,,,,,,,,,,,,,,,,,,,,,,,,,,,,,,,,,,,,,,,,,,,,,
0.000836,0.0,0.0,0.000002,0.000093,0.0,0.000832,0.016667,,,,,,,,,,,,,0.0,0.000002,,,,,,,,0.000027,0.000016,,0.000018,0.000015,0.000007,,,,0.000008,,,,,,,,,,,,,,,0.000018,,,,,,0.0,,,,,,,,,,,,,,,0.000001,,,,,,,,,,,,,,,,,,,,,,,,,,,,,,,,,,,,,,,,,,,,,,,,,,,,,,,,,
0.001967,0.000004,0.000063,0.000015,0.000087,0.000118,0.001848,0.016667,0.0,0.0,0.0,0.0,0.0,0.000004,0.000003,0.000001,0.000036,0.000022,0.0,0.000001,0.00001,0.000005,,,,,0.000012,,,0.000024,0.000014,,0.000012,0.000014,0.000006,,,,0.000007,,,,,,,,,,,,,,,0.000013,,,,,,0.0,,,,,,,,,,,,,,,0.000001,,,,,,,,,,,,,,,,,,,,,,,,,,,,,,,,,,,,,,,,,,,,,,,,,,,,,,,,,
0.006831,0.0,0.0,0.000005,0.00005,0.0,0.00683,0.016667,,,,,,,,,,,,,0.0,0.000005,,,,,,,,0.000016,0.000008,,0.000008,0.000009,0.000004,,,,0.000005,,,,,,,,,,,,,,,0.00001,,,,,,0.0,,,,,,,,,,,,,,,0.0,,,,,,,,,,,,,,,,,,,,,,,,,,,,,,,,,,,,,,,,,,,,,,,,,,,,,,,,,
0.00736,0.0,0.0,0.000065,0.000063,0.0,0.007359,0.016667,,,,,,,,,,,,,0.000052,0.000013,,,,,,,,0.00002,0.00001,,0.00001,0.00001,0.000005,,,,0.000006,,,,,,,,,,,,,,,0.000012,,,,,,0.000001,,,,,,,,,,,,,,,0.000001,,,,,,,,,,,,,,,,,,,,,,,,,,,,,,,,,,,,,,,,,,,,,,,,,,,,,,,,,
0.016009,0.000002,0.000067,0.000049,0.000101,0.000131,0.015876,0.016667,0.0,0.0,0.0,0.0,0.0,0.000002,0.000002,0.0,0.000046,0.000018,0.0,0.000001,0.000017,0.000032,,,,,0.000016,,,0.000029,0.000013,,0.000015,0.000017,0.000005,,,,0.00001,,,,,,,,,,,,,,,0.000014,,,,,,0.0,,,,,,,,,,,,,,,0.000001,,,,,,,,,,,,,,,,,,,,,,,,,,,,,,,,,,,,,,,,,,,,,,,,,,,,,,,,,
0.000565,0.0,0.0,0.000001,0.000065,0.0,0.000564,0.016667,,,,,,,,,,,,,0.0,0.000001,,,,,,,,0.000021,0.00001,,0.000011,0.000012,0.000004,,,,0.000007,,,,,,,,,,,,,,,0.000013,,,,,,0.0,,,,,,,,,,,,,,,0.0,,,,,,,,,,,,,,,,,,,,,,,,,,,,,,,,,,,,,,,,,,,,,,,,,,,,,,,,,
0.004161,0.000002,0.000071,0.000004,0.000089,0.000121,0.004038,0.016667,0.0,0.0,0.0,0.0,0.0,0.000002,0.000002,0.000001,0.000041,0.000026,0.0,0.000001,0.0,0.000004,,,,,0.000012,,,0.000025,0.000013,,0.000011,0.000015,0.000007,,,,0.000008,,,,,,,,,,,,,,,0.000013,,,,,,0.0,,,,,,,,,,,,,,,0.000001,,,,,,,,,,,,,,,,,,,,,,,,,,,,,,,,,,,,,,,,,,,,,,,,,,,,,,,,,
0.006511,0.0,0.0,0.000089,0.000093,0.0,0.00651,0.016667,,,,,,,,,,,,,0.000076,0.000013,,,,,,,,0.000024,0.000012,,0.000011,0.000012,0.000004,,,,0.000007,,,,,,,,,,,,,,,0.000035,,,,,,0.0,,,,,,,,,,,,,,,0.000002,,,,,,,,,,,,,,,,,,,,,,,,,,,,,,,,,,,,,,,,,,,,,,,,,,,,,,,,,
0.007083,0.0,0.0,0.000032,0.000087,0.0,0.007081,0.016667,,,,,,,,,,,,,0.000014,0.000018,,,,,,,,0.000031,0.000012,,0.000014,0.000015,0.000007,,,,0.00001,,,,,,,,,,,,,,,0.000014,,,,,,0.0,,,,,,,,,,,,,,,0.000001,,,,,,,,,,,,,,,,,,,,,,,,,,,,,,,,,,,,,,,,,,,,,,,,,,,,,,,,,
0.015033,0.000002,0.000076,0.000037,0.000089,0.000126,0.014905,0.016667,0.0,0.0,0.0,0.0,0.0,0.000002,0.000002,0.0,0.000034,0.000037,0.000001,0.000002,0.000011,0.000026,,,,,0.000017,,,0.000025,0.000014,,0.000012,0.000013,0.000005,,,,0.000007,,,,,,,,,,,,,,,0.000011,,,,,,0.0,,,,,,,,,,,,,,,0.0,,,,,,,,,,,,,,,,,,,,,,,,,,,,,,,,,,,,,,,,,,,,,,,,,,,,,,,,,
0.000536,0.0,0.0,0.000002,0.000071,0.0,0.000534,0.016667,,,,,,,,,,,,,0.0,0.000002,,,,,,,,0.000024,0.000012,,0.000012,0.000013,0.000005,,,,0.000007,,,,,,,,,,,,,,,0.000012,,,,,,0.0,,,,,,,,,,,,,,,0.0,,,,,,,,,,,,,,,,,,,,,,,,,,,,,,,,,,,,,,,,,,,,,,,,,,,,,,,,,
0.011998,0.000004,0.000061,0.000067,0.000058,0.000105,0.011891,0.016667,0.0,0.0,0.0,0.0,0.0,0.000004,0.000002,0.000001,0.000041,0.000015,0.000001,0.000001,0.000053,0.000014,,,,,0.00001,,,0.000013,0.000009,,0.000007,0.000008,0.000007,,,,0.000005,,,,,,,,,,,,,,,0.000008,,,,,,0.0,,,,,,,,,,,,,,,0.0,,,,,,,,,,,,,,,,,,,,,,,,,,,,,,,,,,,,,,,,,,,,,,,,,,,,,,,,,
0.019275,0.0,0.0,0.00014,0.000072,0.0,0.019273,0.016667,,,,,,,,,,,,,0.000095,0.000045,,,,,,,,0.000024,0.000013,,0.000011,0.000014,0.000004,,,,0.000007,,,,,,,,,,,,,,,0.000013,,,,,,0.0,,,,,,,,,,,,,,,0.000001,,,,,,,,,,,,,,,,,,,,,,,,,,,,,,,,,,,,,,,,,,,,,,,,,,,,,,,,,
0.001773,0.000002,0.000059,0.000004,0.000134,0.000167,0.001601,0.016667,0.0,0.0,0.0,0.0,0.0,0.000002,0.000001,0.000001,0.000042,0.000014,0.0,0.000001,0.0,0.000004,,,,,0.000039,,,0.000028,0.000019,,0.000016,0.000017,0.000006,,,,0.000012,,,,,,,,,,,,,,,0.000015,,,,,,0.0,,,,,,,,,,,,,,,0.0,,,,,,,,,,,,,,,,,,,,,,,,,,,,,,,,,,,,,,,,,,,,,,,,,,,,,,,,,
0.000579,0.0,0.0,0.0,0.000064,0.0,0.000578,0.016667,,,,,,,,,,,,,0.0,0.0,,,,,,,,0.000021,0.000012,,0.000011,0.000011,0.000004,,,,0.000007,,,,,,,,,,,,,,,0.00001,,,,,,0.0,,,,,,,,,,,,,,,0.000001,,,,,,,,,,,,,,,,,,,,,,,,,,,,,,,,,,,,,,,,,,,,,,,,,,,,,,,,,
0.000392,0.0,0.0,0.0,0.000049,0.0,0.000391,0.016667,,,,,,,,,,,,,0.0,0.0,,,,,,,,0.000015,0.000009,,0.000008,0.000009,0.000004,,,,0.000005,,,,,,,,,,,,,,,0.000008,,,,,,0.000001,,,,,,,,,,,,,,,0.0,,,,,,,,,,,,,,,,,,,,,,,,,,,,,,,,,,,,,,,,,,,,,,,,,,,,,,,,,
0.012198,0.000002,0.000081,0.000084,0.000053,0.000087,0.012109,0.016667,0.0,0.0,0.0,0.0,0.0,0.000002,0.000002,0.000001,0.000042,0.000034,0.0,0.000002,0.000065,0.000019,,,,,0.000009,,,0.000015,0.000008,,0.000007,0.000009,0.000003,,,,0.000004,,,,,,,,,,,,,,,0.000007,,,,,,0.0,,,,,,,,,,,,,,,0.000001,,,,,,,,,,,,,,,,,,,,,,,,,,,,,,,,,,,,,,,,,,,,,,,,,,,,,,,,,
0.020226,0.0,0.0,0.00014,0.000102,0.0,0.020223,0.016667,,,,,,,,,,,,,0.000094,0.000046,,,,,,,,0.000031,0.000015,,0.000013,0.000017,0.000007,,,,0.000009,,,,,,,,,,,,,,,0.000027,,,,,,0.000001,,,,,,,,,,,,,,,0.000001,,,,,,,,,,,,,,,,,,,,,,,,,,,,,,,,,,,,,,,,,,,,,,,,,,,,,,,,,
0.001111,0.000002,0.000055,0.000001,0.000133,0.000136,0.000973,0.016667,0.0,0.0,0.0,0.0,0.0,0.000002,0.000002,0.0,0.00003,0.000021,0.0,0.000002,0.0,0.000001,,,,,0.000014,,,0.000032,0.00002,,0.000016,0.00002,0.000011,,,,0.000015,,,,,,,,,,,,,,,0.000025,,,,,,0.0,,,,,,,,,,,,,,,0.000002,,,,,,,,,,,,,,,,,,,,,,,,,,,,,,,,,,,,,,,,,,,,,,,,,,,,,,,,,
0.000456,0.0,0.0,0.0,0.000073,0.0,0.000454,0.016667,,,,,,,,,,,,,0.0,0.0,,,,,,,,0.000022,0.000013,,0.000012,0.000013,0.000006,,,,0.000008,,,,,,,,,,,,,,,0.000014,,,,,,0.0,,,,,,,,,,,,,,,0.0,,,,,,,,,,,,,,,,,,,,,,,,,,,,,,,,,,,,,,,,,,,,,,,,,,,,,,,,,
0.01292,0.0,0.0,0.000042,0.000029,0.0,0.012919,0.016667,,,,,,,,,,,,,0.000014,0.000028,,,,,,,,0.000007,0.000006,,0.000004,0.000005,0.000003,,,,0.000003,,,,,,,,,,,,,,,0.000005,,,,,,0.0,,,,,,,,,,,,,,,0.000001,,,,,,,,,,,,,,,,,,,,,,,,,,,,,,,,,,,,,,,,,,,,,,,,,,,,,,,,,
0.017931,0.000002,0.000075,0.000103,0.000096,0.00014,0.017789,0.016667,0.0,0.0,0.0,0.0,0.0,0.000002,0.000003,0.0,0.00005,0.00002,0.0,0.000002,0.000069,0.000034,,,,,0.00002,,,0.000023,0.000014,,0.000011,0.000013,0.000006,,,,0.000007,,,,,,,,,,,,,,,0.000015,,,,,,0.0,,,,,,,,,,,,,,,0.000001,,,,,,,,,,,,,,,,,,,,,,,,,,,,,,,,,,,,,,,,,,,,,,,,,,,,,,,,,
0.001044,0.000006,0.000065,0.0,0.000143,0.000207,0.000832,0.016667,0.0,0.0,0.0,0.0,0.0,0.000006,0.000001,0.000001,0.000044,0.000017,0.0,0.000002,0.0,0.0,,,,,0.000025,,,0.000035,0.000021,,0.00002,0.00002,0.00001,,,,0.000013,,,,,,,,,,,,,,,0.00002,,,,,,0.0,,,,,,,,,,,,,,,0.000002,,,,,,,,,,,,,,,,,,,,,,,,,,,,,,,,,,,,,,,,,,,,,,,,,,,,,,,,,
0.000832,0.0,0.0,0.000001,0.000043,0.0,0.000831,0.016667,,,,,,,,,,,,,0.0,0.000001,,,,,,,,0.000012,0.000008,,0.000007,0.000007,0.000004,,,,0.000004,,,,,,,,,,,,,,,0.000008,,,,,,0.0,,,,,,,,,,,,,,,0.000001,,,,,,,,,,,,,,,,,,,,,,,,,,,,,,,,,,,,,,,,,,,,,,,,,,,,,,,,,
0.006938,0.000001,0.000107,0.00002,0.000054,0.000093,0.006844,0.016667,0.0,0.0,0.0,0.0,0.0,0.000001,0.000003,0.000001,0.000056,0.000045,0.0,0.000002,0.00001,0.00001,,,,,0.000009,,,0.000014,0.000008,,0.000007,0.000009,0.000004,,,,0.000004,,,,,,,,,,,,,,,0.000008,,,,,,0.0,,,,,,,,,,,,,,,0.000001,,,,,,,,,,,,,,,,,,,,,,,,,,,,,,,,,,,,,,,,,,,,,,,,,,,,,,,,,
0.007324,0.0,0.0,0.000073,0.000056,0.0,0.007322,0.016667,,,,,,,,,,,,,0.000055,0.000018,,,,,,,,0.000018,0.000009,,0.000009,0.00001,0.000005,,,,0.000005,,,,,,,,,,,,,,,0.00001,,,,,,0.0,,,,,,,,,,,,,,,0.000001,,,,,,,,,,,,,,,,,,,,,,,,,,,,,,,,,,,,,,,,,,,,,,,,,,,,,,,,,
0.01589,0.000002,0.000063,0.000053,0.000109,0.000159,0.015728,0.016667,0.0,0.0,0.0,0.0,0.0,0.000002,0.000001,0.0,0.000039,0.000021,0.0,0.000002,0.000004,0.000049,,,,,0.000022,,,0.000027,0.000016,,0.000013,0.000016,0.000006,,,,0.000009,,,,,,,,,,,,,,,0.000016,,,,,,0.0,,,,,,,,,,,,,,,0.000001,,,,,,,,,,,,,,,,,,,,,,,,,,,,,,,,,,,,,,,,,,,,,,,,,,,,,,,,,
0.000586,0.0,0.0,0.0,0.000086,0.0,0.000583,0.016667,,,,,,,,,,,,,0.0,0.0,,,,,,,,0.000033,0.000012,,0.00001,0.000015,0.000006,,,,0.000009,,,,,,,,,,,,,,,0.000018,,,,,,0.0,,,,,,,,,,,,,,,0.000001,,,,,,,,,,,,,,,,,,,,,,,,,,,,,,,,,,,,,,,,,,,,,,,,,,,,,,,,,
0.003744,0.000002,0.00007,0.000019,0.000068,0.000122,0.003621,0.016667,0.0,0.0,0.0,0.0,0.0,0.000002,0.000002,0.000001,0.00004,0.000026,0.0,0.000001,0.00001,0.000009,,,,,0.00001,,,0.000017,0.000011,,0.000008,0.000011,0.000005,,,,0.000006,,,,,,,,,,,,,,,0.000011,,,,,,0.000001,,,,,,,,,,,,,,,0.0,,,,,,,,,,,,,,,,,,,,,,,,,,,,,,,,,,,,,,,,,,,,,,,,,,,,,,,,,
0.007078,0.0,0.0,0.000091,0.000064,0.0,0.007077,0.016667,,,,,,,,,,,,,0.000079,0.000012,,,,,,,,0.000021,0.00001,,0.000011,0.000012,0.000005,,,,0.000006,,,,,,,,,,,,,,,0.000011,,,,,,0.0,,,,,,,,,,,,,,,0.000001,,,,,,,,,,,,,,,,,,,,,,,,,,,,,,,,,,,,,,,,,,,,,,,,,,,,,,,,,
0.016679,0.0,0.0,0.000039,0.000069,0.0,0.016677,0.016667,,,,,,,,,,,,,0.000016,0.000023,,,,,,,,0.000025,0.000012,,0.000012,0.000013,0.000005,,,,0.000006,,,,,,,,,,,,,,,0.000011,,,,,,0.0,,,,,,,,,,,,,,,0.0,,,,,,,,,,,,,,,,,,,,,,,,,,,,,,,,,,,,,,,,,,,,,,,,,,,,,,,,,
0.005075,0.000002,0.000083,0.000062,0.000089,0.000135,0.004937,0.016667,0.0,0.0,0.0,0.0,0.0,0.000002,0.000002,0.0,0.000042,0.000037,0.0,0.000002,0.000052,0.00001,,,,,0.000016,,,0.000024,0.000013,,0.000015,0.000014,0.000005,,,,0.000007,,,,,,,,,,,,,,,0.00001,,,,,,0.000001,,,,,,,,,,,,,,,0.0,,,,,,,,,,,,,,,,,,,,,,,,,,,,,,,,,,,,,,,,,,,,,,,,,,,,,,,,,
0.005684,0.0,0.0,0.000003,0.000078,0.0,0.005682,0.016667,,,,,,,,,,,,,0.0,0.000003,,,,,,,,0.000021,0.000013,,0.000019,0.000011,0.000006,,,,0.000007,,,,,,,,,,,,,,,0.000014,,,,,,0.0,,,,,,,,,,,,,,,0.0,,,,,,,,,,,,,,,,,,,,,,,,,,,,,,,,,,,,,,,,,,,,,,,,,,,,,,,,,
0.007212,0.000003,0.000073,0.000031,0.000112,0.000167,0.007043,0.016667,0.0,0.0,0.0,0.0,0.0,0.000003,0.000002,0.0,0.000046,0.000022,0.000001,0.000002,0.000012,0.000019,,,,,0.000021,,,0.000027,0.000015,,0.000019,0.000015,0.000006,,,,0.00001,,,,,,,,,,,,,,,0.000015,,,,,,0.000001,,,,,,,,,,,,,,,0.000001,,,,,,,,,,,,,,,,,,,,,,,,,,,,,,,,,,,,,,,,,,,,,,,,,,,,,,,,,
0.019594,0.0,0.0,0.000107,0.000107,0.0,0.019592,0.016667,,,,,,,,,,,,,0.00007,0.000037,,,,,,,,0.000028,0.000019,,0.000016,0.000016,0.000009,,,,0.000013,,,,,,,,,,,,,,,0.000023,,,,,,0.0,,,,,,,,,,,,,,,0.000001,,,,,,,,,,,,,,,,,,,,,,,,,,,,,,,,,,,,,,,,,,,,,,,,,,,,,,,,,
0.000988,0.000003,0.000087,0.000002,0.000147,0.000197,0.000789,0.016667,0.0,0.0,0.0,0.0,0.0,0.000003,0.000003,0.000002,0.000053,0.000026,0.000001,0.000002,0.0,0.000002,,,,,0.000023,,,0.000038,0.000019,,0.00002,0.000023,0.000011,,,,0.000014,,,,,,,,,,,,,,,0.000024,,,,,,0.0,,,,,,,,,,,,,,,0.000001,,,,,,,,,,,,,,,,,,,,,,,,,,,,,,,,,,,,,,,,,,,,,,,,,,,,,,,,,
0.000392,0.0,0.0,0.0,0.000046,0.0,0.000391,0.016667,,,,,,,,,,,,,0.0,0.0,,,,,,,,0.000014,0.000008,,0.000007,0.000007,0.000004,,,,0.000005,,,,,,,,,,,,,,,0.000008,,,,,,0.0,,,,,,,,,,,,,,,0.000001,,,,,,,,,,,,,,,,,,,,,,,,,,,,,,,,,,,,,,,,,,,,,,,,,,,,,,,,,
0.013146,0.000001,0.000116,0.00015,0.000042,0.000083,0.013062,0.016667,0.0,0.0,0.0,0.0,0.0,0.000001,0.000003,0.000001,0.000044,0.000067,0.0,0.000001,0.000118,0.000032,,,,,0.000007,,,0.00001,0.000006,,0.000005,0.000007,0.000003,,,,0.000004,,,,,,,,,,,,,,,0.000006,,,,,,0.0,,,,,,,,,,,,,,,0.000001,,,,,,,,,,,,,,,,,,,,,,,,,,,,,,,,,,,,,,,,,,,,,,,,,,,,,,,,,
0.014373,0.0,0.0,0.000143,0.000075,0.0,0.014371,0.016667,,,,,,,,,,,,,0.000107,0.000036,,,,,,,,0.000024,0.000013,,0.000012,0.000012,0.000005,,,,0.000007,,,,,,,,,,,,,,,0.000015,,,,,,0.0,,,,,,,,,,,,,,,0.000001,,,,,,,,,,,,,,,,,,,,,,,,,,,,,,,,,,,,,,,,,,,,,,,,,,,,,,,,,
0.004049,0.000002,0.000056,0.000002,0.000106,0.00014,0.003906,0.016667,0.0,0.0,0.0,0.0,0.0,0.000002,0.000001,0.0,0.000042,0.000011,0.0,0.000002,0.0,0.000002,,,,,0.000018,,,0.000028,0.000016,,0.000014,0.000016,0.000007,,,,0.000009,,,,,,,,,,,,,,,0.000015,,,,,,0.0,,,,,,,,,,,,,,,0.000001,,,,,,,,,,,,,,,,,,,,,,,,,,,,,,,,,,,,,,,,,,,,,,,,,,,,,,,,,
0.002302,0.0,0.0,0.000001,0.000039,0.0,0.0023,0.016667,,,,,,,,,,,,,0.0,0.000001,,,,,,,,0.000011,0.000007,,0.000006,0.000007,0.000004,,,,0.000003,,,,,,,,,,,,,,,0.000008,,,,,,0.0,,,,,,,,,,,,,,,0.000001,,,,,,,,,,,,,,,,,,,,,,,,,,,,,,,,,,,,,,,,,,,,,,,,,,,,,,,,,
0.006984,0.0,0.0,0.000034,0.000081,0.0,0.006982,0.016667,,,,,,,,,,,,,0.000015,0.000019,,,,,,,,0.000029,0.000014,,0.000013,0.000016,0.000005,,,,0.000008,,,,,,,,,,,,,,,0.000012,,,,,,0.0,,,,,,,,,,,,,,,0.000001,,,,,,,,,,,,,,,,,,,,,,,,,,,,,,,,,,,,,,,,,,,,,,,,,,,,,,,,,
0.006919,0.000003,0.000072,0.000025,0.000268,0.000327,0.006589,0.016667,0.0,0.0,0.0,0.0,0.0,0.000003,0.000002,0.000001,0.000042,0.000023,0.0,0.000004,0.000011,0.000014,,,,,0.000047,,,0.00008,0.000032,,0.000046,0.000051,0.000012,,,,0.00003,,,,,,,,,,,,,,,0.000026,,,,,,0.000001,,,,,,,,,,,,,,,0.000001,,,,,,,,,,,,,,,,,,,,,,,,,,,,,,,,,,,,,,,,,,,,,,,,,,,,,,,,,
0.015064,0.0,0.0,0.000108,0.000072,0.0,0.015062,0.016667,,,,,,,,,,,,,0.000085,0.000023,,,,,,,,0.000025,0.000012,,0.000011,0.000013,0.000005,,,,0.000007,,,,,,,,,,,,,,,0.000012,,,,,,0.000001,,,,,,,,,,,,,,,0.000001,,,,,,,,,,,,,,,,,,,,,,,,,,,,,,,,,,,,,,,,,,,,,,,,,,,,,,,,,
0.001815,0.000003,0.000166,0.000022,0.000101,0.000134,0.001679,0.016667,0.0,0.0,0.0,0.0,0.0,0.000003,0.000005,0.000002,0.000137,0.00002,0.0,0.000002,0.000013,0.000009,,,,,0.000017,,,0.000029,0.000014,,0.000013,0.000017,0.000007,,,,0.000008,,,,,,,,,,,,,,,0.000014,,,,,,0.0,,,,,,,,,,,,,,,0.000001,,,,,,,,,,,,,,,,,,,,,,,,,,,,,,,,,,,,,,,,,,,,,,,,,,,,,,,,,
0.003278,0.0,0.0,0.000006,0.000093,0.0,0.003276,0.016667,,,,,,,,,,,,,0.0,0.000006,,,,,,,,0.000029,0.000018,,0.000015,0.000016,0.000007,,,,0.000009,,,,,,,,,,,,,,,0.000017,,,,,,0.0,,,,,,,,,,,,,,,0.0,,,,,,,,,,,,,,,,,,,,,,,,,,,,,,,,,,,,,,,,,,,,,,,,,,,,,,,,,
0.006654,0.000002,0.000065,0.000095,0.0001,0.0002,0.006452,0.016667,0.0,0.0,0.0,0.0,0.0,0.000002,0.000002,0.000001,0.000039,0.00002,0.000001,0.000002,0.000082,0.000013,,,,,0.000016,,,0.000027,0.000016,,0.000013,0.000015,0.000006,,,,0.000008,,,,,,,,,,,,,,,0.000015,,,,,,0.000001,,,,,,,,,,,,,,,0.000001,,,,,,,,,,,,,,,,,,,,,,,,,,,,,,,,,,,,,,,,,,,,,,,,,,,,,,,,,
0.007211,0.0,0.0,0.000011,0.000073,0.0,0.007209,0.016667,,,,,,,,,,,,,0.0,0.000011,,,,,,,,0.000024,0.000014,,0.000012,0.000013,0.000005,,,,0.000007,,,,,,,,,,,,,,,0.000012,,,,,,0.0,,,,,,,,,,,,,,,0.000001,,,,,,,,,,,,,,,,,,,,,,,,,,,,,,,,,,,,,,,,,,,,,,,,,,,,,,,,,
0.016433,0.000002,0.000132,0.000042,0.000093,0.000159,0.01627,0.016667,0.0,0.0,0.0,0.0,0.0,0.000002,0.000002,0.0,0.000097,0.000031,0.0,0.000002,0.000016,0.000026,,,,,0.00002,,,0.000024,0.000015,,0.000013,0.000013,0.000005,,,,0.000007,,,,,,,,,,,,,,,0.000011,,,,,,0.0,,,,,,,,,,,,,,,0.0,,,,,,,,,,,,,,,,,,,,,,,,,,,,,,,,,,,,,,,,,,,,,,,,,,,,,,,,,
0.000587,0.0,0.0,0.000002,0.000072,0.0,0.000584,0.016667,,,,,,,,,,,,,0.0,0.000002,,,,,,,,0.000024,0.000014,,0.000011,0.000013,0.000005,,,,0.000006,,,,,,,,,,,,,,,0.000013,,,,,,0.0,,,,,,,,,,,,,,,0.000001,,,,,,,,,,,,,,,,,,,,,,,,,,,,,,,,,,,,,,,,,,,,,,,,,,,,,,,,,
0.003538,0.000002,0.000081,0.000001,0.000072,0.000101,0.003436,0.016667,0.0,0.0,0.0,0.0,0.0,0.000002,0.000002,0.000001,0.000044,0.000033,0.0,0.000001,0.0,0.000001,,,,,0.000009,,,0.000017,0.000012,,0.000009,0.000012,0.000007,,,,0.000006,,,,,,,,,,,,,,,0.00001,,,,,,0.000001,,,,,,,,,,,,,,,0.000001,,,,,,,,,,,,,,,,,,,,,,,,,,,,,,,,,,,,,,,,,,,,,,,,,,,,,,,,,
0.006851,0.0,0.0,0.0001,0.000133,0.0,0.00685,0.016667,,,,,,,,,,,,,0.000087,0.000013,,,,,,,,0.000016,0.000012,,0.000008,0.000009,0.000006,,,,0.00008,,,,,,,,,,,,,,,0.000011,,,,,,0.0,,,,,,,,,,,,,,,0.000001,,,,,,,,,,,,,,,,,,,,,,,,,,,,,,,,,,,,,,,,,,,,,,,,,,,,,,,,,
0.006791,0.0,0.0,0.000039,0.0001,0.0,0.006789,0.016667,,,,,,,,,,,,,0.00002,0.000019,,,,,,,,0.00003,0.000018,,0.000017,0.000018,0.000007,,,,0.000011,,,,,,,,,,,,,,,0.000018,,,,,,0.0,,,,,,,,,,,,,,,0.000001,,,,,,,,,,,,,,,,,,,,,,,,,,,,,,,,,,,,,,,,,,,,,,,,,,,,,,,,,
0.015216,0.000004,0.000064,0.000108,0.000089,0.000138,0.015076,0.016667,0.0,0.0,0.0,0.0,0.0,0.000004,0.000002,0.0,0.000039,0.000021,0.0,0.000002,0.000081,0.000027,,,,,0.000018,,,0.000025,0.000014,,0.000011,0.000013,0.000005,,,,0.000007,,,,,,,,,,,,,,,0.000011,,,,,,0.0,,,,,,,,,,,,,,,0.000001,,,,,,,,,,,,,,,,,,,,,,,,,,,,,,,,,,,,,,,,,,,,,,,,,,,,,,,,,
0.000698,0.0,0.0,0.0,0.000085,0.0,0.000696,0.016667,,,,,,,,,,,,,0.0,0.0,,,,,,,,0.000029,0.000016,,0.000013,0.000015,0.000007,,,,0.000008,,,,,,,,,,,,,,,0.000015,,,,,,0.0,,,,,,,,,,,,,,,0.0,,,,,,,,,,,,,,,,,,,,,,,,,,,,,,,,,,,,,,,,,,,,,,,,,,,,,,,,,
0.005225,0.000002,0.00007,0.000024,0.000067,0.000162,0.005061,0.016667,0.0,0.0,0.0,0.0,0.0,0.000002,0.000001,0.000001,0.000039,0.000026,0.000001,0.000002,0.00001,0.000014,,,,,0.000013,,,0.000018,0.000012,,0.000009,0.000011,0.000004,,,,0.000006,,,,,,,,,,,,,,,0.000007,,,,,,0.0,,,,,,,,,,,,,,,0.0,,,,,,,,,,,,,,,,,,,,,,,,,,,,,,,,,,,,,,,,,,,,,,,,,,,,,,,,,
0.00681,0.0,0.0,0.000073,0.000066,0.0,0.006809,0.016667,,,,,,,,,,,,,0.00006,0.000013,,,,,,,,0.000021,0.000012,,0.000011,0.000011,0.000005,,,,0.000006,,,,,,,,,,,,,,,0.000011,,,,,,0.0,,,,,,,,,,,,,,,0.000001,,,,,,,,,,,,,,,,,,,,,,,,,,,,,,,,,,,,,,,,,,,,,,,,,,,,,,,,,
0.019065,0.000002,0.000109,0.000119,0.000082,0.000132,0.018931,0.016667,0.0,0.0,0.0,0.0,0.0,0.000002,0.000002,0.0,0.000051,0.000054,0.000001,0.000001,0.000092,0.000027,,,,,0.000015,,,0.000023,0.000012,,0.000011,0.000013,0.000004,,,,0.000007,,,,,,,,,,,,,,,0.000011,,,,,,0.0,,,,,,,,,,,,,,,0.0,,,,,,,,,,,,,,,,,,,,,,,,,,,,,,,,,,,,,,,,,,,,,,,,,,,,,,,,,
0.000621,0.0,0.0,0.0,0.000085,0.0,0.000618,0.016667,,,,,,,,,,,,,0.0,0.0,,,,,,,,0.000028,0.000014,,0.000013,0.000016,0.000007,,,,0.000009,,,,,,,,,,,,,,,0.000015,,,,,,0.0,,,,,,,,,,,,,,,0.000001,,,,,,,,,,,,,,,,,,,,,,,,,,,,,,,,,,,,,,,,,,,,,,,,,,,,,,,,,
0.000683,0.000003,0.000076,0.000002,0.000074,0.000138,0.000543,0.016667,0.0,0.0,0.0,0.0,0.0,0.000003,0.000002,0.000001,0.000049,0.000023,0.0,0.000001,0.0,0.000002,,,,,0.000013,,,0.000018,0.000012,,0.000009,0.00001,0.000006,,,,0.000006,,,,,,,,,,,,,,,0.000012,,,,,,0.0,,,,,,,,,,,,,,,0.0,,,,,,,,,,,,,,,,,,,,,,,,,,,,,,,,,,,,,,,,,,,,,,,,,,,,,,,,,
0.00657,0.0,0.0,0.000008,0.000029,0.0,0.00657,0.016667,,,,,,,,,,,,,0.0,0.000008,,,,,,,,0.000008,0.000006,,0.000005,0.000004,0.000003,,,,0.000003,,,,,,,,,,,,,,,0.000005,,,,,,0.0,,,,,,,,,,,,,,,0.0,,,,,,,,,,,,,,,,,,,,,,,,,,,,,,,,,,,,,,,,,,,,,,,,,,,,,,,,,
0.007208,0.0,0.0,0.00002,0.000081,0.0,0.007206,0.016667,,,,,,,,,,,,,0.000011,0.000009,,,,,,,,0.000026,0.000015,,0.000013,0.000014,0.000006,,,,0.000008,,,,,,,,,,,,,,,0.000014,,,,,,0.0,,,,,,,,,,,,,,,0.000001,,,,,,,,,,,,,,,,,,,,,,,,,,,,,,,,,,,,,,,,,,,,,,,,,,,,,,,,,
0.019092,0.000002,0.000086,0.000128,0.000118,0.000147,0.018942,0.016667,0.0,0.0,0.0,0.0,0.0,0.000002,0.000002,0.0,0.000038,0.000043,0.000001,0.000002,0.000092,0.000036,,,,,0.000021,,,0.000027,0.000017,,0.000016,0.000016,0.000009,,,,0.000011,,,,,,,,,,,,,,,0.000017,,,,,,0.000001,,,,,,,,,,,,,,,0.000001,,,,,,,,,,,,,,,,,,,,,,,,,,,,,,,,,,,,,,,,,,,,,,,,,,,,,,,,,
0.000731,0.0,0.0,0.000002,0.000127,0.0,0.000728,0.016667,,,,,,,,,,,,,0.0,0.000002,,,,,,,,0.000039,0.000021,,0.00002,0.000022,0.00001,,,,0.000013,,,,,,,,,,,,,,,0.000024,,,,,,0.0,,,,,,,,,,,,,,,0.000002,,,,,,,,,,,,,,,,,,,,,,,,,,,,,,,,,,,,,,,,,,,,,,,,,,,,,,,,,
0.000595,0.000002,0.000074,0.0,0.000068,0.000105,0.00049,0.016667,0.0,0.0,0.0,0.0,0.0,0.000002,0.000002,0.0,0.000046,0.000024,0.0,0.000002,0.0,0.0,,,,,0.000011,,,0.000017,0.000011,,0.00001,0.000009,0.000005,,,,0.000006,,,,,,,,,,,,,,,0.00001,,,,,,0.0,,,,,,,,,,,,,,,0.0,,,,,,,,,,,,,,,,,,,,,,,,,,,,,,,,,,,,,,,,,,,,,,,,,,,,,,,,,
0.007432,0.0,0.0,0.000026,0.000048,0.0,0.007431,0.016667,,,,,,,,,,,,,0.00001,0.000016,,,,,,,,0.000013,0.000009,,0.000008,0.000007,0.000004,,,,0.000006,,,,,,,,,,,,,,,0.000009,,,,,,0.0,,,,,,,,,,,,,,,0.000001,,,,,,,,,,,,,,,,,,,,,,,,,,,,,,,,,,,,,,,,,,,,,,,,,,,,,,,,,
0.006342,0.0,0.0,0.000006,0.000069,0.0,0.00634,0.016667,,,,,,,,,,,,,0.0,0.000006,,,,,,,,0.000024,0.000013,,0.000011,0.000012,0.000005,,,,0.000007,,,,,,,,,,,,,,,0.000012,,,,,,0.0,,,,,,,,,,,,,,,0.0,,,,,,,,,,,,,,,,,,,,,,,,,,,,,,,,,,,,,,,,,,,,,,,,,,,,,,,,,
0.017247,0.000003,0.000062,0.000108,0.000092,0.000121,0.017124,0.016667,0.0,0.0,0.0,0.0,0.0,0.000003,0.000001,0.000001,0.00004,0.000017,0.000001,0.000002,0.000073,0.000035,,,,,0.000017,,,0.000026,0.000014,,0.000012,0.000015,0.000004,,,,0.000007,,,,,,,,,,,,,,,0.000013,,,,,,0.0,,,,,,,,,,,,,,,0.000001,,,,,,,,,,,,,,,,,,,,,,,,,,,,,,,,,,,,,,,,,,,,,,,,,,,,,,,,,
0.000855,0.0,0.0,0.000002,0.000099,0.0,0.000852,0.016667,,,,,,,,,,,,,0.0,0.000002,,,,,,,,0.000041,0.000012,,0.000019,0.000021,0.000005,,,,0.000009,,,,,,,,,,,,,,,0.000015,,,,,,0.0,,,,,,,,,,,,,,,0.000001,,,,,,,,,,,,,,,,,,,,,,,,,,,,,,,,,,,,,,,,,,,,,,,,,,,,,,,,,
0.002765,0.000003,0.000056,0.000065,0.000071,0.000102,0.002662,0.016667,0.0,0.0,0.0,0.0,0.0,0.000003,0.000002,0.000001,0.000034,0.000017,0.0,0.000002,0.000054,0.000011,,,,,0.000013,,,0.000019,0.00001,,0.00001,0.000011,0.000005,,,,0.000006,,,,,,,,,,,,,,,0.000009,,,,,,0.0,,,,,,,,,,,,,,,0.000001,,,,,,,,,,,,,,,,,,,,,,,,,,,,,,,,,,,,,,,,,,,,,,,,,,,,,,,,,
0.006446,0.0,0.0,0.000012,0.000071,0.0,0.006444,0.016667,,,,,,,,,,,,,0.0,0.000012,,,,,,,,0.000024,0.000012,,0.000011,0.000014,0.000004,,,,0.000007,,,,,,,,,,,,,,,0.000013,,,,,,0.0,,,,,,,,,,,,,,,0.000001,,,,,,,,,,,,,,,,,,,,,,,,,,,,,,,,,,,,,,,,,,,,,,,,,,,,,,,,,
0.007209,0.0,0.0,0.00002,0.000084,0.0,0.007207,0.016667,,,,,,,,,,,,,0.000003,0.000017,,,,,,,,0.000029,0.000014,,0.000014,0.000016,0.000005,,,,0.000008,,,,,,,,,,,,,,,0.000014,,,,,,0.0,,,,,,,,,,,,,,,0.000001,,,,,,,,,,,,,,,,,,,,,,,,,,,,,,,,,,,,,,,,,,,,,,,,,,,,,,,,,
0.016048,0.000005,0.000051,0.00008,0.000117,0.000147,0.015898,0.016667,0.0,0.0,0.0,0.0,0.0,0.000005,0.000002,0.000001,0.000034,0.000011,0.0,0.000003,0.000046,0.000034,,,,,0.000023,,,0.000029,0.000019,,0.000016,0.000017,0.000007,,,,0.000009,,,,,,,,,,,,,,,0.000013,,,,,,0.000001,,,,,,,,,,,,,,,0.000001,,,,,,,,,,,,,,,,,,,,,,,,,,,,,,,,,,,,,,,,,,,,,,,,,,,,,,,,,
0.000696,0.0,0.0,0.0,0.000093,0.0,0.000694,0.016667,,,,,,,,,,,,,0.0,0.0,,,,,,,,0.000029,0.000018,,0.000014,0.000016,0.000007,,,,0.000009,,,,,,,,,,,,,,,0.000016,,,,,,0.000001,,,,,,,,,,,,,,,0.000001,,,,,,,,,,,,,,,,,,,,,,,,,,,,,,,,,,,,,,,,,,,,,,,,,,,,,,,,,
0.003476,0.000002,0.000054,0.00001,0.000061,0.000116,0.003358,0.016667,0.0,0.0,0.0,0.0,0.0,0.000002,0.000002,0.000001,0.000037,0.000013,0.0,0.000001,0.0,0.00001,,,,,0.000013,,,0.000014,0.000009,,0.000008,0.000009,0.000003,,,,0.000007,,,,,,,,,,,,,,,0.000008,,,,,,0.0,,,,,,,,,,,,,,,0.0,,,,,,,,,,,,,,,,,,,,,,,,,,,,,,,,,,,,,,,,,,,,,,,,,,,,,,,,,
0.006996,0.0,0.0,0.000025,0.00008,0.0,0.006994,0.016667,,,,,,,,,,,,,0.000012,0.000013,,,,,,,,0.000025,0.000014,,0.000012,0.000013,0.000006,,,,0.000009,,,,,,,,,,,,,,,0.000016,,,,,,0.0,,,,,,,,,,,,,,,0.0,,,,,,,,,,,,,,,,,,,,,,,,,,,,,,,,,,,,,,,,,,,,,,,,,,,,,,,,,
0.007025,0.0,0.0,0.000007,0.00008,0.0,0.007023,0.016667,,,,,,,,,,,,,0.0,0.000007,,,,,,,,0.000029,0.000014,,0.000012,0.000016,0.000005,,,,0.000007,,,,,,,,,,,,,,,0.000014,,,,,,0.0,,,,,,,,,,,,,,,0.000001,,,,,,,,,,,,,,,,,,,,,,,,,,,,,,,,,,,,,,,,,,,,,,,,,,,,,,,,,
0.010612,0.000002,0.000066,0.000177,0.000093,0.000129,0.010481,0.016667,0.0,0.0,0.0,0.0,0.0,0.000002,0.000002,0.0,0.000049,0.000013,0.0,0.000002,0.000148,0.000029,,,,,0.000017,,,0.000026,0.000016,,0.000012,0.000015,0.000005,,,,0.000007,,,,,,,,,,,,,,,0.000011,,,,,,0.0,,,,,,,,,,,,,,,0.0,,,,,,,,,,,,,,,,,,,,,,,,,,,,,,,,,,,,,,,,,,,,,,,,,,,,,,,,,
0.004326,0.0,0.0,0.000011,0.000083,0.0,0.004324,0.016667,,,,,,,,,,,,,0.0,0.000011,,,,,,,,0.000032,0.000014,,0.000012,0.00002,0.000005,,,,0.000007,,,,,,,,,,,,,,,0.000013,,,,,,0.0,,,,,,,,,,,,,,,0.000001,,,,,,,,,,,,,,,,,,,,,,,,,,,,,,,,,,,,,,,,,,,,,,,,,,,,,,,,,
0.005724,0.000003,0.000065,0.000031,0.000158,0.000152,0.005567,0.016667,0.0,0.0,0.0,0.0,0.0,0.000003,0.000002,0.0,0.000043,0.000017,0.000001,0.000002,0.000016,0.000015,,,,,0.000023,,,0.00003,0.000017,,0.000056,0.000018,0.000007,,,,0.00001,,,,,,,,,,,,,,,0.000017,,,,,,0.0,,,,,,,,,,,,,,,0.0,,,,,,,,,,,,,,,,,,,,,,,,,,,,,,,,,,,,,,,,,,,,,,,,,,,,,,,,,
0.006331,0.0,0.0,0.000006,0.000204,0.0,0.006324,0.016667,,,,,,,,,,,,,0.0,0.000006,,,,,,,,0.000073,0.000037,,0.000029,0.000037,0.000012,,,,0.000019,,,,,,,,,,,,,,,0.000037,,,,,,0.0,,,,,,,,,,,,,,,0.000002,,,,,,,,,,,,,,,,,,,,,,,,,,,,,,,,,,,,,,,,,,,,,,,,,,,,,,,,,
0.016109,0.0,0.0,0.000136,0.00009,0.0,0.016107,0.016667,,,,,,,,,,,,,0.000107,0.000029,,,,,,,,0.000029,0.000016,,0.000015,0.000016,0.000007,,,,0.000008,,,,,,,,,,,,,,,0.000015,,,,,,0.0,,,,,,,,,,,,,,,0.000001,,,,,,,,,,,,,,,,,,,,,,,,,,,,,,,,,,,,,,,,,,,,,,,,,,,,,,,,,
0.004274,0.000002,0.000058,0.000008,0.000125,0.000121,0.004151,0.016667,0.0,0.0,0.0,0.0,0.0,0.000002,0.000002,0.000001,0.000042,0.000012,0.0,0.000001,0.0,0.000008,,,,,0.000016,,,0.000025,0.000044,,0.000013,0.000015,0.000006,,,,0.000008,,,,,,,,,,,,,,,0.000014,,,,,,0.0,,,,,,,,,,,,,,,0.000001,,,,,,,,,,,,,,,,,,,,,,,,,,,,,,,,,,,,,,,,,,,,,,,,,,,,,,,,,
0.00054,0.0,0.0,0.000001,0.000069,0.0,0.000538,0.016667,,,,,,,,,,,,,0.0,0.000001,,,,,,,,0.000022,0.000013,,0.000011,0.000012,0.000005,,,,0.000007,,,,,,,,,,,,,,,0.000012,,,,,,0.0,,,,,,,,,,,,,,,0.000001,,,,,,,,,,,,,,,,,,,,,,,,,,,,,,,,,,,,,,,,,,,,,,,,,,,,,,,,,
0.01346,0.000004,0.000062,0.00012,0.000067,0.000107,0.013352,0.016667,0.0,0.0,0.0,0.0,0.0,0.000004,0.000001,0.000001,0.000043,0.000015,0.000001,0.000001,0.000091,0.000029,,,,,0.000013,,,0.000016,0.00001,,0.000009,0.000009,0.000004,,,,0.000007,,,,,,,,,,,,,,,0.000009,,,,,,0.0,,,,,,,,,,,,,,,0.0,,,,,,,,,,,,,,,,,,,,,,,,,,,,,,,,,,,,,,,,,,,,,,,,,,,,,,,,,
0.0111,0.0,0.0,0.000091,0.000077,0.0,0.011096,0.016667,,,,,,,,,,,,,0.000058,0.000033,,,,,,,,0.000028,0.000014,,0.000012,0.000015,0.000005,,,,0.000008,,,,,,,,,,,,,,,0.000013,,,,,,0.0,,,,,,,,,,,,,,,0.0,,,,,,,,,,,,,,,,,,,,,,,,,,,,,,,,,,,,,,,,,,,,,,,,,,,,,,,,,
0.003568,0.000003,0.000064,0.000018,0.0001,0.000139,0.003426,0.016667,0.0,0.0,0.0,0.0,0.0,0.000003,0.000002,0.0,0.000032,0.000028,0.0,0.000002,0.00001,0.000008,,,,,0.000019,,,0.000026,0.000017,,0.000013,0.000015,0.000005,,,,0.000009,,,,,,,,,,,,,,,0.000013,,,,,,0.0,,,,,,,,,,,,,,,0.0,,,,,,,,,,,,,,,,,,,,,,,,,,,,,,,,,,,,,,,,,,,,,,,,,,,,,,,,,
0.001372,0.0,0.0,0.000002,0.000071,0.0,0.001371,0.016667,,,,,,,,,,,,,0.0,0.000002,,,,,,,,0.00002,0.000014,,0.000011,0.000012,0.000006,,,,0.000007,,,,,,,,,,,,,,,0.000012,,,,,,0.000001,,,,,,,,,,,,,,,0.000001,,,,,,,,,,,,,,,,,,,,,,,,,,,,,,,,,,,,,,,,,,,,,,,,,,,,,,,,,
0.006982,0.0,0.0,0.000111,0.000042,0.0,0.006981,0.016667,,,,,,,,,,,,,0.000091,0.00002,,,,,,,,0.000011,0.000008,,0.000007,0.000007,0.000004,,,,0.000004,,,,,,,,,,,,,,,0.000007,,,,,,0.0,,,,,,,,,,,,,,,0.000001,,,,,,,,,,,,,,,,,,,,,,,,,,,,,,,,,,,,,,,,,,,,,,,,,,,,,,,,,
0.006962,0.000003,0.000065,0.000007,0.000134,0.00019,0.006769,0.016667,0.0,0.0,0.0,0.0,0.0,0.000003,0.000002,0.000001,0.000037,0.000022,0.0,0.000003,0.0,0.000007,,,,,0.000026,,,0.000031,0.000022,,0.000018,0.000019,0.000008,,,,0.000012,,,,,,,,,,,,,,,0.000018,,,,,,0.0,,,,,,,,,,,,,,,0.000002,,,,,,,,,,,,,,,,,,,,,,,,,,,,,,,,,,,,,,,,,,,,,,,,,,,,,,,,,
0.017565,0.0,0.0,0.000192,0.000088,0.0,0.017562,0.016667,,,,,,,,,,,,,0.000156,0.000036,,,,,,,,0.00003,0.000017,,0.000013,0.000016,0.000006,,,,0.000008,,,,,,,,,,,,,,,0.000014,,,,,,0.0,,,,,,,,,,,,,,,0.000001,,,,,,,,,,,,,,,,,,,,,,,,,,,,,,,,,,,,,,,,,,,,,,,,,,,,,,,,,
0.000943,0.000003,0.000088,0.000001,0.000117,0.000251,0.00069,0.016667,0.0,0.0,0.0,0.0,0.0,0.000003,0.000003,0.000001,0.00006,0.000022,0.0,0.000002,0.0,0.000001,,,,,0.000022,,,0.000028,0.000018,,0.000017,0.000016,0.000007,,,,0.000009,,,,,,,,,,,,,,,0.000015,,,,,,0.000001,,,,,,,,,,,,,,,0.000001,,,,,,,,,,,,,,,,,,,,,,,,,,,,,,,,,,,,,,,,,,,,,,,,,,,,,,,,,
0.002468,0.0,0.0,0.000002,0.000033,0.0,0.002467,0.016667,,,,,,,,,,,,,0.0,0.000002,,,,,,,,0.000009,0.000007,,0.000005,0.000005,0.000003,,,,0.000004,,,,,,,,,,,,,,,0.000006,,,,,,0.0,,,,,,,,,,,,,,,0.0,,,,,,,,,,,,,,,,,,,,,,,,,,,,,,,,,,,,,,,,,,,,,,,,,,,,,,,,,
0.006466,0.0,0.0,0.000011,0.000045,0.0,0.006465,0.016667,,,,,,,,,,,,,0.000002,0.000009,,,,,,,,0.000013,0.000008,,0.000007,0.000008,0.000004,,,,0.000004,,,,,,,,,,,,,,,0.000008,,,,,,0.0,,,,,,,,,,,,,,,0.000001,,,,,,,,,,,,,,,,,,,,,,,,,,,,,,,,,,,,,,,,,,,,,,,,,,,,,,,,,
0.007002,0.000002,0.000143,0.000026,0.000073,0.000119,0.006881,0.016667,0.0,0.0,0.0,0.0,0.0,0.000002,0.000001,0.000001,0.000053,0.000085,0.000001,0.000002,0.000015,0.000011,,,,,0.000013,,,0.000018,0.000011,,0.000013,0.000011,0.000004,,,,0.000005,,,,,,,,,,,,,,,0.000009,,,,,,0.0,,,,,,,,,,,,,,,0.000001,,,,,,,,,,,,,,,,,,,,,,,,,,,,,,,,,,,,,,,,,,,,,,,,,,,,,,,,,
0.014538,0.0,0.0,0.000082,0.000075,0.0,0.014536,0.016667,,,,,,,,,,,,,0.000063,0.000019,,,,,,,,0.000025,0.000013,,0.000012,0.000013,0.000004,,,,0.000007,,,,,,,,,,,,,,,0.000014,,,,,,0.0,,,,,,,,,,,,,,,0.000001,,,,,,,,,,,,,,,,,,,,,,,,,,,,,,,,,,,,,,,,,,,,,,,,,,,,,,,,,
0.001912,0.000001,0.000064,0.000001,0.000089,0.000143,0.001767,0.016667,0.0,0.0,0.0,0.0,0.0,0.000001,0.000002,0.0,0.000037,0.000024,0.0,0.000001,0.0,0.000001,,,,,0.000015,,,0.000024,0.000016,,0.000011,0.000012,0.000005,,,,0.000007,,,,,,,,,,,,,,,0.000012,,,,,,0.0,,,,,,,,,,,,,,,0.000001,,,,,,,,,,,,,,,,,,,,,,,,,,,,,,,,,,,,,,,,,,,,,,,,,,,,,,,,,
0.004002,0.0,0.0,0.000016,0.000059,0.0,0.004001,0.016667,,,,,,,,,,,,,0.000009,0.000007,,,,,,,,0.00002,0.000009,,0.000009,0.00001,0.000004,,,,0.000006,,,,,,,,,,,,,,,0.000011,,,,,,0.0,,,,,,,,,,,,,,,0.0,,,,,,,,,,,,,,,,,,,,,,,,,,,,,,,,,,,,,,,,,,,,,,,,,,,,,,,,,
0.006961,0.000001,0.00009,0.00001,0.000109,0.000136,0.006823,0.016667,0.0,0.0,0.0,0.0,0.0,0.000001,0.000002,0.000001,0.000041,0.000044,0.000001,0.000001,0.0,0.00001,,,,,0.000015,,,0.00003,0.000017,,0.000014,0.000017,0.000007,,,,0.000009,,,,,,,,,,,,,,,0.000016,,,,,,0.000001,,,,,,,,,,,,,,,0.000001,,,,,,,,,,,,,,,,,,,,,,,,,,,,,,,,,,,,,,,,,,,,,,,,,,,,,,,,,
0.017693,0.0,0.0,0.000158,0.000083,0.0,0.017691,0.016667,,,,,,,,,,,,,0.000123,0.000035,,,,,,,,0.000027,0.000015,,0.000017,0.000015,0.000005,,,,0.000007,,,,,,,,,,,,,,,0.000013,,,,,,0.0,,,,,,,,,,,,,,,0.000001,,,,,,,,,,,,,,,,,,,,,,,,,,,,,,,,,,,,,,,,,,,,,,,,,,,,,,,,,
0.003956,0.000002,0.000081,0.000025,0.000083,0.000124,0.003829,0.016667,0.0,0.0,0.0,0.0,0.0,0.000002,0.000002,0.000001,0.000049,0.000026,0.000001,0.000002,0.000015,0.00001,,,,,0.000017,,,0.000023,0.000013,,0.000011,0.000013,0.000004,,,,0.000006,,,,,,,,,,,,,,,0.000011,,,,,,0.0,,,,,,,,,,,,,,,0.000001,,,,,,,,,,,,,,,,,,,,,,,,,,,,,,,,,,,,,,,,,,,,,,,,,,,,,,,,,
0.006108,0.0,0.0,0.000003,0.00008,0.0,0.006106,0.016667,,,,,,,,,,,,,0.0,0.000003,,,,,,,,0.000024,0.000016,,0.000012,0.000014,0.000006,,,,0.000008,,,,,,,,,,,,,,,0.000014,,,,,,0.0,,,,,,,,,,,,,,,0.000001,,,,,,,,,,,,,,,,,,,,,,,,,,,,,,,,,,,,,,,,,,,,,,,,,,,,,,,,,
0.006622,0.0,0.0,0.000123,0.000103,0.0,0.00662,0.016667,,,,,,,,,,,,,0.000102,0.000021,,,,,,,,0.000025,0.000016,,0.000014,0.000014,0.000006,,,,0.000007,,,,,,,,,,,,,,,0.000036,,,,,,0.0,,,,,,,,,,,,,,,0.0,,,,,,,,,,,,,,,,,,,,,,,,,,,,,,,,,,,,,,,,,,,,,,,,,,,,,,,,,
0.015646,0.000002,0.000065,0.00005,0.000111,0.000175,0.015469,0.016667,0.0,0.0,0.0,0.0,0.0,0.000002,0.000002,0.000001,0.000041,0.000019,0.0,0.000002,0.000022,0.000028,,,,,0.000017,,,0.000028,0.000016,,0.000013,0.000017,0.000009,,,,0.00001,,,,,,,,,,,,,,,0.000018,,,,,,0.0,,,,,,,,,,,,,,,0.000001,,,,,,,,,,,,,,,,,,,,,,,,,,,,,,,,,,,,,,,,,,,,,,,,,,,,,,,,,
0.004006,0.0,0.0,0.000091,0.000077,0.0,0.004003,0.016667,,,,,,,,,,,,,0.000079,0.000012,,,,,,,,0.000026,0.000014,,0.000012,0.000014,0.000005,,,,0.000007,,,,,,,,,,,,,,,0.000013,,,,,,0.0,,,,,,,,,,,,,,,0.000001,,,,,,,,,,,,,,,,,,,,,,,,,,,,,,,,,,,,,,,,,,,,,,,,,,,,,,,,,
0.000902,0.000003,0.000108,0.000002,0.000103,0.00014,0.000758,0.016667,0.0,0.0,0.0,0.0,0.0,0.000003,0.000002,0.000001,0.000047,0.000054,0.000001,0.000003,0.0,0.000002,,,,,0.000015,,,0.000024,0.000017,,0.000013,0.000015,0.000008,,,,0.000011,,,,,,,,,,,,,,,0.000015,,,,,,0.0,,,,,,,,,,,,,,,0.000001,,,,,,,,,,,,,,,,,,,,,,,,,,,,,,,,,,,,,,,,,,,,,,,,,,,,,,,,,
0.006771,0.0,0.0,0.000021,0.000072,0.0,0.00677,0.016667,,,,,,,,,,,,,0.00001,0.000011,,,,,,,,0.000019,0.000013,,0.00001,0.000011,0.000009,,,,0.000008,,,,,,,,,,,,,,,0.000014,,,,,,0.0,,,,,,,,,,,,,,,0.000001,,,,,,,,,,,,,,,,,,,,,,,,,,,,,,,,,,,,,,,,,,,,,,,,,,,,,,,,,
0.006984,0.000003,0.000077,0.000012,0.000105,0.000143,0.006839,0.016667,0.0,0.0,0.0,0.0,0.0,0.000003,0.000002,0.0,0.000044,0.000027,0.000001,0.000003,0.0,0.000012,,,,,0.000018,,,0.000029,0.000017,,0.000014,0.000017,0.000007,,,,0.000008,,,,,,,,,,,,,,,0.000013,,,,,,0.0,,,,,,,,,,,,,,,0.000001,,,,,,,,,,,,,,,,,,,,,,,,,,,,,,,,,,,,,,,,,,,,,,,,,,,,,,,,,
0.018972,0.0,0.0,0.000122,0.000087,0.0,0.01897,0.016667,,,,,,,,,,,,,0.000088,0.000034,,,,,,,,0.000027,0.000016,,0.000014,0.000016,0.000007,,,,0.000008,,,,,,,,,,,,,,,0.000015,,,,,,0.0,,,,,,,,,,,,,,,0.000001,,,,,,,,,,,,,,,,,,,,,,,,,,,,,,,,,,,,,,,,,,,,,,,,,,,,,,,,,
0.000799,0.000002,0.00007,0.0,0.000106,0.000136,0.00066,0.016667,0.0,0.0,0.0,0.0,0.0,0.000002,0.000002,0.0,0.000044,0.000023,0.0,0.000001,0.0,0.0,,,,,0.000017,,,0.000027,0.000015,,0.000019,0.000016,0.000007,,,,0.000008,,,,,,,,,,,,,,,0.000014,,,,,,0.0,,,,,,,,,,,,,,,0.000001,,,,,,,,,,,,,,,,,,,,,,,,,,,,,,,,,,,,,,,,,,,,,,,,,,,,,,,,,
0.000461,0.0,0.0,0.0,0.000056,0.0,0.00046,0.016667,,,,,,,,,,,,,0.0,0.0,,,,,,,,0.000025,0.000009,,0.000006,0.000012,0.000004,,,,0.000005,,,,,,,,,,,,,,,0.000008,,,,,,0.0,,,,,,,,,,,,,,,0.0,,,,,,,,,,,,,,,,,,,,,,,,,,,,,,,,,,,,,,,,,,,,,,,,,,,,,,,,,
0.00729,0.0,0.0,0.000064,0.00003,0.0,0.007289,0.016667,,,,,,,,,,,,,0.000052,0.000012,,,,,,,,0.000009,0.000006,,0.000004,0.000006,0.000003,,,,0.000003,,,,,,,,,,,,,,,0.000005,,,,,,0.0,,,,,,,,,,,,,,,0.0,,,,,,,,,,,,,,,,,,,,,,,,,,,,,,,,,,,,,,,,,,,,,,,,,,,,,,,,,
0.006861,0.000002,0.000071,0.000017,0.000119,0.000153,0.006689,0.016667,0.0,0.0,0.0,0.0,0.0,0.000002,0.000002,0.000001,0.000042,0.000024,0.0,0.000002,0.000008,0.000009,,,,,0.000018,,,0.000029,0.000019,,0.00002,0.000017,0.000009,,,,0.00001,,,,,,,,,,,,,,,0.000016,,,,,,0.0,,,,,,,,,,,,,,,0.000001,,,,,,,,,,,,,,,,,,,,,,,,,,,,,,,,,,,,,,,,,,,,,,,,,,,,,,,,,
0.015018,0.0,0.0,0.000088,0.000072,0.0,0.015016,0.016667,,,,,,,,,,,,,0.000053,0.000035,,,,,,,,0.000024,0.000013,,0.000012,0.000013,0.000005,,,,0.000007,,,,,,,,,,,,,,,0.000013,,,,,,0.0,,,,,,,,,,,,,,,0.0,,,,,,,,,,,,,,,,,,,,,,,,,,,,,,,,,,,,,,,,,,,,,,,,,,,,,,,,,
0.003038,0.000002,0.00008,0.000011,0.000089,0.00012,0.002915,0.016667,0.0,0.0,0.0,0.0,0.0,0.000002,0.000002,0.000001,0.000048,0.000027,0.000001,0.000001,0.000003,0.000008,,,,,0.000017,,,0.000023,0.000014,,0.000012,0.000014,0.000005,,,,0.000007,,,,,,,,,,,,,,,0.000012,,,,,,0.0,,,,,,,,,,,,,,,0.000001,,,,,,,,,,,,,,,,,,,,,,,,,,,,,,,,,,,,,,,,,,,,,,,,,,,,,,,,,
0.002448,0.0,0.0,0.000002,0.000064,0.0,0.002446,0.016667,,,,,,,,,,,,,0.0,0.000002,,,,,,,,0.000021,0.000013,,0.00001,0.000011,0.000004,,,,0.000007,,,,,,,,,,,,,,,0.000011,,,,,,0.0,,,,,,,,,,,,,,,0.0,,,,,,,,,,,,,,,,,,,,,,,,,,,,,,,,,,,,,,,,,,,,,,,,,,,,,,,,,
0.007,0.000003,0.000057,0.000027,0.000122,0.000158,0.006841,0.016667,0.0,0.0,0.0,0.0,0.0,0.000003,0.000001,0.000001,0.000037,0.000016,0.0,0.000002,0.000015,0.000012,,,,,0.000021,,,0.000031,0.000019,,0.000017,0.000019,0.000007,,,,0.000011,,,,,,,,,,,,,,,0.000016,,,,,,0.000001,,,,,,,,,,,,,,,0.000001,,,,,,,,,,,,,,,,,,,,,,,,,,,,,,,,,,,,,,,,,,,,,,,,,,,,,,,,,
0.007075,0.0,0.0,0.000018,0.000089,0.0,0.007072,0.016667,,,,,,,,,,,,,0.0,0.000018,,,,,,,,0.000029,0.000017,,0.000012,0.000016,0.000007,,,,0.000009,,,,,,,,,,,,,,,0.000016,,,,,,0.0,,,,,,,,,,,,,,,0.000001,,,,,,,,,,,,,,,,,,,,,,,,,,,,,,,,,,,,,,,,,,,,,,,,,,,,,,,,,
0.016495,0.0,0.0,0.000103,0.000078,0.0,0.016493,0.016667,,,,,,,,,,,,,0.00007,0.000033,,,,,,,,0.000026,0.000015,,0.000012,0.000013,0.000005,,,,0.000008,,,,,,,,,,,,,,,0.000014,,,,,,0.0,,,,,,,,,,,,,,,0.000001,,,,,,,,,,,,,,,,,,,,,,,,,,,,,,,,,,,,,,,,,,,,,,,,,,,,,,,,,
0.000876,0.000003,0.000076,0.000001,0.000109,0.000181,0.000693,0.016667,0.0,0.0,0.0,0.0,0.0,0.000003,0.000003,0.000001,0.000042,0.000028,0.0,0.000002,0.0,0.000001,,,,,0.000019,,,0.000029,0.000018,,0.000016,0.000017,0.000006,,,,0.000009,,,,,,,,,,,,,,,0.000015,,,,,,0.0,,,,,,,,,,,,,,,0.0,,,,,,,,,,,,,,,,,,,,,,,,,,,,,,,,,,,,,,,,,,,,,,,,,,,,,,,,,
0.002958,0.0,0.0,0.000001,0.000064,0.0,0.002957,0.016667,,,,,,,,,,,,,0.0,0.000001,,,,,,,,0.000018,0.000013,,0.00001,0.00001,0.000006,,,,0.000007,,,,,,,,,,,,,,,0.000011,,,,,,0.0,,,,,,,,,,,,,,,0.000001,,,,,,,,,,,,,,,,,,,,,,,,,,,,,,,,,,,,,,,,,,,,,,,,,,,,,,,,,
0.006517,0.000002,0.000108,0.000042,0.000114,0.000119,0.006396,0.016667,0.0,0.0,0.0,0.0,0.0,0.000002,0.000002,0.000001,0.000068,0.000034,0.000001,0.000002,0.000024,0.000018,,,,,0.000012,,,0.000062,0.000011,,0.00001,0.000011,0.000004,,,,0.000006,,,,,,,,,,,,,,,0.000009,,,,,,0.0,,,,,,,,,,,,,,,0.000001,,,,,,,,,,,,,,,,,,,,,,,,,,,,,,,,,,,,,,,,,,,,,,,,,,,,,,,,,
0.006907,0.0,0.0,0.000096,0.000061,0.0,0.006906,0.016667,,,,,,,,,,,,,0.000077,0.000019,,,,,,,,0.00002,0.000012,,0.000009,0.00001,0.000005,,,,0.000006,,,,,,,,,,,,,,,0.000011,,,,,,0.0,,,,,,,,,,,,,,,0.0,,,,,,,,,,,,,,,,,,,,,,,,,,,,,,,,,,,,,,,,,,,,,,,,,,,,,,,,,
0.014481,0.000002,0.000073,0.000047,0.000094,0.000139,0.01434,0.016667,0.0,0.0,0.0,0.0,0.0,0.000002,0.000001,0.000001,0.000047,0.000023,0.0,0.000001,0.000018,0.000029,,,,,0.000018,,,0.000026,0.000016,,0.000011,0.000014,0.000005,,,,0.000008,,,,,,,,,,,,,,,0.000011,,,,,,0.0,,,,,,,,,,,,,,,0.000001,,,,,,,,,,,,,,,,,,,,,,,,,,,,,,,,,,,,,,,,,,,,,,,,,,,,,,,,,
0.000628,0.0,0.0,0.0,0.000077,0.0,0.000624,0.016667,,,,,,,,,,,,,0.0,0.0,,,,,,,,0.000024,0.000014,,0.000012,0.000014,0.000005,,,,0.000008,,,,,,,,,,,,,,,0.000014,,,,,,0.0,,,,,,,,,,,,,,,0.000001,,,,,,,,,,,,,,,,,,,,,,,,,,,,,,,,,,,,,,,,,,,,,,,,,,,,,,,,,
0.005295,0.0,0.0,0.000058,0.000041,0.0,0.005294,0.016667,,,,,,,,,,,,,0.00005,0.000008,,,,,,,,0.000012,0.000008,,0.000006,0.000008,0.000003,,,,0.000004,,,,,,,,,,,,,,,0.000008,,,,,,0.0,,,,,,,,,,,,,,,0.0,,,,,,,,,,,,,,,,,,,,,,,,,,,,,,,,,,,,,,,,,,,,,,,,,,,,,,,,,
0.006688,0.000003,0.00007,0.000054,0.000107,0.000147,0.006539,0.016667,0.0,0.0,0.0,0.0,0.0,0.000003,0.000001,0.000001,0.000033,0.000033,0.000001,0.000001,0.000028,0.000026,,,,,0.000021,,,0.000027,0.000017,,0.000014,0.000015,0.000007,,,,0.000008,,,,,,,,,,,,,,,0.000015,,,,,,0.0,,,,,,,,,,,,,,,0.000001,,,,,,,,,,,,,,,,,,,,,,,,,,,,,,,,,,,,,,,,,,,,,,,,,,,,,,,,,
0.014732,0.0,0.0,0.000086,0.000083,0.0,0.014729,0.016667,,,,,,,,,,,,,0.000053,0.000033,,,,,,,,0.000029,0.000016,,0.000014,0.000016,0.000005,,,,0.000007,,,,,,,,,,,,,,,0.000013,,,,,,0.0,,,,,,,,,,,,,,,0.000001,,,,,,,,,,,,,,,,,,,,,,,,,,,,,,,,,,,,,,,,,,,,,,,,,,,,,,,,,
0.004818,0.000004,0.000078,0.000024,0.000085,0.000123,0.004691,0.016667,0.0,0.0,0.0,0.0,0.0,0.000004,0.000001,0.000001,0.000032,0.000042,0.000001,0.000001,0.000013,0.000011,,,,,0.000016,,,0.000023,0.000014,,0.000011,0.000014,0.000005,,,,0.000007,,,,,,,,,,,,,,,0.00001,,,,,,0.0,,,,,,,,,,,,,,,0.0,,,,,,,,,,,,,,,,,,,,,,,,,,,,,,,,,,,,,,,,,,,,,,,,,,,,,,,,,
0.007096,0.0,0.0,0.000006,0.000077,0.0,0.007094,0.016667,,,,,,,,,,,,,0.0,0.000006,,,,,,,,0.000023,0.000015,,0.000012,0.000013,0.000006,,,,0.000007,,,,,,,,,,,,,,,0.000014,,,,,,0.0,,,,,,,,,,,,,,,0.000001,,,,,,,,,,,,,,,,,,,,,,,,,,,,,,,,,,,,,,,,,,,,,,,,,,,,,,,,,
0.006749,0.000002,0.000059,0.000108,0.000098,0.000173,0.006575,0.016667,0.0,0.0,0.0,0.0,0.0,0.000002,0.000001,0.000001,0.000041,0.000014,0.000001,0.000001,0.000091,0.000017,,,,,0.000016,,,0.000025,0.000015,,0.000013,0.000015,0.000007,,,,0.000008,,,,,,,,,,,,,,,0.000014,,,,,,0.0,,,,,,,,,,,,,,,0.000001,,,,,,,,,,,,,,,,,,,,,,,,,,,,,,,,,,,,,,,,,,,,,,,,,,,,,,,,,
0.019073,0.0,0.0,0.000082,0.000098,0.0,0.01907,0.016667,,,,,,,,,,,,,0.00004,0.000042,,,,,,,,0.000031,0.000018,,0.000014,0.000016,0.000007,,,,0.000015,,,,,,,,,,,,,,,0.000016,,,,,,0.0,,,,,,,,,,,,,,,0.0,,,,,,,,,,,,,,,,,,,,,,,,,,,,,,,,,,,,,,,,,,,,,,,,,,,,,,,,,
0.000827,0.000005,0.000097,0.000001,0.000135,0.000153,0.000671,0.016667,0.0,0.0,0.0,0.0,0.0,0.000005,0.000002,0.0,0.000059,0.000034,0.0,0.000002,0.0,0.000001,,,,,0.000019,,,0.000029,0.00002,,0.00002,0.000016,0.000012,,,,0.000019,,,,,,,,,,,,,,,0.000017,,,,,,0.0,,,,,,,,,,,,,,,0.000001,,,,,,,,,,,,,,,,,,,,,,,,,,,,,,,,,,,,,,,,,,,,,,,,,,,,,,,,,
0.000398,0.0,0.0,0.0,0.000048,0.0,0.000396,0.016667,,,,,,,,,,,,,0.0,0.0,,,,,,,,0.000014,0.000009,,0.000007,0.000008,0.000004,,,,0.000005,,,,,,,,,,,,,,,0.000008,,,,,,0.0,,,,,,,,,,,,,,,0.000001,,,,,,,,,,,,,,,,,,,,,,,,,,,,,,,,,,,,,,,,,,,,,,,,,,,,,,,,,
0.007459,0.0,0.0,0.00007,0.000029,0.0,0.007457,0.016667,,,,,,,,,,,,,0.000056,0.000014,,,,,,,,0.000008,0.000006,,0.000004,0.000005,0.000003,,,,0.000003,,,,,,,,,,,,,,,0.000006,,,,,,0.0,,,,,,,,,,,,,,,0.0,,,,,,,,,,,,,,,,,,,,,,,,,,,,,,,,,,,,,,,,,,,,,,,,,,,,,,,,,
0.005573,0.000005,0.000074,0.000042,0.000086,0.000125,0.005445,0.016667,0.0,0.0,0.0,0.0,0.0,0.000005,0.000001,0.000001,0.000052,0.000018,0.000001,0.000001,0.000022,0.00002,,,,,0.000017,,,0.000023,0.000013,,0.000011,0.000014,0.000005,,,,0.000007,,,,,,,,,,,,,,,0.000011,,,,,,0.0,,,,,,,,,,,,,,,0.0,,,,,,,,,,,,,,,,,,,,,,,,,,,,,,,,,,,,,,,,,,,,,,,,,,,,,,,,,
0.016977,0.0,0.0,0.000048,0.000073,0.0,0.016976,0.016667,,,,,,,,,,,,,0.000006,0.000042,,,,,,,,0.000024,0.000014,,0.000012,0.000012,0.000005,,,,0.000007,,,,,,,,,,,,,,,0.000012,,,,,,0.0,,,,,,,,,,,,,,,0.000001,,,,,,,,,,,,,,,,,,,,,,,,,,,,,,,,,,,,,,,,,,,,,,,,,,,,,,,,,
0.000861,0.000003,0.00006,0.000002,0.000106,0.000168,0.000689,0.016667,0.0,0.0,0.0,0.0,0.0,0.000003,0.000002,0.0,0.000034,0.00002,0.000001,0.000003,0.0,0.000002,,,,,0.000018,,,0.000026,0.000018,,0.000014,0.000015,0.000007,,,,0.000009,,,,,,,,,,,,,,,0.000014,,,,,,0.0,,,,,,,,,,,,,,,0.000001,,,,,,,,,,,,,,,,,,,,,,,,,,,,,,,,,,,,,,,,,,,,,,,,,,,,,,,,,
0.002295,0.0,0.0,0.000055,0.000055,0.0,0.002294,0.016667,,,,,,,,,,,,,0.000049,0.000006,,,,,,,,0.000015,0.000011,,0.000008,0.000009,0.000005,,,,0.000005,,,,,,,,,,,,,,,0.000011,,,,,,0.0,,,,,,,,,,,,,,,0.000001,,,,,,,,,,,,,,,,,,,,,,,,,,,,,,,,,,,,,,,,,,,,,,,,,,,,,,,,,
0.007532,0.000003,0.000099,0.000008,0.000092,0.000152,0.007378,0.016667,0.0,0.0,0.0,0.0,0.0,0.000003,0.000002,0.000001,0.000066,0.000028,0.0,0.000002,0.0,0.000008,,,,,0.000014,,,0.000025,0.000015,,0.000013,0.000014,0.000006,,,,0.000007,,,,,,,,,,,,,,,0.000014,,,,,,0.0,,,,,,,,,,,,,,,0.0,,,,,,,,,,,,,,,,,,,,,,,,,,,,,,,,,,,,,,,,,,,,,,,,,,,,,,,,,
0.006539,0.0,0.0,0.000029,0.000092,0.0,0.006537,0.016667,,,,,,,,,,,,,0.000014,0.000015,,,,,,,,0.000023,0.000012,,0.000033,0.000012,0.000005,,,,0.000007,,,,,,,,,,,,,,,0.000013,,,,,,0.0,,,,,,,,,,,,,,,0.0,,,,,,,,,,,,,,,,,,,,,,,,,,,,,,,,,,,,,,,,,,,,,,,,,,,,,,,,,
0.016087,0.0,0.0,0.000114,0.000097,0.0,0.016085,0.016667,,,,,,,,,,,,,0.000083,0.000031,,,,,,,,0.000034,0.000018,,0.000016,0.000017,0.000006,,,,0.000009,,,,,,,,,,,,,,,0.000016,,,,,,0.0,,,,,,,,,,,,,,,0.000001,,,,,,,,,,,,,,,,,,,,,,,,,,,,,,,,,,,,,,,,,,,,,,,,,,,,,,,,,
0.000808,0.000002,0.000096,0.0,0.000112,0.00013,0.000676,0.016667,0.0,0.0,0.0,0.0,0.0,0.000002,0.000002,0.0,0.000056,0.000036,0.000001,0.000001,0.0,0.0,,,,,0.000017,,,0.000029,0.000018,,0.000019,0.000018,0.000006,,,,0.000009,,,,,,,,,,,,,,,0.000015,,,,,,0.0,,,,,,,,,,,,,,,0.000001,,,,,,,,,,,,,,,,,,,,,,,,,,,,,,,,,,,,,,,,,,,,,,,,,,,,,,,,,
0.003539,0.0,0.0,0.00001,0.000051,0.0,0.003537,0.016667,,,,,,,,,,,,,0.0,0.00001,,,,,,,,0.000013,0.000011,,0.000008,0.000008,0.000005,,,,0.000005,,,,,,,,,,,,,,,0.000009,,,,,,0.0,,,,,,,,,,,,,,,0.000001,,,,,,,,,,,,,,,,,,,,,,,,,,,,,,,,,,,,,,,,,,,,,,,,,,,,,,,,,
0.006457,0.000003,0.00007,0.000088,0.000093,0.000112,0.006344,0.016667,0.0,0.0,0.0,0.0,0.0,0.000003,0.000001,0.000001,0.000043,0.000023,0.0,0.000002,0.000077,0.000011,,,,,0.000018,,,0.000024,0.000015,,0.000013,0.000014,0.000005,,,,0.000008,,,,,,,,,,,,,,,0.000011,,,,,,0.000001,,,,,,,,,,,,,,,0.0,,,,,,,,,,,,,,,,,,,,,,,,,,,,,,,,,,,,,,,,,,,,,,,,,,,,,,,,,
0.006066,0.0,0.0,0.000006,0.000067,0.0,0.006064,0.016667,,,,,,,,,,,,,0.0,0.000006,,,,,,,,0.000019,0.000012,,0.00001,0.000012,0.000004,,,,0.000007,,,,0.000004,,,,,,,0.000001,,,,0.000011,,,,,,0.0,,,,,,,,,,,,,,,0.0,,,,,,,,,,,,,,,,,,,,,,,,,,,,,,,,,,,,,,,,,,,,,,,,,,,,,,,,,
0.013666,0.000004,0.000051,0.000118,0.000083,0.000121,0.013542,0.016667,0.0,0.0,0.0,0.0,0.0,0.000004,0.000002,0.000001,0.000038,0.000008,0.0,0.000002,0.000089,0.000029,,,,,0.000014,,,0.00002,0.000013,,0.000011,0.000012,0.000005,,,,0.000007,,,,0.000004,,,,,,,0.000001,,,,0.00001,,,,,,0.0,,,,,,,,,,,,,,,0.0,,,,,,,,,,,,,,,,,,,,,,,,,,,,,,,,,,,,,,,,,,,,,,,,,,,,,,,,,
0.001437,0.0,0.0,0.000007,0.000091,0.0,0.001433,0.016667,,,,,,,,,,,,,0.0,0.000007,,,,,,,,0.000027,0.000014,,0.000013,0.000017,0.000006,,,,0.000008,,,,0.000005,,,,,,,0.000001,,,,0.000017,,,,,,0.000001,,,,,,,,,,,,,,,0.000001,,,,,,,,,,,,,,,,,,,,,,,,,,,,,,,,,,,,,,,,,,,,,,,,,,,,,,,,,
0.003321,0.0,0.0,0.000026,0.000072,0.0,0.00332,0.016667,,,,,,,,,,,,,0.000015,0.000011,,,,,,,,0.000021,0.000012,,0.000012,0.000012,0.000005,,,,0.000008,,,,,,,,,,,,,,,0.000014,,,,,,0.0,,,,,,,,,,,,,,,0.000001,,,,,,,,,,,,,,,,,,,,,,,,,,,,,,,,,,,,,,,,,,,,,,,,,,,,,,,,,
0.006263,0.000003,0.000059,0.000011,0.000103,0.000166,0.006093,0.016667,0.0,0.0,0.0,0.0,0.0,0.000003,0.000001,0.000001,0.000029,0.000026,0.0,0.000002,0.0,0.000011,,,,,0.000016,,,0.000025,0.000016,,0.000013,0.000016,0.000006,,,,0.000008,,,,0.000005,,,,,,,0.000002,,,,0.000013,,,,,,0.0,,,,,,,,,,,,,,,0.000001,,,,,,,,,,,,,,,,,,,,,,,,,,,,,,,,,,,,,,,,,,,,,,,,,,,,,,,,,
0.019002,0.0,0.0,0.000102,0.000106,0.0,0.018999,0.016667,,,,,,,,,,,,,0.00007,0.000032,,,,,,,,0.000024,0.000017,,0.000013,0.000015,0.000007,,,,0.000008,,,,0.000005,,,,,,,0.000001,,,,0.000032,,,,,,0.0,,,,,,,,,,,,,,,0.000001,,,,,,,,,,,,,,,,,,,,,,,,,,,,,,,,,,,,,,,,,,,,,,,,,,,,,,,,,
0.001414,0.000012,0.000101,0.000029,0.000177,0.000353,0.001052,0.016667,0.0,0.0,0.0,0.0,0.0,0.000012,0.000002,0.000001,0.000073,0.00002,0.000001,0.000004,0.000012,0.000017,,,,,0.000045,,,0.000052,0.000016,,0.000027,0.000029,0.000006,,,,0.000008,,,,0.000011,,,,,,,0.000003,,,,0.000011,,,,,,0.000001,,,,,,,,,,,,,,,0.0,,,,,,,,,,,,,,,,,,,,,,,,,,,,,,,,,,,,,,,,,,,,,,,,,,,,,,,,,
0.000483,0.0,0.0,0.0,0.000059,0.0,0.000482,0.016667,,,,,,,,,,,,,0.0,0.0,,,,,,,,0.000018,0.00001,,0.00001,0.00001,0.000004,,,,0.000007,,,,,,,,,,,,,,,0.00001,,,,,,0.0,,,,,,,,,,,,,,,0.000001,,,,,,,,,,,,,,,,,,,,,,,,,,,,,,,,,,,,,,,,,,,,,,,,,,,,,,,,,
0.00052,0.000002,0.000174,0.0,0.000062,0.000109,0.000409,0.016667,0.0,0.0,0.0,0.0,0.0,0.000002,0.000004,0.000002,0.000147,0.00002,0.0,0.000001,0.0,0.0,,,,,0.000009,,,0.000017,0.00001,,0.000009,0.00001,0.000004,,,,0.000005,,,,,,,,,,,,,,,0.000008,,,,,,0.0,,,,,,,,,,,,,,,0.000001,,,,,,,,,,,,,,,,,,,,,,,,,,,,,,,,,,,,,,,,,,,,,,,,,,,,,,,,,
0.011641,0.0,0.0,0.000074,0.000037,0.0,0.01164,0.016667,,,,,,,,,,,,,0.000056,0.000018,,,,,,,,0.000011,0.000007,,0.000006,0.000007,0.000003,,,,0.000003,,,,,,,,,,,,,,,0.000006,,,,,,0.000001,,,,,,,,,,,,,,,0.0,,,,,,,,,,,,,,,,,,,,,,,,,,,,,,,,,,,,,,,,,,,,,,,,,,,,,,,,,
0.013471,0.0,0.0,0.000039,0.000079,0.0,0.013468,0.016667,,,,,,,,,,,,,0.000017,0.000022,,,,,,,,0.000023,0.000014,,0.000012,0.000015,0.000005,,,,0.000007,,,,0.000004,,,,,,,0.000001,,,,0.000013,,,,,,0.0,,,,,,,,,,,,,,,0.000001,,,,,,,,,,,,,,,,,,,,,,,,,,,,,,,,,,,,,,,,,,,,,,,,,,,,,,,,,
0.003821,0.000003,0.000059,0.000081,0.000106,0.000121,0.003698,0.016667,0.0,0.0,0.0,0.0,0.0,0.000003,0.000001,0.000001,0.000032,0.000023,0.0,0.000002,0.000065,0.000016,,,,,0.000013,,,0.000027,0.000017,,0.000017,0.000016,0.000007,,,,0.000008,,,,0.000004,,,,,,,0.000001,,,,0.000014,,,,,,0.0,,,,,,,,,,,,,,,0.000001,,,,,,,,,,,,,,,,,,,,,,,,,,,,,,,,,,,,,,,,,,,,,,,,,,,,,,,,,
0.001229,0.0,0.0,0.000001,0.000073,0.0,0.001227,0.016667,,,,,,,,,,,,,0.0,0.000001,,,,,,,,0.000023,0.000013,,0.000012,0.000013,0.000005,,,,0.000007,,,,,,,,,,,,,,,0.000013,,,,,,0.0,,,,,,,,,,,,,,,0.000001,,,,,,,,,,,,,,,,,,,,,,,,,,,,,,,,,,,,,,,,,,,,,,,,,,,,,,,,,
0.0068,0.000002,0.000064,0.000053,0.000086,0.000181,0.006617,0.016667,0.0,0.0,0.0,0.0,0.0,0.000002,0.000001,0.000001,0.000039,0.000021,0.0,0.000002,0.000039,0.000014,,,,,0.000013,,,0.000021,0.000014,,0.000011,0.000013,0.000007,,,,0.000007,,,,,,,,,,,,,,,0.000013,,,,,,0.000001,,,,,,,,,,,,,,,0.0,,,,,,,,,,,,,,,,,,,,,,,,,,,,,,,,,,,,,,,,,,,,,,,,,,,,,,,,,
0.006892,0.0,0.0,0.000005,0.000075,0.0,0.006889,0.016667,,,,,,,,,,,,,0.0,0.000005,,,,,,,,0.000022,0.000013,,0.000012,0.000013,0.000005,,,,0.000007,,,,0.000004,,,,,,,0.000001,,,,0.000013,,,,,,0.0,,,,,,,,,,,,,,,0.0,,,,,,,,,,,,,,,,,,,,,,,,,,,,,,,,,,,,,,,,,,,,,,,,,,,,,,,,,
0.01539,0.000002,0.000104,0.000098,0.0001,0.000151,0.015238,0.016667,0.0,0.0,0.0,0.0,0.0,0.000002,0.000002,0.0,0.000063,0.000037,0.0,0.000002,0.000069,0.000029,,,,,0.000017,,,0.000025,0.000014,,0.000013,0.000014,0.000007,,,,0.000009,,,,,,,,,,,,,,,0.000016,,,,,,0.0,,,,,,,,,,,,,,,0.000001,,,,,,,,,,,,,,,,,,,,,,,,,,,,,,,,,,,,,,,,,,,,,,,,,,,,,,,,,
0.000838,0.0,0.0,0.000002,0.000074,0.0,0.000835,0.016667,,,,,,,,,,,,,0.0,0.000002,,,,,,,,0.000021,0.000014,,0.000011,0.000014,0.000005,,,,0.000006,,,,0.000004,,,,,,,0.000002,,,,0.000012,,,,,,0.0,,,,,,,,,,,,,,,0.0,,,,,,,,,,,,,,,,,,,,,,,,,,,,,,,,,,,,,,,,,,,,,,,,,,,,,,,,,
0.003687,0.0,0.0,0.000002,0.000033,0.0,0.003685,0.016667,,,,,,,,,,,,,0.0,0.000002,,,,,,,,0.00001,0.000007,,0.000005,0.000005,0.000003,,,,0.000004,,,,,,,,,,,,,,,0.000006,,,,,,0.0,,,,,,,,,,,,,,,0.0,,,,,,,,,,,,,,,,,,,,,,,,,,,,,,,,,,,,,,,,,,,,,,,,,,,,,,,,,
0.00718,0.000003,0.000083,0.000074,0.000142,0.000214,0.006964,0.016667,0.0,0.0,0.0,0.0,0.0,0.000003,0.000002,0.000001,0.000058,0.000019,0.000001,0.000002,0.000053,0.000021,,,,,0.000017,,,0.000025,0.000032,,0.000016,0.000017,0.000016,,,,0.000015,,,,,,,,,,,,,,,0.00002,,,,,,0.000001,,,,,,,,,,,,,,,0.000002,,,,,,,,,,,,,,,,,,,,,,,,,,,,,,,,,,,,,,,,,,,,,,,,,,,,,,,,,
0.00639,0.0,0.0,0.000098,0.000066,0.0,0.006388,0.016667,,,,,,,,,,,,,0.000086,0.000012,,,,,,,,0.000018,0.000012,,0.00001,0.000012,0.000004,,,,0.000006,,,,0.000004,,,,,,,0.000001,,,,0.000011,,,,,,0.0,,,,,,,,,,,,,,,0.000001,,,,,,,,,,,,,,,,,,,,,,,,,,,,,,,,,,,,,,,,,,,,,,,,,,,,,,,,,
0.014339,0.000002,0.000139,0.000149,0.000162,0.000148,0.014188,0.016667,0.0,0.0,0.0,0.0,0.0,0.000002,0.000003,0.000001,0.000105,0.000029,0.0,0.000001,0.000125,0.000024,,,,,0.000017,,,0.000028,0.000015,,0.000014,0.000017,0.000007,,,,0.00007,,,,,,,,,,,,,,,0.000012,,,,,,0.0,,,,,,,,,,,,,,,0.000001,,,,,,,,,,,,,,,,,,,,,,,,,,,,,,,,,,,,,,,,,,,,,,,,,,,,,,,,,
0.000854,0.0,0.0,0.000003,0.000093,0.0,0.000852,0.016667,,,,,,,,,,,,,0.0,0.000003,,,,,,,,0.000024,0.000018,,0.000013,0.000016,0.000007,,,,0.000009,,,,0.000004,,,,,,,0.000001,,,,0.000017,,,,,,0.0,,,,,,,,,,,,,,,0.000001,,,,,,,,,,,,,,,,,,,,,,,,,,,,,,,,,,,,,,,,,,,,,,,,,,,,,,,,,
0.00513,0.000002,0.00008,0.000022,0.000094,0.000114,0.005016,0.016667,0.0,0.0,0.0,0.0,0.0,0.000002,0.000001,0.000001,0.000039,0.000034,0.0,0.000005,0.000011,0.000011,,,,,0.00002,,,0.000022,0.000013,,0.000013,0.000014,0.000006,,,,0.000007,,,,,,,,,,,,,,,0.000013,,,,,,0.0,,,,,,,,,,,,,,,0.000001,,,,,,,,,,,,,,,,,,,,,,,,,,,,,,,,,,,,,,,,,,,,,,,,,,,,,,,,,
0.006052,0.0,0.0,0.000014,0.000074,0.0,0.00605,0.016667,,,,,,,,,,,,,0.0,0.000014,,,,,,,,0.00002,0.000014,,0.000011,0.000013,0.000005,,,,0.000007,,,,0.000004,,,,,,,0.000001,,,,0.000013,,,,,,0.0,,,,,,,,,,,,,,,0.0,,,,,,,,,,,,,,,,,,,,,,,,,,,,,,,,,,,,,,,,,,,,,,,,,,,,,,,,,
0.016129,0.0,0.0,0.000154,0.000089,0.0,0.016126,0.016667,,,,,,,,,,,,,0.000124,0.00003,,,,,,,,0.000029,0.000016,,0.000013,0.000016,0.000007,,,,0.000008,,,,,,,,,,,,,,,0.000016,,,,,,0.0,,,,,,,,,,,,,,,0.000001,,,,,,,,,,,,,,,,,,,,,,,,,,,,,,,,,,,,,,,,,,,,,,,,,,,,,,,,,
0.00501,0.000003,0.000056,0.000097,0.000106,0.000156,0.004851,0.016667,0.0,0.0,0.0,0.0,0.0,0.000003,0.000002,0.0,0.000033,0.000018,0.000001,0.000002,0.000087,0.00001,,,,,0.000014,,,0.000028,0.000018,,0.000014,0.000017,0.000007,,,,0.000009,,,,0.000004,,,,,,,0.000002,,,,0.000013,,,,,,0.0,,,,,,,,,,,,,,,0.0,,,,,,,,,,,,,,,,,,,,,,,,,,,,,,,,,,,,,,,,,,,,,,,,,,,,,,,,,
0.00069,0.0,0.0,0.000001,0.000077,0.0,0.000688,0.016667,,,,,,,,,,,,,0.0,0.000001,,,,,,,,0.000023,0.000015,,0.000012,0.000014,0.000006,,,,0.000008,,,,,,,,,,,,,,,0.000014,,,,,,0.0,,,,,,,,,,,,,,,0.000001,,,,,,,,,,,,,,,,,,,,,,,,,,,,,,,,,,,,,,,,,,,,,,,,,,,,,,,,,
0.005523,0.000003,0.000099,0.000003,0.000055,0.000142,0.00538,0.016667,0.0,0.0,0.0,0.0,0.0,0.000003,0.000002,0.000001,0.000061,0.000032,0.000001,0.000002,0.0,0.000003,,,,,0.00001,,,0.000011,0.000008,,0.000007,0.000008,0.000003,,,,0.000004,,,,,,,,,,,,,,,0.000012,,,,,,0.0,,,,,,,,,,,,,,,0.000001,,,,,,,,,,,,,,,,,,,,,,,,,,,,,,,,,,,,,,,,,,,,,,,,,,,,,,,,,
0.006806,0.0,0.0,0.00005,0.000067,0.0,0.006804,0.016667,,,,,,,,,,,,,0.000025,0.000025,,,,,,,,0.00002,0.000014,,0.00001,0.000012,0.000005,,,,0.000007,,,,,,,,,,,,,,,0.000012,,,,,,0.0,,,,,,,,,,,,,,,0.000001,,,,,,,,,,,,,,,,,,,,,,,,,,,,,,,,,,,,,,,,,,,,,,,,,,,,,,,,,
0.015492,0.000002,0.000052,0.000077,0.000094,0.000191,0.015298,0.016667,0.0,0.0,0.0,0.0,0.0,0.000002,0.000002,0.000001,0.000033,0.000014,0.0,0.000002,0.000057,0.00002,,,,,0.000021,,,0.000025,0.000013,,0.000016,0.000015,0.000004,,,,0.000007,,,,,,,,,,,,,,,0.000011,,,,,,0.0,,,,,,,,,,,,,,,0.000001,,,,,,,,,,,,,,,,,,,,,,,,,,,,,,,,,,,,,,,,,,,,,,,,,,,,,,,,,
0.005279,0.0,0.0,0.000023,0.000073,0.0,0.005277,0.016667,,,,,,,,,,,,,0.000012,0.000011,,,,,,,,0.000026,0.000013,,0.000011,0.000014,0.000005,,,,0.000006,,,,,,,,,,,,,,,0.000013,,,,,,0.0,,,,,,,,,,,,,,,0.000001,,,,,,,,,,,,,,,,,,,,,,,,,,,,,,,,,,,,,,,,,,,,,,,,,,,,,,,,,
0.000581,0.0,0.0,0.0,0.000079,0.0,0.000579,0.016667,,,,,,,,,,,,,0.0,0.0,,,,,,,,0.000029,0.000013,,0.000014,0.000016,0.000005,,,,0.000007,,,,,,,,,,,,,,,0.000012,,,,,,0.0,,,,,,,,,,,,,,,0.000001,,,,,,,,,,,,,,,,,,,,,,,,,,,,,,,,,,,,,,,,,,,,,,,,,,,,,,,,,
0.00685,0.000002,0.000092,0.000101,0.000058,0.000146,0.006703,0.016667,0.0,0.0,0.0,0.0,0.0,0.000002,0.000003,0.0,0.000053,0.000035,0.0,0.000001,0.000087,0.000014,,,,,0.000012,,,0.000014,0.000009,,0.000007,0.000009,0.000004,,,,0.000005,,,,,,,,,,,,,,,0.000007,,,,,,0.0,,,,,,,,,,,,,,,0.000001,,,,,,,,,,,,,,,,,,,,,,,,,,,,,,,,,,,,,,,,,,,,,,,,,,,,,,,,,
0.006273,0.0,0.0,0.000004,0.000072,0.0,0.006271,0.016667,,,,,,,,,,,,,0.0,0.000004,,,,,,,,0.000024,0.000013,,0.000012,0.000013,0.000005,,,,0.000007,,,,,,,,,,,,,,,0.000012,,,,,,0.0,,,,,,,,,,,,,,,0.000001,,,,,,,,,,,,,,,,,,,,,,,,,,,,,,,,,,,,,,,,,,,,,,,,,,,,,,,,,
0.014895,0.000004,0.000086,0.000063,0.000107,0.000338,0.014555,0.016667,0.0,0.0,0.0,0.0,0.0,0.000004,0.000002,0.000001,0.000037,0.000045,0.0,0.000001,0.000026,0.000037,,,,,0.00002,,,0.000027,0.000017,,0.000013,0.000016,0.000007,,,,0.000009,,,,,,,,,,,,,,,0.000015,,,,,,0.0,,,,,,,,,,,,,,,0.000001,,,,,,,,,,,,,,,,,,,,,,,,,,,,,,,,,,,,,,,,,,,,,,,,,,,,,,,,,
0.002974,0.0,0.0,0.000002,0.00009,0.0,0.002971,0.016667,,,,,,,,,,,,,0.0,0.000002,,,,,,,,0.00003,0.000017,,0.000013,0.000016,0.000007,,,,0.000008,,,,,,,,,,,,,,,0.000017,,,,,,0.0,,,,,,,,,,,,,,,0.000001,,,,,,,,,,,,,,,,,,,,,,,,,,,,,,,,,,,,,,,,,,,,,,,,,,,,,,,,,
0.002276,0.000002,0.000085,0.000002,0.000092,0.000179,0.002095,0.016667,0.0,0.0,0.0,0.0,0.0,0.000002,0.000005,0.000001,0.000046,0.00003,0.000001,0.000002,0.0,0.000002,,,,,0.000016,,,0.000024,0.000013,,0.000016,0.000017,0.000006,,,,0.000007,,,,,,,,,,,,,,,0.000012,,,,,,0.0,,,,,,,,,,,,,,,0.000001,,,,,,,,,,,,,,,,,,,,,,,,,,,,,,,,,,,,,,,,,,,,,,,,,,,,,,,,,
0.007119,0.0,0.0,0.000131,0.000072,0.0,0.007117,0.016667,,,,,,,,,,,,,0.000107,0.000024,,,,,,,,0.000023,0.000014,,0.000012,0.000013,0.000006,,,,0.000007,,,,,,,,,,,,,,,0.000011,,,,,,0.0,,,,,,,,,,,,,,,0.000001,,,,,,,,,,,,,,,,,,,,,,,,,,,,,,,,,,,,,,,,,,,,,,,,,,,,,,,,,
0.007089,0.0,0.0,0.000014,0.000092,0.0,0.007086,0.016667,,,,,,,,,,,,,0.000002,0.000012,,,,,,,,0.000031,0.000018,,0.000014,0.000017,0.000007,,,,0.000008,,,,,,,,,,,,,,,0.000016,,,,,,0.0,,,,,,,,,,,,,,,0.000001,,,,,,,,,,,,,,,,,,,,,,,,,,,,,,,,,,,,,,,,,,,,,,,,,,,,,,,,,
0.014186,0.000002,0.000119,0.000035,0.000092,0.000155,0.014028,0.016667,0.0,0.0,0.0,0.0,0.0,0.000002,0.000002,0.000001,0.000045,0.000053,0.000001,0.000017,0.000012,0.000023,,,,,0.000017,,,0.000027,0.000013,,0.000012,0.000015,0.000005,,,,0.000007,,,,,,,,,,,,,,,0.000013,,,,,,0.0,,,,,,,,,,,,,,,0.000002,,,,,,,,,,,,,,,,,,,,,,,,,,,,,,,,,,,,,,,,,,,,,,,,,,,,,,,,,
0.0026,0.0,0.0,0.000067,0.000072,0.0,0.002598,0.016667,,,,,,,,,,,,,0.000061,0.000006,,,,,,,,0.000025,0.000014,,0.000011,0.000014,0.000004,,,,0.000006,,,,,,,,,,,,,,,0.000012,,,,,,0.0,,,,,,,,,,,,,,,0.000001,,,,,,,,,,,,,,,,,,,,,,,,,,,,,,,,,,,,,,,,,,,,,,,,,,,,,,,,,
0.004405,0.000002,0.000055,0.000008,0.000072,0.000143,0.00426,0.016667,0.0,0.0,0.0,0.0,0.0,0.000002,0.000003,0.000001,0.000039,0.00001,0.000001,0.000001,0.0,0.000008,,,,,0.000013,,,0.000019,0.000014,,0.000009,0.000011,0.000004,,,,0.000006,,,,,,,,,,,,,,,0.000009,,,,,,0.0,,,,,,,,,,,,,,,0.000001,,,,,,,,,,,,,,,,,,,,,,,,,,,,,,,,,,,,,,,,,,,,,,,,,,,,,,,,,
0.006568,0.0,0.0,0.000036,0.000186,0.0,0.006566,0.016667,,,,,,,,,,,,,0.000015,0.000021,,,,,,,,0.000025,0.000081,,0.000011,0.000014,0.000006,,,,0.000009,,,,,,,,,,,,,,,0.000054,,,,,,0.0,,,,,,,,,,,,,,,0.000001,,,,,,,,,,,,,,,,,,,,,,,,,,,,,,,,,,,,,,,,,,,,,,,,,,,,,,,,,
0.00653,0.0,0.0,0.000012,0.000094,0.0,0.006528,0.016667,,,,,,,,,,,,,0.0,0.000012,,,,,,,,0.00003,0.000019,,0.000014,0.000017,0.000007,,,,0.000009,,,,,,,,,,,,,,,0.000016,,,,,,0.0,,,,,,,,,,,,,,,0.000001,,,,,,,,,,,,,,,,,,,,,,,,,,,,,,,,,,,,,,,,,,,,,,,,,,,,,,,,,
0.016141,0.000003,0.000077,0.000107,0.000115,0.000146,0.015993,0.016667,0.0,0.0,0.0,0.0,0.0,0.000003,0.000003,0.000001,0.000044,0.000027,0.0,0.000002,0.000071,0.000036,,,,,0.000019,,,0.000031,0.000021,,0.000017,0.000019,0.000006,,,,0.000008,,,,,,,,,,,,,,,0.000015,,,,,,0.0,,,,,,,,,,,,,,,0.000001,,,,,,,,,,,,,,,,,,,,,,,,,,,,,,,,,,,,,,,,,,,,,,,,,,,,,,,,,
0.000734,0.0,0.0,0.0,0.000092,0.0,0.000731,0.016667,,,,,,,,,,,,,0.0,0.0,,,,,,,,0.000033,0.000015,,0.000015,0.000017,0.000006,,,,0.000009,,,,,,,,,,,,,,,0.000016,,,,,,0.0,,,,,,,,,,,,,,,0.000001,,,,,,,,,,,,,,,,,,,,,,,,,,,,,,,,,,,,,,,,,,,,,,,,,,,,,,,,,
0.003319,0.000004,0.000055,0.000003,0.000053,0.000169,0.003149,0.016667,0.0,0.0,0.0,0.0,0.0,0.000004,0.000003,0.000001,0.000034,0.000016,0.0,0.000001,0.0,0.000003,,,,,0.000012,,,0.000013,0.000008,,0.000007,0.000009,0.000004,,,,0.000005,,,,,,,,,,,,,,,0.000006,,,,,,0.0,,,,,,,,,,,,,,,0.0,,,,,,,,,,,,,,,,,,,,,,,,,,,,,,,,,,,,,,,,,,,,,,,,,,,,,,,,,
0.007097,0.0,0.0,0.000102,0.000067,0.0,0.007095,0.016667,,,,,,,,,,,,,0.000081,0.000021,,,,,,,,0.000019,0.000013,,0.000009,0.000012,0.000006,,,,0.000007,,,,,,,,,,,,,,,0.000012,,,,,,0.000001,,,,,,,,,,,,,,,0.0,,,,,,,,,,,,,,,,,,,,,,,,,,,,,,,,,,,,,,,,,,,,,,,,,,,,,,,,,
0.020694,0.0,0.0,0.0001,0.000082,0.0,0.020692,0.016667,,,,,,,,,,,,,0.000068,0.000032,,,,,,,,0.000026,0.000016,,0.000012,0.000015,0.000007,,,,0.000008,,,,,,,,,,,,,,,0.000013,,,,,,0.0,,,,,,,,,,,,,,,0.000001,,,,,,,,,,,,,,,,,,,,,,,,,,,,,,,,,,,,,,,,,,,,,,,,,,,,,,,,,
0.000994,0.000004,0.000073,0.000002,0.000129,0.000201,0.000791,0.016667,0.0,0.0,0.0,0.0,0.0,0.000004,0.000002,0.000001,0.000034,0.000034,0.0,0.000002,0.0,0.000002,,,,,0.000022,,,0.00004,0.000018,,0.000017,0.000025,0.000007,,,,0.000011,,,,,,,,,,,,,,,0.000019,,,,,,0.0,,,,,,,,,,,,,,,0.000001,,,,,,,,,,,,,,,,,,,,,,,,,,,,,,,,,,,,,,,,,,,,,,,,,,,,,,,,,
0.000473,0.0,0.0,0.0,0.000061,0.0,0.000472,0.016667,,,,,,,,,,,,,0.0,0.0,,,,,,,,0.000017,0.000011,,0.000011,0.00001,0.000005,,,,0.000007,,,,,,,,,,,,,,,0.000011,,,,,,0.0,,,,,,,,,,,,,,,0.0,,,,,,,,,,,,,,,,,,,,,,,,,,,,,,,,,,,,,,,,,,,,,,,,,,,,,,,,,
0.011997,0.000001,0.000097,0.000148,0.000062,0.00009,0.011906,0.016667,0.0,0.0,0.0,0.0,0.0,0.000001,0.000003,0.000001,0.000051,0.00004,0.000001,0.000001,0.000121,0.000027,,,,,0.000009,,,0.000017,0.000012,,0.000009,0.00001,0.000004,,,,0.000005,,,,,,,,,,,,,,,0.000008,,,,,,0.0,,,,,,,,,,,,,,,0.000001,,,,,,,,,,,,,,,,,,,,,,,,,,,,,,,,,,,,,,,,,,,,,,,,,,,,,,,,,
0.016071,0.0,0.0,0.000036,0.000075,0.0,0.016069,0.016667,,,,,,,,,,,,,0.000016,0.00002,,,,,,,,0.000026,0.000013,,0.000011,0.000015,0.000005,,,,0.000007,,,,,,,,,,,,,,,0.000013,,,,,,0.0,,,,,,,,,,,,,,,0.000001,,,,,,,,,,,,,,,,,,,,,,,,,,,,,,,,,,,,,,,,,,,,,,,,,,,,,,,,,
0.003709,0.000005,0.000044,0.000018,0.000122,0.000262,0.003443,0.016667,0.0,0.0,0.0,0.0,0.0,0.000005,0.000002,0.0,0.000024,0.000017,0.0,0.000001,0.00001,0.000008,,,,,0.000022,,,0.000036,0.00002,,0.000015,0.00002,0.000008,,,,0.000011,,,,,,,,,,,,,,,0.000015,,,,,,0.0,,,,,,,,,,,,,,,0.000001,,,,,,,,,,,,,,,,,,,,,,,,,,,,,,,,,,,,,,,,,,,,,,,,,,,,,,,,,
0.000682,0.0,0.0,0.000002,0.000106,0.0,0.000681,0.016667,,,,,,,,,,,,,0.0,0.000002,,,,,,,,0.000022,0.000049,,0.000011,0.000013,0.000006,,,,0.000007,,,,,,,,,,,,,,,0.000013,,,,,,0.0,,,,,,,,,,,,,,,0.0,,,,,,,,,,,,,,,,,,,,,,,,,,,,,,,,,,,,,,,,,,,,,,,,,,,,,,,,,
0.007071,0.0,0.0,0.000006,0.000059,0.0,0.00707,0.016667,,,,,,,,,,,,,0.0,0.000006,,,,,,,,0.000016,0.000012,,0.000009,0.00001,0.000006,,,,0.000006,,,,,,,,,,,,,,,0.00001,,,,,,0.0,,,,,,,,,,,,,,,0.000001,,,,,,,,,,,,,,,,,,,,,,,,,,,,,,,,,,,,,,,,,,,,,,,,,,,,,,,,,
0.007221,0.000003,0.000113,0.000038,0.000096,0.000176,0.007043,0.016667,0.0,0.0,0.0,0.0,0.0,0.000003,0.000003,0.000001,0.000061,0.000046,0.0,0.000002,0.000028,0.00001,,,,,0.000018,,,0.000027,0.000015,,0.000012,0.000016,0.000006,,,,0.000008,,,,,,,,,,,,,,,0.000013,,,,,,0.0,,,,,,,,,,,,,,,0.000001,,,,,,,,,,,,,,,,,,,,,,,,,,,,,,,,,,,,,,,,,,,,,,,,,,,,,,,,,
0.014495,0.0,0.0,0.000122,0.000072,0.0,0.014493,0.016667,,,,,,,,,,,,,0.000092,0.00003,,,,,,,,0.000027,0.000013,,0.000011,0.000014,0.000005,,,,0.000006,,,,,,,,,,,,,,,0.000012,,,,,,0.0,,,,,,,,,,,,,,,0.000001,,,,,,,,,,,,,,,,,,,,,,,,,,,,,,,,,,,,,,,,,,,,,,,,,,,,,,,,,
0.003942,0.000002,0.000086,0.000004,0.000087,0.000156,0.003784,0.016667,0.0,0.0,0.0,0.0,0.0,0.000002,0.000003,0.000001,0.000058,0.000021,0.000001,0.000002,0.0,0.000004,,,,,0.000017,,,0.000024,0.000013,,0.000011,0.000015,0.000005,,,,0.000007,,,,,,,,,,,,,,,0.000011,,,,,,0.0,,,,,,,,,,,,,,,0.000001,,,,,,,,,,,,,,,,,,,,,,,,,,,,,,,,,,,,,,,,,,,,,,,,,,,,,,,,,
0.001824,0.0,0.0,0.0,0.000056,0.0,0.001822,0.016667,,,,,,,,,,,,,0.0,0.0,,,,,,,,0.000018,0.000011,,0.000009,0.000011,0.000004,,,,0.000006,,,,,,,,,,,,,,,0.000008,,,,,,0.0,,,,,,,,,,,,,,,0.000001,,,,,,,,,,,,,,,,,,,,,,,,,,,,,,,,,,,,,,,,,,,,,,,,,,,,,,,,,
0.007829,0.0,0.0,0.000026,0.000081,0.0,0.007827,0.016667,,,,,,,,,,,,,0.000003,0.000023,,,,,,,,0.000025,0.000015,,0.000012,0.000015,0.000007,,,,0.000009,,,,,,,,,,,,,,,0.000013,,,,,,0.000001,,,,,,,,,,,,,,,0.000001,,,,,,,,,,,,,,,,,,,,,,,,,,,,,,,,,,,,,,,,,,,,,,,,,,,,,,,,,
0.005966,0.000002,0.000074,0.000105,0.000088,0.000165,0.0058,0.016667,0.0,0.0,0.0,0.0,0.0,0.000002,0.000002,0.000001,0.000042,0.000027,0.0,0.000002,0.000088,0.000017,,,,,0.000017,,,0.000025,0.000013,,0.000012,0.000015,0.000006,,,,0.000007,,,,,,,,,,,,,,,0.000011,,,,,,0.0,,,,,,,,,,,,,,,0.0,,,,,,,,,,,,,,,,,,,,,,,,,,,,,,,,,,,,,,,,,,,,,,,,,,,,,,,,,
0.014664,0.0,0.0,0.000081,0.000082,0.0,0.014661,0.016667,,,,,,,,,,,,,0.000056,0.000025,,,,,,,,0.000027,0.000014,,0.000013,0.000015,0.000005,,,,0.000009,,,,,,,,,,,,,,,0.000014,,,,,,0.000001,,,,,,,,,,,,,,,0.000001,,,,,,,,,,,,,,,,,,,,,,,,,,,,,,,,,,,,,,,,,,,,,,,,,,,,,,,,,
0.002594,0.000002,0.000085,0.000003,0.000112,0.000264,0.002327,0.016667,0.0,0.0,0.0,0.0,0.0,0.000002,0.000003,0.0,0.000046,0.000033,0.000001,0.000002,0.0,0.000003,,,,,0.000018,,,0.000031,0.000017,,0.000019,0.000019,0.000007,,,,0.000009,,,,,,,,,,,,,,,0.000014,,,,,,0.0,,,,,,,,,,,,,,,0.000001,,,,,,,,,,,,,,,,,,,,,,,,,,,,,,,,,,,,,,,,,,,,,,,,,,,,,,,,,
0.003316,0.0,0.0,0.000072,0.000063,0.0,0.003314,0.016667,,,,,,,,,,,,,0.000063,0.000009,,,,,,,,0.000017,0.000012,,0.000008,0.000011,0.000006,,,,0.000007,,,,,,,,,,,,,,,0.000012,,,,,,0.000001,,,,,,,,,,,,,,,0.000001,,,,,,,,,,,,,,,,,,,,,,,,,,,,,,,,,,,,,,,,,,,,,,,,,,,,,,,,,
0.007169,0.0,0.0,0.000007,0.000066,0.0,0.007168,0.016667,,,,,,,,,,,,,0.0,0.000007,,,,,,,,0.00002,0.000013,,0.00001,0.000012,0.000006,,,,0.000007,,,,,,,,,,,,,,,0.000011,,,,,,0.0,,,,,,,,,,,,,,,0.0,,,,,,,,,,,,,,,,,,,,,,,,,,,,,,,,,,,,,,,,,,,,,,,,,,,,,,,,,
0.006792,0.000002,0.000061,0.000028,0.000096,0.000164,0.006626,0.016667,0.0,0.0,0.0,0.0,0.0,0.000002,0.000002,0.0,0.00004,0.000018,0.0,0.000001,0.000015,0.000013,,,,,0.000017,,,0.000029,0.000015,,0.000013,0.000018,0.000005,,,,0.000009,,,,,,,,,,,,,,,0.000012,,,,,,0.0,,,,,,,,,,,,,,,0.0,,,,,,,,,,,,,,,,,,,,,,,,,,,,,,,,,,,,,,,,,,,,,,,,,,,,,,,,,
0.009807,0.0,0.0,0.000144,0.000084,0.0,0.009805,0.016667,,,,,,,,,,,,,0.000115,0.000029,,,,,,,,0.000029,0.000015,,0.000013,0.000016,0.000005,,,,0.000008,,,,,,,,,,,,,,,0.000015,,,,,,0.0,,,,,,,,,,,,,,,0.000001,,,,,,,,,,,,,,,,,,,,,,,,,,,,,,,,,,,,,,,,,,,,,,,,,,,,,,,,,
0.006101,0.000003,0.000085,0.000034,0.000111,0.000247,0.005851,0.016667,0.0,0.0,0.0,0.0,0.0,0.000003,0.000002,0.000001,0.000051,0.000029,0.0,0.000002,0.000018,0.000016,,,,,0.00002,,,0.00003,0.000018,,0.000014,0.000018,0.000007,,,,0.000009,,,,,,,,,,,,,,,0.000015,,,,,,0.000001,,,,,,,,,,,,,,,0.0,,,,,,,,,,,,,,,,,,,,,,,,,,,,,,,,,,,,,,,,,,,,,,,,,,,,,,,,,
0.004562,0.0,0.0,0.000003,0.000079,0.0,0.00456,0.016667,,,,,,,,,,,,,0.0,0.000003,,,,,,,,0.000024,0.000015,,0.000012,0.000014,0.000006,,,,0.000008,,,,,,,,,,,,,,,0.000014,,,,,,0.0,,,,,,,,,,,,,,,0.000001,,,,,,,,,,,,,,,,,,,,,,,,,,,,,,,,,,,,,,,,,,,,,,,,,,,,,,,,,
0.006944,0.000002,0.000147,0.000068,0.000076,0.000151,0.00679,0.016667,0.0,0.0,0.0,0.0,0.0,0.000002,0.000003,0.0,0.000078,0.000063,0.000001,0.000002,0.000054,0.000014,,,,,0.000015,,,0.000021,0.00001,,0.00001,0.000012,0.000004,,,,0.000007,,,,,,,,,,,,,,,0.000011,,,,,,0.0,,,,,,,,,,,,,,,0.000001,,,,,,,,,,,,,,,,,,,,,,,,,,,,,,,,,,,,,,,,,,,,,,,,,,,,,,,,,
0.01622,0.0,0.0,0.000037,0.000082,0.0,0.016219,0.016667,,,,,,,,,,,,,0.000017,0.00002,,,,,,,,0.000026,0.000016,,0.000013,0.000015,0.000007,,,,0.000008,,,,,,,,,,,,,,,0.000013,,,,,,0.0,,,,,,,,,,,,,,,0.0,,,,,,,,,,,,,,,,,,,,,,,,,,,,,,,,,,,,,,,,,,,,,,,,,,,,,,,,,
0.004634,0.0,0.0,0.00006,0.0001,0.0,0.00463,0.016667,,,,,,,,,,,,,0.000051,0.000009,,,,,,,,0.000024,0.000017,,0.000014,0.000017,0.00001,,,,0.000009,,,,0.000008,,,,,,,0.000003,,,,0.000016,,,,,,0.0,,,,,0.000001,,,,,,,,,,0.000001,,,,,,,,,,,,,,,,,,,,,,,,,,,,,,,,,,,,,,,,,,,,,,,,,,,,,,,,,
0.001664,0.000003,0.000095,0.000008,0.000141,0.000334,0.001327,0.016667,0.0,0.0,0.0,0.0,0.0,0.000003,0.000003,0.000001,0.000048,0.00002,0.0,0.000023,0.0,0.000008,,,,,0.000029,,,0.000022,0.000015,,0.000014,0.000012,0.000012,,,,0.000019,,,,,,,,,,,,,,,0.000028,,,,,,0.0,,,,,,,,,,,,,,,0.000004,,,,,,,,,,,,,,,,,,,,,,,,,,,,,,,,,,,,,,,,,,,,,,,,,,,,,,,,,
0.004647,0.0,0.0,0.000026,0.000053,0.0,0.004646,0.016667,,,,,,,,,,,,,0.000015,0.000011,,,,,,,,0.000016,0.000011,,0.000009,0.000009,0.000004,,,,0.000006,,,,,,,,,,,,,,,0.000008,,,,,,0.0,,,,,,,,,,,,,,,0.000001,,,,,,,,,,,,,,,,,,,,,,,,,,,,,,,,,,,,,,,,,,,,,,,,,,,,,,,,,
0.006848,0.000003,0.00013,0.000005,0.000093,0.000185,0.006661,0.016667,0.0,0.0,0.0,0.0,0.0,0.000003,0.000004,0.000002,0.000088,0.000034,0.000001,0.000001,0.0,0.000005,,,,,0.000016,,,0.000019,0.000014,,0.000015,0.000011,0.000006,,,,0.00001,,,,,,,,,,,,,,,0.000014,,,,,,0.0,,,,,,,,,,,,,,,0.000001,,,,,,,,,,,,,,,,,,,,,,,,,,,,,,,,,,,,,,,,,,,,,,,,,,,,,,,,,
0.014972,0.0,0.0,0.000123,0.000058,0.0,0.014971,0.016667,,,,,,,,,,,,,0.000091,0.000032,,,,,,,,0.000017,0.00001,,0.000009,0.000009,0.000006,,,,0.000006,,,,,,,,,,,,,,,0.00001,,,,,,0.0,,,,,,,,,,,,,,,0.000001,,,,,,,,,,,,,,,,,,,,,,,,,,,,,,,,,,,,,,,,,,,,,,,,,,,,,,,,,
0.005531,0.0,0.0,0.000005,0.000073,0.0,0.005529,0.016667,,,,,,,,,,,,,0.0,0.000005,,,,,,,,0.000024,0.000013,,0.000012,0.000013,0.000005,,,,0.000007,,,,,,,,,,,,,,,0.000012,,,,,,0.0,,,,,,,,,,,,,,,0.000001,,,,,,,,,,,,,,,,,,,,,,,,,,,,,,,,,,,,,,,,,,,,,,,,,,,,,,,,,
0.000831,0.000002,0.000086,0.000019,0.000131,0.000215,0.000615,0.016667,0.0,0.0,0.0,0.0,0.0,0.000002,0.000002,0.000002,0.000044,0.000035,0.000001,0.000002,0.000011,0.000008,,,,,0.000059,,,0.000023,0.000016,,0.000011,0.000013,0.000005,,,,0.000007,,,,,,,,,,,,,,,0.000011,,,,,,0.0,,,,,,,,,,,,,,,0.000001,,,,,,,,,,,,,,,,,,,,,,,,,,,,,,,,,,,,,,,,,,,,,,,,,,,,,,,,,
0.013032,0.0,0.0,0.000065,0.000053,0.0,0.013031,0.016667,,,,,,,,,,,,,0.000052,0.000013,,,,,,,,0.000016,0.000009,,0.000009,0.000008,0.000004,,,,0.000006,,,,,,,,,,,,,,,0.000009,,,,,,0.0,,,,,,,,,,,,,,,0.000001,,,,,,,,,,,,,,,,,,,,,,,,,,,,,,,,,,,,,,,,,,,,,,,,,,,,,,,,,
0.016737,0.000004,0.000049,0.000084,0.000115,0.000215,0.016519,0.016667,0.0,0.0,0.0,0.0,0.0,0.000004,0.000002,0.0,0.000034,0.00001,0.0,0.000003,0.000033,0.000051,,,,,0.000026,,,0.000029,0.000018,,0.000016,0.000018,0.000005,,,,0.000008,,,,,,,,,,,,,,,0.000013,,,,,,0.0,,,,,,,,,,,,,,,0.000001,,,,,,,,,,,,,,,,,,,,,,,,,,,,,,,,,,,,,,,,,,,,,,,,,,,,,,,,,
0.003041,0.000002,0.000073,0.000001,0.000098,0.000124,0.002915,0.016667,0.0,0.0,0.0,0.0,0.0,0.000002,0.000003,0.000001,0.00005,0.000017,0.0,0.000002,0.0,0.000001,,,,,0.000014,,,0.000023,0.000018,,0.000016,0.000013,0.000006,,,,0.000008,,,,,,,,,,,,,,,0.000014,,,,,,0.0,,,,,,,,,,,,,,,0.000001,,,,,,,,,,,,,,,,,,,,,,,,,,,,,,,,,,,,,,,,,,,,,,,,,,,,,,,,,
0.000615,0.0,0.0,0.000002,0.000038,0.0,0.000614,0.016667,,,,,,,,,,,,,0.0,0.000002,,,,,,,,0.00001,0.000007,,0.000006,0.000006,0.000004,,,,0.000004,,,,,,,,,,,,,,,0.000006,,,,,,0.000001,,,,,,,,,,,,,,,0.0,,,,,,,,,,,,,,,,,,,,,,,,,,,,,,,,,,,,,,,,,,,,,,,,,,,,,,,,,
0.007405,0.000003,0.000047,0.000085,0.000073,0.000107,0.007296,0.016667,0.0,0.0,0.0,0.0,0.0,0.000003,0.000001,0.000001,0.000032,0.000011,0.000001,0.000001,0.000074,0.000011,,,,,0.00001,,,0.000017,0.000013,,0.000009,0.00001,0.000009,,,,0.000006,,,,,,,,,,,,,,,0.00001,,,,,,0.0,,,,,,,,,,,,,,,0.0,,,,,,,,,,,,,,,,,,,,,,,,,,,,,,,,,,,,,,,,,,,,,,,,,,,,,,,,,
0.006765,0.0,0.0,0.000008,0.000077,0.0,0.006764,0.016667,,,,,,,,,,,,,0.0,0.000008,,,,,,,,0.000024,0.000015,,0.000012,0.000013,0.000006,,,,0.000007,,,,,,,,,,,,,,,0.000014,,,,,,0.0,,,,,,,,,,,,,,,0.000001,,,,,,,,,,,,,,,,,,,,,,,,,,,,,,,,,,,,,,,,,,,,,,,,,,,,,,,,,
0.014445,0.000002,0.000048,0.000123,0.000087,0.000128,0.014315,0.016667,0.0,0.0,0.0,0.0,0.0,0.000002,0.000001,0.0,0.000031,0.000014,0.0,0.000002,0.000084,0.000039,,,,,0.000016,,,0.000024,0.000013,,0.000012,0.000014,0.000005,,,,0.000007,,,,,,,,,,,,,,,0.000011,,,,,,0.0,,,,,,,,,,,,,,,0.000001,,,,,,,,,,,,,,,,,,,,,,,,,,,,,,,,,,,,,,,,,,,,,,,,,,,,,,,,,
0.002102,0.0,0.0,0.000001,0.000075,0.0,0.0021,0.016667,,,,,,,,,,,,,0.0,0.000001,,,,,,,,0.00002,0.000013,,0.000011,0.000013,0.000005,,,,0.000007,,,,0.000004,,,,,,,0.000001,,,,0.000015,,,,,,0.0,,,,,,,,,,,,,,,0.0,,,,,,,,,,,,,,,,,,,,,,,,,,,,,,,,,,,,,,,,,,,,,,,,,,,,,,,,,
0.003606,0.000002,0.000047,0.000003,0.000077,0.000139,0.003466,0.016667,0.0,0.0,0.0,0.0,0.0,0.000002,0.000002,0.000001,0.000034,0.000008,0.0,0.000002,0.0,0.000003,,,,,0.000013,,,0.00002,0.000012,,0.000009,0.000012,0.000005,,,,0.000007,,,,,,,,,,,,,,,0.000011,,,,,,0.0,,,,,,,,,,,,,,,0.000001,,,,,,,,,,,,,,,,,,,,,,,,,,,,,,,,,,,,,,,,,,,,,,,,,,,,,,,,,
0.007733,0.0,0.0,0.000036,0.000041,0.0,0.007732,0.016667,,,,,,,,,,,,,0.00001,0.000026,,,,,,,,0.000012,0.000008,,0.000006,0.000006,0.000003,,,,0.000004,,,,,,,,,,,,,,,0.000008,,,,,,0.0,,,,,,,,,,,,,,,0.000001,,,,,,,,,,,,,,,,,,,,,,,,,,,,,,,,,,,,,,,,,,,,,,,,,,,,,,,,,
0.006259,0.0,0.0,0.000091,0.000074,0.0,0.006257,0.016667,,,,,,,,,,,,,0.000076,0.000015,,,,,,,,0.000025,0.000013,,0.000011,0.000014,0.000005,,,,0.000007,,,,,,,,,,,,,,,0.000013,,,,,,0.000001,,,,,,,,,,,,,,,0.0,,,,,,,,,,,,,,,,,,,,,,,,,,,,,,,,,,,,,,,,,,,,,,,,,,,,,,,,,
0.01417,0.000003,0.000083,0.00004,0.000091,0.00015,0.014017,0.016667,0.0,0.0,0.0,0.0,0.0,0.000003,0.000002,0.000001,0.000044,0.000034,0.0,0.000002,0.000021,0.000019,,,,,0.000016,,,0.000025,0.000014,,0.000012,0.000013,0.000006,,,,0.000007,,,,,,,,,,,,,,,0.000012,,,,,,0.0,,,,,,,,,,,,,,,0.000001,,,,,,,,,,,,,,,,,,,,,,,,,,,,,,,,,,,,,,,,,,,,,,,,,,,,,,,,,
0.001117,0.0,0.0,0.0,0.000098,0.0,0.001114,0.016667,,,,,,,,,,,,,0.0,0.0,,,,,,,,0.000034,0.000018,,0.000014,0.000016,0.000007,,,,0.000009,,,,,,,,,,,,,,,0.000016,,,,,,0.000001,,,,,,,,,,,,,,,0.000001,,,,,,,,,,,,,,,,,,,,,,,,,,,,,,,,,,,,,,,,,,,,,,,,,,,,,,,,,
0.005128,0.000003,0.000057,0.000065,0.000078,0.00014,0.004986,0.016667,0.0,0.0,0.0,0.0,0.0,0.000003,0.000002,0.0,0.000037,0.000017,0.0,0.000001,0.000055,0.00001,,,,,0.00001,,,0.000021,0.000013,,0.00001,0.000014,0.000006,,,,0.000007,,,,,,,,,,,,,,,0.000011,,,,,,0.0,,,,,,,,,,,,,,,0.0,,,,,,,,,,,,,,,,,,,,,,,,,,,,,,,,,,,,,,,,,,,,,,,,,,,,,,,,,
0.006757,0.0,0.0,0.000006,0.000053,0.0,0.006756,0.016667,,,,,,,,,,,,,0.0,0.000006,,,,,,,,0.000017,0.00001,,0.000009,0.000009,0.000004,,,,0.000005,,,,,,,,,,,,,,,0.000009,,,,,,0.0,,,,,,,,,,,,,,,0.000001,,,,,,,,,,,,,,,,,,,,,,,,,,,,,,,,,,,,,,,,,,,,,,,,,,,,,,,,,
0.00841,0.0,0.0,0.000023,0.000081,0.0,0.008407,0.016667,,,,,,,,,,,,,0.000011,0.000012,,,,,,,,0.000021,0.000013,,0.000012,0.000014,0.000005,,,,0.000007,,,,0.000005,,,,,,,0.000003,,,,0.000015,,,,,,0.0,,,,,,,,,,,,,,,0.000001,,,,,,,,,,,,,,,,,,,,,,,,,,,,,,,,,,,,,,,,,,,,,,,,,,,,,,,,,
0.012611,0.000003,0.000085,0.000112,0.000109,0.000177,0.012431,0.016667,0.0,0.0,0.0,0.0,0.0,0.000003,0.000001,0.000001,0.00006,0.000021,0.000001,0.000001,0.000087,0.000025,,,,,0.000021,,,0.000028,0.000017,,0.000016,0.000018,0.000007,,,,0.000008,,,,,,,,,,,,,,,0.000014,,,,,,0.0,,,,,,,,,,,,,,,0.000001,,,,,,,,,,,,,,,,,,,,,,,,,,,,,,,,,,,,,,,,,,,,,,,,,,,,,,,,,
0.00061,0.0,0.0,0.000001,0.000091,0.0,0.000607,0.016667,,,,,,,,,,,,,0.0,0.000001,,,,,,,,0.000029,0.000017,,0.000013,0.000017,0.000007,,,,0.000009,,,,,,,,,,,,,,,0.000016,,,,,,0.000001,,,,,,,,,,,,,,,0.0,,,,,,,,,,,,,,,,,,,,,,,,,,,,,,,,,,,,,,,,,,,,,,,,,,,,,,,,,
0.006599,0.000002,0.000077,0.000005,0.000086,0.000185,0.006413,0.016667,0.0,0.0,0.0,0.0,0.0,0.000002,0.000003,0.000001,0.000043,0.000028,0.0,0.000002,0.0,0.000005,,,,,0.000016,,,0.000021,0.000013,,0.000013,0.000014,0.000006,,,,0.000006,,,,,,,,,,,,,,,0.000012,,,,,,0.0,,,,,,,,,,,,,,,0.000001,,,,,,,,,,,,,,,,,,,,,,,,,,,,,,,,,,,,,,,,,,,,,,,,,,,,,,,,,
0.006038,0.0,0.0,0.000024,0.000083,0.0,0.006036,0.016667,,,,,,,,,,,,,0.000011,0.000013,,,,,,,,0.000026,0.000014,,0.000012,0.000014,0.000009,,,,0.00001,,,,,,,,,,,,,,,0.000014,,,,,,0.0,,,,,,,,,,,,,,,0.0,,,,,,,,,,,,,,,,,,,,,,,,,,,,,,,,,,,,,,,,,,,,,,,,,,,,,,,,,
0.015846,0.000002,0.000103,0.000106,0.000076,0.000281,0.015563,0.016667,0.0,0.0,0.0,0.0,0.0,0.000002,0.000004,0.000001,0.000043,0.000053,0.0,0.000002,0.000073,0.000033,,,,,0.000016,,,0.000021,0.000011,,0.00001,0.000013,0.000004,,,,0.000005,,,,,,,,,,,,,,,0.00001,,,,,,0.0,,,,,,,,,,,,,,,0.000001,,,,,,,,,,,,,,,,,,,,,,,,,,,,,,,,,,,,,,,,,,,,,,,,,,,,,,,,,
0.00444,0.0,0.0,0.000002,0.000073,0.0,0.004438,0.016667,,,,,,,,,,,,,0.0,0.000002,,,,,,,,0.000025,0.000013,,0.000011,0.000014,0.000005,,,,0.000007,,,,,,,,,,,,,,,0.000012,,,,,,0.0,,,,,,,,,,,,,,,0.000001,,,,,,,,,,,,,,,,,,,,,,,,,,,,,,,,,,,,,,,,,,,,,,,,,,,,,,,,,
0.000514,0.0,0.0,0.0,0.000095,0.0,0.000513,0.016667,,,,,,,,,,,,,0.0,0.0,,,,,,,,0.000028,0.000012,,0.000012,0.000016,0.000007,,,,0.000025,,,,,,,,,,,,,,,0.000013,,,,,,0.0,,,,,,,,,,,,,,,0.0,,,,,,,,,,,,,,,,,,,,,,,,,,,,,,,,,,,,,,,,,,,,,,,,,,,,,,,,,
0.013523,0.000002,0.000066,0.000055,0.000075,0.000146,0.013376,0.016667,0.0,0.0,0.0,0.0,0.0,0.000002,0.000002,0.0,0.00004,0.000023,0.0,0.000001,0.00004,0.000015,,,,,0.000012,,,0.00002,0.000012,,0.00001,0.000013,0.000006,,,,0.000006,,,,,,,,,,,,,,,0.000011,,,,,,0.0,,,,,,,,,,,,,,,0.0,,,,,,,,,,,,,,,,,,,,,,,,,,,,,,,,,,,,,,,,,,,,,,,,,,,,,,,,,
0.018957,0.0,0.0,0.000084,0.000102,0.0,0.018954,0.016667,,,,,,,,,,,,,0.000044,0.00004,,,,,,,,0.000032,0.000016,,0.000015,0.000019,0.000006,,,,0.000009,,,,,,,,,,,,,,,0.000025,,,,,,0.0,,,,,,,,,,,,,,,0.000001,,,,,,,,,,,,,,,,,,,,,,,,,,,,,,,,,,,,,,,,,,,,,,,,,,,,,,,,,
0.000869,0.000004,0.000088,0.000131,0.000104,0.000189,0.000677,0.016667,0.0,0.0,0.0,0.0,0.0,0.000004,0.000002,0.000001,0.000062,0.000021,0.0,0.000002,0.000118,0.000013,,,,,0.000021,,,0.000025,0.000014,,0.000011,0.000016,0.000005,,,,0.000007,,,,0.000006,,,,,,,0.000003,,,,0.000013,,,,,,0.0,,,,,,,,,,,,,,,0.000001,,,,,,,,,,,,,,,,,,,,,,,,,,,,,,,,,,,,,,,,,,,,,,,,,,,,,,,,,
0.000422,0.0,0.0,0.0,0.000054,0.0,0.000421,0.016667,,,,,,,,,,,,,0.0,0.0,,,,,,,,0.000017,0.000009,,0.000009,0.000011,0.000004,,,,0.000006,,,,,,,,,,,,,,,0.00001,,,,,,0.0,,,,,,,,,,,,,,,0.0,,,,,,,,,,,,,,,,,,,,,,,,,,,,,,,,,,,,,,,,,,,,,,,,,,,,,,,,,
0.007131,0.0,0.0,0.000012,0.000043,0.0,0.00713,0.016667,,,,,,,,,,,,,0.0,0.000012,,,,,,,,0.000013,0.000007,,0.000007,0.000008,0.000004,,,,0.000005,,,,,,,,,,,,,,,0.000007,,,,,,0.0,,,,,,,,,,,,,,,0.000001,,,,,,,,,,,,,,,,,,,,,,,,,,,,,,,,,,,,,,,,,,,,,,,,,,,,,,,,,
0.006832,0.000002,0.000091,0.000059,0.000102,0.000173,0.006657,0.016667,0.0,0.0,0.0,0.0,0.0,0.000002,0.000004,0.000001,0.000051,0.000034,0.0,0.000001,0.00005,0.000009,,,,,0.00002,,,0.000027,0.000013,,0.000013,0.000017,0.000006,,,,0.00001,,,,,,,,,,,,,,,0.000014,,,,,,0.0,,,,,,,,,,,,,,,0.000001,,,,,,,,,,,,,,,,,,,,,,,,,,,,,,,,,,,,,,,,,,,,,,,,,,,,,,,,,
0.0185,0.0,0.0,0.00014,0.000109,0.0,0.018497,0.016667,,,,,,,,,,,,,0.000094,0.000046,,,,,,,,0.000037,0.00002,,0.000016,0.000021,0.000006,,,,0.00001,,,,,,,,,,,,,,,0.000021,,,,,,0.0,,,,,,,,,,,,,,,0.000001,,,,,,,,,,,,,,,,,,,,,,,,,,,,,,,,,,,,,,,,,,,,,,,,,,,,,,,,,
0.001336,0.000002,0.000104,0.000001,0.00011,0.000187,0.001147,0.016667,0.0,0.0,0.0,0.0,0.0,0.000002,0.000005,0.0,0.000049,0.000026,0.000001,0.000023,0.0,0.000001,,,,,0.000016,,,0.000026,0.000016,,0.000014,0.000017,0.000007,,,,0.000008,,,,0.000008,,,,,,,0.000003,,,,0.000015,,,,,,0.000001,,,,,0.000001,,,,,,,,,,0.000001,,,,,,,,,,,,,,,,,,,,,,,,,,,,,,,,,,,,,,,,,,,,,,,,,,,,,,,,,
0.000424,0.0,0.0,0.0,0.000053,0.0,0.000423,0.016667,,,,,,,,,,,,,0.0,0.0,,,,,,,,0.000017,0.000009,,0.000009,0.000011,0.000004,,,,0.000005,,,,,,,,,,,,,,,0.00001,,,,,,0.0,,,,,,,,,,,,,,,0.0,,,,,,,,,,,,,,,,,,,,,,,,,,,,,,,,,,,,,,,,,,,,,,,,,,,,,,,,,
0.006986,0.000002,0.000093,0.000028,0.000054,0.000117,0.006868,0.016667,0.0,0.0,0.0,0.0,0.0,0.000002,0.000002,0.000001,0.000051,0.000027,0.0,0.000012,0.000014,0.000014,,,,,0.000008,,,0.000013,0.000008,,0.000007,0.000009,0.000003,,,,0.000005,,,,,,,,,,,,,,,0.000008,,,,,,0.0,,,,,,0.000003,,,,,,,,,0.0,,,,,,,,,,,,,,,,,,,,,,,,,,,,,,,,,,,,,,,,,,,,,,,,,,,,,,,,,
0.006875,0.0,0.0,0.000016,0.000071,0.0,0.006873,0.016667,,,,,,,,,,,,,0.0,0.000016,,,,,,,,0.000027,0.000012,,0.00001,0.000013,0.000004,,,,0.000006,,,,,,,,,,,,,,,0.000013,,,,,,0.0,,,,,,,,,,,,,,,0.000001,,,,,,,,,,,,,,,,,,,,,,,,,,,,,,,,,,,,,,,,,,,,,,,,,,,,,,,,,
0.015766,0.0,0.0,0.000092,0.000096,0.0,0.015764,0.016667,,,,,,,,,,,,,0.000069,0.000023,,,,,,,,0.000032,0.000018,,0.000014,0.000018,0.000007,,,,0.000008,,,,,,,,,,,,,,,0.000018,,,,,,0.0,,,,,,,,,,,,,,,0.000001,,,,,,,,,,,,,,,,,,,,,,,,,,,,,,,,,,,,,,,,,,,,,,,,,,,,,,,,,
0.000883,0.000002,0.000066,0.000002,0.000109,0.000186,0.000693,0.016667,0.0,0.0,0.0,0.0,0.0,0.000002,0.000002,0.0,0.000035,0.000027,0.0,0.000002,0.0,0.000002,,,,,0.00002,,,0.000031,0.000017,,0.000015,0.000019,0.000007,,,,0.000008,,,,,,,,,,,,,,,0.000015,,,,,,0.0,,,,,,,,,,,,,,,0.0,,,,,,,,,,,,,,,,,,,,,,,,,,,,,,,,,,,,,,,,,,,,,,,,,,,,,,,,,
0.003998,0.0,0.0,0.000089,0.00005,0.0,0.003997,0.016667,,,,,,,,,,,,,0.000078,0.000011,,,,,,,,0.000015,0.00001,,0.000007,0.000009,0.000005,,,,0.000005,,,,,,,,,,,,,,,0.000009,,,,,,0.0,,,,,,,,,,,,,,,0.0,,,,,,,,,,,,,,,,,,,,,,,,,,,,,,,,,,,,,,,,,,,,,,,,,,,,,,,,,
0.007641,0.000002,0.000087,0.000013,0.000066,0.000154,0.007485,0.016667,0.0,0.0,0.0,0.0,0.0,0.000002,0.000003,0.000001,0.000062,0.00002,0.0,0.000001,0.0,0.000013,,,,,0.000014,,,0.000016,0.00001,,0.000008,0.000009,0.000004,,,,0.000009,,,,,,,,,,,,,,,0.000008,,,,,,0.0,,,,,,,,,,,,,,,0.000001,,,,,,,,,,,,,,,,,,,,,,,,,,,,,,,,,,,,,,,,,,,,,,,,,,,,,,,,,
0.008124,0.0,0.0,0.000033,0.000075,0.0,0.008122,0.016667,,,,,,,,,,,,,0.000011,0.000022,,,,,,,,0.000025,0.000014,,0.000011,0.000014,0.000005,,,,0.000007,,,,,,,,,,,,,,,0.000014,,,,,,0.0,,,,,,,,,,,,,,,0.000001,,,,,,,,,,,,,,,,,,,,,,,,,,,,,,,,,,,,,,,,,,,,,,,,,,,,,,,,,
0.012059,0.000002,0.000084,0.000036,0.000086,0.000132,0.011925,0.016667,0.0,0.0,0.0,0.0,0.0,0.000002,0.000002,0.000001,0.000044,0.000036,0.0,0.000001,0.000018,0.000018,,,,,0.000017,,,0.000023,0.000013,,0.000011,0.000014,0.000005,,,,0.000007,,,,,,,,,,,,,,,0.000012,,,,,,0.0,,,,,,,,,,,,,,,0.0,,,,,,,,,,,,,,,,,,,,,,,,,,,,,,,,,,,,,,,,,,,,,,,,,,,,,,,,,
0.000682,0.0,0.0,0.0,0.000086,0.0,0.000681,0.016667,,,,,,,,,,,,,0.0,0.0,,,,,,,,0.000027,0.000014,,0.000013,0.000016,0.000007,,,,0.000008,,,,,,,,,,,,,,,0.000017,,,,,,0.0,,,,,,,,,,,,,,,0.000001,,,,,,,,,,,,,,,,,,,,,,,,,,,,,,,,,,,,,,,,,,,,,,,,,,,,,,,,,
0.00576,0.0,0.0,0.000085,0.000043,0.0,0.005759,0.016667,,,,,,,,,,,,,0.000077,0.000008,,,,,,,,0.000019,0.000008,,0.000006,0.000012,0.000003,,,,0.000004,,,,,,,,,,,,,,,0.000006,,,,,,0.0,,,,,,,,,,,,,,,0.0,,,,,,,,,,,,,,,,,,,,,,,,,,,,,,,,,,,,,,,,,,,,,,,,,,,,,,,,,
0.006909,0.000002,0.000053,0.000024,0.000099,0.000164,0.006742,0.016667,0.0,0.0,0.0,0.0,0.0,0.000002,0.000002,0.000001,0.000034,0.000013,0.000001,0.000002,0.000011,0.000013,,,,,0.000017,,,0.000026,0.000016,,0.000013,0.000016,0.000007,,,,0.000008,,,,,,,,,,,,,,,0.000015,,,,,,0.0,,,,,,,,,,,,,,,0.000001,,,,,,,,,,,,,,,,,,,,,,,,,,,,,,,,,,,,,,,,,,,,,,,,,,,,,,,,,
0.019516,0.0,0.0,0.000096,0.000094,0.0,0.019514,0.016667,,,,,,,,,,,,,0.000068,0.000028,,,,,,,,0.000031,0.000018,,0.000014,0.000017,0.000007,,,,0.000009,,,,,,,,,,,,,,,0.000017,,,,,,0.0,,,,,,,,,,,,,,,0.000001,,,,,,,,,,,,,,,,,,,,,,,,,,,,,,,,,,,,,,,,,,,,,,,,,,,,,,,,,
0.001005,0.000002,0.000078,0.000002,0.000117,0.000208,0.000795,0.016667,0.0,0.0,0.0,0.0,0.0,0.000002,0.000003,0.000001,0.000057,0.000014,0.000001,0.000002,0.0,0.000002,,,,,0.00002,,,0.000031,0.000017,,0.000019,0.000019,0.000007,,,,0.000009,,,,,,,,,,,,,,,0.000016,,,,,,0.000001,,,,,,,,,,,,,,,0.000001,,,,,,,,,,,,,,,,,,,,,,,,,,,,,,,,,,,,,,,,,,,,,,,,,,,,,,,,,
0.000526,0.0,0.0,0.0,0.000073,0.0,0.000524,0.016667,,,,,,,,,,,,,0.0,0.0,,,,,,,,0.000025,0.000011,,0.000014,0.000014,0.000005,,,,0.000006,,,,,,,,,,,,,,,0.000012,,,,,,0.000001,,,,,,,,,,,,,,,0.000001,,,,,,,,,,,,,,,,,,,,,,,,,,,,,,,,,,,,,,,,,,,,,,,,,,,,,,,,,
0.000339,0.0,0.0,0.0,0.00003,0.0,0.000338,0.016667,,,,,,,,,,,,,0.0,0.0,,,,,,,,0.000009,0.000007,,0.000004,0.000004,0.000003,,,,0.000003,,,,,,,,,,,,,,,0.000006,,,,,,0.0,,,,,,,,,,,,,,,0.0,,,,,,,,,,,,,,,,,,,,,,,,,,,,,,,,,,,,,,,,,,,,,,,,,,,,,,,,,
0.013033,0.000002,0.000108,0.000079,0.000063,0.000121,0.012911,0.016667,0.0,0.0,0.0,0.0,0.0,0.000002,0.000003,0.000001,0.000061,0.00004,0.000001,0.000002,0.000057,0.000022,,,,,0.000009,,,0.000017,0.000011,,0.000008,0.00001,0.000006,,,,0.000005,,,,,,,,,,,,,,,0.00001,,,,,,0.0,,,,,,,,,,,,,,,0.0,,,,,,,,,,,,,,,,,,,,,,,,,,,,,,,,,,,,,,,,,,,,,,,,,,,,,,,,,
0.018293,0.0,0.0,0.000248,0.000115,0.0,0.01829,0.016667,,,,,,,,,,,,,0.000214,0.000034,,,,,,,,0.00002,0.000015,,0.000043,0.000013,0.000005,,,,0.00001,,,,0.000007,,,,,,,0.000003,,,,0.000014,,,,,,0.0,,,,,0.0,,,,,,,,,,0.000001,,,,,,,,,,,,,,,,,,,,,,,,,,,,,,,,,,,,,,,,,,,,,,,,,,,,,,,,,
0.00092,0.000002,0.000078,0.0,0.000103,0.000267,0.00065,0.016667,0.0,0.0,0.0,0.0,0.0,0.000002,0.000002,0.0,0.000053,0.000021,0.000001,0.000001,0.0,0.0,,,,,0.000017,,,0.000028,0.000017,,0.000013,0.000016,0.000007,,,,0.000008,,,,,,,,,,,,,,,0.000015,,,,,,0.0,,,,,,,,,,,,,,,0.000001,,,,,,,,,,,,,,,,,,,,,,,,,,,,,,,,,,,,,,,,,,,,,,,,,,,,,,,,,
0.000868,0.0,0.0,0.000001,0.000036,0.0,0.000867,0.016667,,,,,,,,,,,,,0.0,0.000001,,,,,,,,0.000008,0.000007,,0.000005,0.000005,0.000004,,,,0.000004,,,,,,,,,,,,,,,0.000007,,,,,,0.000001,,,,,,,,,,,,,,,0.000001,,,,,,,,,,,,,,,,,,,,,,,,,,,,,,,,,,,,,,,,,,,,,,,,,,,,,,,,,
0.007246,0.000004,0.000108,0.00006,0.000069,0.000215,0.00703,0.016667,0.0,0.0,0.0,0.0,0.0,0.000004,0.000002,0.000001,0.000071,0.000031,0.000001,0.000002,0.000052,0.000008,,,,,0.000012,,,0.000016,0.00001,,0.000009,0.000009,0.000005,,,,0.000007,,,,,,,,,,,,,,,0.000011,,,,,,0.0,,,,,,,,,,,,,,,0.000001,,,,,,,,,,,,,,,,,,,,,,,,,,,,,,,,,,,,,,,,,,,,,,,,,,,,,,,,,
0.006757,0.0,0.0,0.000022,0.000127,0.0,0.006755,0.016667,,,,,,,,,,,,,0.000012,0.00001,,,,,,,,0.000019,0.000074,,0.00001,0.000011,0.000005,,,,0.000007,,,,,,,,,,,,,,,0.000012,,,,,,0.0,,,,,,,,,,,,,,,0.000001,,,,,,,,,,,,,,,,,,,,,,,,,,,,,,,,,,,,,,,,,,,,,,,,,,,,,,,,,
0.017207,0.0,0.0,0.000114,0.000076,0.0,0.017205,0.016667,,,,,,,,,,,,,0.000081,0.000033,,,,,,,,0.000024,0.000014,,0.000012,0.000013,0.000004,,,,0.000007,,,,,,,,,,,,,,,0.000015,,,,,,0.0,,,,,,,,,,,,,,,0.000001,,,,,,,,,,,,,,,,,,,,,,,,,,,,,,,,,,,,,,,,,,,,,,,,,,,,,,,,,
0.000828,0.000002,0.000083,0.0,0.000105,0.000153,0.000674,0.016667,0.0,0.0,0.0,0.0,0.0,0.000002,0.000001,0.000001,0.000053,0.000026,0.000001,0.000001,0.0,0.0,,,,,0.000014,,,0.000027,0.000015,,0.000019,0.000016,0.000007,,,,0.000008,,,,,,,,,,,,,,,0.000016,,,,,,0.0,,,,,,,,,,,,,,,0.000001,,,,,,,,,,,,,,,,,,,,,,,,,,,,,,,,,,,,,,,,,,,,,,,,,,,,,,,,,
0.002259,0.0,0.0,0.000022,0.000048,0.0,0.002257,0.016667,,,,,,,,,,,,,0.000012,0.00001,,,,,,,,0.000013,0.00001,,0.000007,0.000007,0.000005,,,,0.000005,,,,,,,,,,,,,,,0.00001,,,,,,0.0,,,,,,,,,,,,,,,0.0,,,,,,,,,,,,,,,,,,,,,,,,,,,,,,,,,,,,,,,,,,,,,,,,,,,,,,,,,
0.00729,0.000002,0.000083,0.000007,0.000075,0.000159,0.00713,0.016667,0.0,0.0,0.0,0.0,0.0,0.000002,0.000001,0.000001,0.000044,0.000035,0.000001,0.000001,0.0,0.000007,,,,,0.000013,,,0.000017,0.000011,,0.000012,0.000009,0.000006,,,,0.000006,,,,,,,,,,,,,,,0.000011,,,,,,0.0,,,,,,,,,,,,,,,0.000001,,,,,,,,,,,,,,,,,,,,,,,,,,,,,,,,,,,,,,,,,,,,,,,,,,,,,,,,,
0.007161,0.0,0.0,0.000032,0.000076,0.0,0.007158,0.016667,,,,,,,,,,,,,0.00001,0.000022,,,,,,,,0.000022,0.000015,,0.000012,0.000012,0.000006,,,,0.000007,,,,,,,,,,,,,,,0.000015,,,,,,0.0,,,,,,,,,,,,,,,0.000001,,,,,,,,,,,,,,,,,,,,,,,,,,,,,,,,,,,,,,,,,,,,,,,,,,,,,,,,,
0.013785,0.0,0.0,0.000104,0.000079,0.0,0.013782,0.016667,,,,,,,,,,,,,0.000082,0.000022,,,,,,,,0.000026,0.000014,,0.000012,0.000014,0.000005,,,,0.000007,,,,,,,,,,,,,,,0.000015,,,,,,0.0,,,,,,,,,,,,,,,0.000001,,,,,,,,,,,,,,,,,,,,,,,,,,,,,,,,,,,,,,,,,,,,,,,,,,,,,,,,,
0.002673,0.000002,0.000087,0.000017,0.000082,0.000158,0.002512,0.016667,0.0,0.0,0.0,0.0,0.0,0.000002,0.000002,0.000001,0.000055,0.000027,0.0,0.000002,0.000009,0.000008,,,,,0.000014,,,0.000023,0.000014,,0.000011,0.000013,0.000004,,,,0.000006,,,,,,,,,,,,,,,0.000012,,,,,,0.0,,,,,,,,,,,,,,,0.0,,,,,,,,,,,,,,,,,,,,,,,,,,,,,,,,,,,,,,,,,,,,,,,,,,,,,,,,,
0.003456,0.0,0.0,0.000004,0.000261,0.0,0.003455,0.016667,,,,,,,,,,,,,0.0,0.000004,,,,,,,,0.000018,0.000013,,0.000012,0.000011,0.000004,,,,0.000007,,,,0.000003,,,,,,,0.000002,,,,0.000155,,,,,,0.0,,,,,,,0.000049,0.000002,0.0,0.0,0.000001,,,,0.000001,,,,,,,,,,,,,,,,,,,,,,,,,,,,,,,,,,,,,,,,,,,,,,,,,,,,,,,,,
0.007047,0.000003,0.000091,0.00008,0.000085,0.000243,0.006803,0.016667,0.0,0.0,0.0,0.0,0.0,0.000003,0.000001,0.000001,0.000052,0.000024,0.000001,0.000012,0.000072,0.000008,,,,,0.000012,,,0.000023,0.000013,,0.00002,0.000014,0.000003,,,,0.000006,,,,,,,,,,,,,,,0.000009,,,,,,0.0,,,,,,,,,,,,,,,0.0,,,,,,,,,,,,,,,,,,,,,,,,,,,,,,,,,,,,,,,,,,,,,,,,,,,,,,,,,
0.021209,0.0,0.0,0.000107,0.00009,0.0,0.021208,0.016667,,,,,,,,,,,,,0.000065,0.000042,,,,,,,,0.000023,0.000015,,0.000011,0.000012,0.000009,,,,0.000009,,,,,,,,,,,,,,,0.000024,,,,,,0.0,,,,,,,,,,,,,,,0.000001,,,,,,,,,,,,,,,,,,,,,,,,,,,,,,,,,,,,,,,,,,,,,,,,,,,,,,,,,
0.000981,0.000004,0.000133,0.0,0.00011,0.000276,0.0007,0.016667,0.0,0.0,0.0,0.0,0.0,0.000004,0.000004,0.000001,0.000043,0.000033,0.0,0.000052,0.0,0.0,,,,,0.000015,,,0.000033,0.000016,,0.000014,0.00002,0.000006,,,,0.000008,,,,,,,,,,,,,,,0.000014,,,,,,0.000001,,,,,,0.000006,,,,,,,,,0.0,,,,,,,,,,,,,,,,,,,,,,,,,,,,,,,,,,,,,,,,,,,,,,,,,,,,,,,,,
0.000425,0.0,0.0,0.000002,0.000051,0.0,0.000424,0.016667,,,,,,,,,,,,,0.0,0.000002,,,,,,,,0.000014,0.000009,,0.000009,0.000008,0.000005,,,,0.000004,,,,,,,,,,,,,,,0.000011,,,,,,0.0,,,,,,,,,,,,,,,0.000001,,,,,,,,,,,,,,,,,,,,,,,,,,,,,,,,,,,,,,,,,,,,,,,,,,,,,,,,,
0.011825,0.0,0.0,0.00013,0.000043,0.0,0.011824,0.016667,,,,,,,,,,,,,0.000117,0.000013,,,,,,,,0.000011,0.000008,,0.000008,0.000007,0.000004,,,,0.000004,,,,,,,,,,,,,,,0.000008,,,,,,0.0,,,,,,,,,,,,,,,0.0,,,,,,,,,,,,,,,,,,,,,,,,,,,,,,,,,,,,,,,,,,,,,,,,,,,,,,,,,
0.019647,0.000003,0.000103,0.000223,0.000119,0.000176,0.019468,0.016667,0.0,0.0,0.0,0.0,0.0,0.000003,0.000003,0.000001,0.000056,0.000041,0.000001,0.000001,0.000176,0.000047,,,,,0.000019,,,0.000033,0.000018,,0.000014,0.00002,0.000007,,,,0.00001,,,,,,,,,,,,,,,0.000019,,,,,,0.000001,,,,,,,,,,,,,,,0.0,,,,,,,,,,,,,,,,,,,,,,,,,,,,,,,,,,,,,,,,,,,,,,,,,,,,,,,,,
0.001051,0.000002,0.000073,0.000002,0.000113,0.00019,0.000859,0.016667,0.0,0.0,0.0,0.0,0.0,0.000002,0.000002,0.000002,0.000045,0.000022,0.0,0.000002,0.0,0.000002,,,,,0.000017,,,0.000028,0.000017,,0.000014,0.000015,0.000007,,,,0.000009,,,,,,,,,,,,,,,0.000021,,,,,,0.0,,,,,,,,,,,,,,,0.000001,,,,,,,,,,,,,,,,,,,,,,,,,,,,,,,,,,,,,,,,,,,,,,,,,,,,,,,,,
0.000468,0.0,0.0,0.0,0.000059,0.0,0.000467,0.016667,,,,,,,,,,,,,0.0,0.0,,,,,,,,0.000018,0.00001,,0.00001,0.000009,0.000004,,,,0.000006,,,,,,,,,,,,,,,0.000012,,,,,,0.0,,,,,,,,,,,,,,,0.000001,,,,,,,,,,,,,,,,,,,,,,,,,,,,,,,,,,,,,,,,,,,,,,,,,,,,,,,,,
0.006374,0.000002,0.000099,0.000064,0.000063,0.000125,0.006247,0.016667,0.0,0.0,0.0,0.0,0.0,0.000002,0.000002,0.000002,0.000043,0.000051,0.0,0.000001,0.000054,0.00001,,,,,0.000008,,,0.000017,0.000009,,0.00001,0.00001,0.000004,,,,0.000006,,,,,,,,,,,,,,,0.00001,,,,,,0.0,,,,,,,,,,,,,,,0.0,,,,,,,,,,,,,,,,,,,,,,,,,,,,,,,,,,,,,,,,,,,,,,,,,,,,,,,,,
0.006863,0.0,0.0,0.00002,0.000117,0.0,0.006861,0.016667,,,,,,,,,,,,,0.000002,0.000018,,,,,,,,0.000035,0.000026,,0.00002,0.000019,0.000006,,,,0.00001,,,,,,,,,,,,,,,0.000022,,,,,,0.0,,,,,,,,,,,,,,,0.000001,,,,,,,,,,,,,,,,,,,,,,,,,,,,,,,,,,,,,,,,,,,,,,,,,,,,,,,,,
0.014273,0.000005,0.000062,0.000053,0.000126,0.000214,0.014056,0.016667,0.0,0.0,0.0,0.0,0.0,0.000005,0.000001,0.000001,0.000028,0.00003,0.0,0.000002,0.000026,0.000027,,,,,0.000019,,,0.000034,0.000016,,0.000019,0.000023,0.000006,,,,0.000009,,,,0.000005,,,,,,,0.000005,,,,0.000014,,,,,,0.000001,,,,,,,,,,,,,,,0.000001,,,,,,,,,,,,,,,,,,,,,,,,,,,,,,,,,,,,,,,,,,,,,,,,,,,,,,,,,
0.004365,0.0,0.0,0.000064,0.000076,0.0,0.004363,0.016667,,,,,,,,,,,,,0.000056,0.000008,,,,,,,,0.000024,0.000014,,0.000011,0.000013,0.000005,,,,0.000007,,,,,,,,,,,,,,,0.000015,,,,,,0.0,,,,,,,,,,,,,,,0.000001,,,,,,,,,,,,,,,,,,,,,,,,,,,,,,,,,,,,,,,,,,,,,,,,,,,,,,,,,
0.0015,0.000002,0.000108,0.000001,0.000101,0.000173,0.001326,0.016667,0.0,0.0,0.0,0.0,0.0,0.000002,0.000002,0.000002,0.000055,0.000047,0.000001,0.000001,0.0,0.000001,,,,,0.000015,,,0.000024,0.000016,,0.000012,0.000015,0.000008,,,,0.000009,,,,,,,,,,,,,,,0.000018,,,,,,0.0,,,,,,,,,,,,,,,0.000001,,,,,,,,,,,,,,,,,,,,,,,,,,,,,,,,,,,,,,,,,,,,,,,,,,,,,,,,,
0.007252,0.0,0.0,0.000055,0.000039,0.0,0.007251,0.016667,,,,,,,,,,,,,0.000037,0.000018,,,,,,,,0.00001,0.000007,,0.000006,0.000006,0.000004,,,,0.000004,,,,,,,,,,,,,,,0.000008,,,,,,0.0,,,,,,,,,,,,,,,0.0,,,,,,,,,,,,,,,,,,,,,,,,,,,,,,,,,,,,,,,,,,,,,,,,,,,,,,,,,
0.00669,0.0,0.0,0.000004,0.000077,0.0,0.006687,0.016667,,,,,,,,,,,,,0.0,0.000004,,,,,,,,0.000027,0.000013,,0.000013,0.000015,0.000004,,,,0.000007,,,,,,,,,,,,,,,0.000015,,,,,,0.0,,,,,,,,,,,,,,,0.0,,,,,,,,,,,,,,,,,,,,,,,,,,,,,,,,,,,,,,,,,,,,,,,,,,,,,,,,,
0.014203,0.000002,0.000088,0.000186,0.000087,0.000143,0.014058,0.016667,0.0,0.0,0.0,0.0,0.0,0.000002,0.000002,0.000001,0.000055,0.000027,0.000001,0.000002,0.000153,0.000033,,,,,0.000015,,,0.000024,0.000013,,0.000013,0.000013,0.000005,,,,0.000007,,,,,,,,,,,,,,,0.000012,,,,,,0.0,,,,,,,,,,,,,,,0.000001,,,,,,,,,,,,,,,,,,,,,,,,,,,,,,,,,,,,,,,,,,,,,,,,,,,,,,,,,
0.002835,0.0,0.0,0.000002,0.000095,0.0,0.002832,0.016667,,,,,,,,,,,,,0.0,0.000002,,,,,,,,0.000028,0.000018,,0.000014,0.000016,0.000007,,,,0.000008,,,,,,,,,,,,,,,0.00002,,,,,,0.0,,,,,,,,,,,,,,,0.000001,,,,,,,,,,,,,,,,,,,,,,,,,,,,,,,,,,,,,,,,,,,,,,,,,,,,,,,,,
0.003485,0.000001,0.00006,0.000003,0.000089,0.000133,0.003349,0.016667,0.0,0.0,0.0,0.0,0.0,0.000001,0.000002,0.000001,0.000041,0.000015,0.0,0.000001,0.0,0.000003,,,,,0.00001,,,0.000021,0.000021,,0.000011,0.000014,0.000006,,,,0.000006,,,,,,,,,,,,,,,0.000013,,,,,,0.0,,,,,,,,,,,,,,,0.000001,,,,,,,,,,,,,,,,,,,,,,,,,,,,,,,,,,,,,,,,,,,,,,,,,,,,,,,,,
0.006917,0.0,0.0,0.000061,0.000055,0.0,0.006915,0.016667,,,,,,,,,,,,,0.000036,0.000025,,,,,,,,0.000014,0.000011,,0.000008,0.000009,0.000005,,,,0.000005,,,,,,,,,,,,,,,0.000012,,,,,,0.0,,,,,,,,,,,,,,,0.0,,,,,,,,,,,,,,,,,,,,,,,,,,,,,,,,,,,,,,,,,,,,,,,,,,,,,,,,,
0.007057,0.0,0.0,0.00007,0.000097,0.0,0.007054,0.016667,,,,,,,,,,,,,0.000058,0.000012,,,,,,,,0.000029,0.000018,,0.000015,0.000016,0.000007,,,,0.000009,,,,,,,,,,,,,,,0.00002,,,,,,0.0,,,,,,,,,,,,,,,0.000001,,,,,,,,,,,,,,,,,,,,,,,,,,,,,,,,,,,,,,,,,,,,,,,,,,,,,,,,,
0.014325,0.000003,0.000074,0.000048,0.000162,0.000173,0.014148,0.016667,0.0,0.0,0.0,0.0,0.0,0.000003,0.000001,0.000001,0.000047,0.000022,0.000001,0.000002,0.000024,0.000024,,,,,0.000021,,,0.000025,0.000018,,0.000013,0.000015,0.000006,,,,0.00001,,,,,,,,,,,,,,,0.000069,,,,,,0.0,,,,,,,,,,,,,,,0.000001,,,,,,,,,,,,,,,,,,,,,,,,,,,,,,,,,,,,,,,,,,,,,,,,,,,,,,,,,
0.00136,0.0,0.0,0.000001,0.00007,0.0,0.001359,0.016667,,,,,,,,,,,,,0.0,0.000001,,,,,,,,0.000022,0.000011,,0.000011,0.000012,0.000005,,,,0.000006,,,,,,,,,,,,,,,0.000015,,,,,,0.0,,,,,,,,,,,,,,,0.000001,,,,,,,,,,,,,,,,,,,,,,,,,,,,,,,,,,,,,,,,,,,,,,,,,,,,,,,,,
0.004563,0.000002,0.000061,0.000113,0.000076,0.000181,0.00438,0.016667,0.0,0.0,0.0,0.0,0.0,0.000002,0.000001,0.000002,0.000032,0.000024,0.000001,0.000001,0.000102,0.000011,,,,,0.000012,,,0.000019,0.000014,,0.00001,0.000011,0.000005,,,,0.000006,,,,,,,,,,,,,,,0.000012,,,,,,0.0,,,,,,,,,,,,,,,0.0,,,,,,,,,,,,,,,,,,,,,,,,,,,,,,,,,,,,,,,,,,,,,,,,,,,,,,,,,
0.006895,0.0,0.0,0.000026,0.000069,0.0,0.006893,0.016667,,,,,,,,,,,,,0.000016,0.00001,,,,,,,,0.000021,0.000013,,0.00001,0.000011,0.000005,,,,0.000007,,,,,,,,,,,,,,,0.000013,,,,,,0.000001,,,,,,,,,,,,,,,0.000001,,,,,,,,,,,,,,,,,,,,,,,,,,,,,,,,,,,,,,,,,,,,,,,,,,,,,,,,,
0.016395,0.0,0.0,0.000083,0.000084,0.0,0.016393,0.016667,,,,,,,,,,,,,0.000061,0.000022,,,,,,,,0.000025,0.000015,,0.000014,0.000014,0.000006,,,,0.000008,,,,,,,,,,,,,,,0.000017,,,,,,0.0,,,,,,,,,,,,,,,0.000001,,,,,,,,,,,,,,,,,,,,,,,,,,,,,,,,,,,,,,,,,,,,,,,,,,,,,,,,,
0.004854,0.000002,0.000108,0.00004,0.000115,0.000207,0.004644,0.016667,0.0,0.0,0.0,0.0,0.0,0.000002,0.000002,0.000001,0.000071,0.000031,0.000001,0.000002,0.000029,0.000011,,,,,0.000018,,,0.000028,0.000017,,0.00002,0.000017,0.000007,,,,0.000009,,,,,,,,,,,,,,,0.000016,,,,,,0.0,,,,,,,,,,,,,,,0.000001,,,,,,,,,,,,,,,,,,,,,,,,,,,,,,,,,,,,,,,,,,,,,,,,,,,,,,,,,
0.00066,0.0,0.0,0.0,0.000091,0.0,0.000658,0.016667,,,,,,,,,,,,,0.0,0.0,,,,,,,,0.000027,0.000018,,0.000014,0.000015,0.000007,,,,0.000009,,,,,,,,,,,,,,,0.000018,,,,,,0.0,,,,,,,,,,,,,,,0.000001,,,,,,,,,,,,,,,,,,,,,,,,,,,,,,,,,,,,,,,,,,,,,,,,,,,,,,,,,
0.005764,0.000002,0.000104,0.000006,0.000063,0.000167,0.005596,0.016667,0.0,0.0,0.0,0.0,0.0,0.000002,0.000002,0.000001,0.000049,0.000049,0.000001,0.000002,0.0,0.000006,,,,,0.000012,,,0.000013,0.000009,,0.000012,0.000008,0.000004,,,,0.000005,,,,,,,,,,,,,,,0.000009,,,,,,0.0,,,,,,,,,,,,,,,0.0,,,,,,,,,,,,,,,,,,,,,,,,,,,,,,,,,,,,,,,,,,,,,,,,,,,,,,,,,
0.006954,0.0,0.0,0.000071,0.000088,0.0,0.006952,0.016667,,,,,,,,,,,,,0.00006,0.000011,,,,,,,,0.000026,0.000016,,0.000013,0.000014,0.000007,,,,0.000008,,,,,,,,,,,,,,,0.000019,,,,,,0.0,,,,,,,,,,,,,,,0.000001,,,,,,,,,,,,,,,,,,,,,,,,,,,,,,,,,,,,,,,,,,,,,,,,,,,,,,,,,
0.014651,0.0,0.0,0.000044,0.000085,0.0,0.014649,0.016667,,,,,,,,,,,,,0.000019,0.000025,,,,,,,,0.000026,0.000016,,0.000013,0.000013,0.000006,,,,0.000008,,,,,,,,,,,,,,,0.000017,,,,,,0.000001,,,,,,,,,,,,,,,0.000001,,,,,,,,,,,,,,,,,,,,,,,,,,,,,,,,,,,,,,,,,,,,,,,,,,,,,,,,,
0.005386,0.000002,0.000088,0.000106,0.000111,0.000156,0.005228,0.016667,0.0,0.0,0.0,0.0,0.0,0.000002,0.000002,0.000001,0.000052,0.000031,0.000001,0.000001,0.000092,0.000014,,,,,0.000015,,,0.00003,0.000019,,0.000014,0.000018,0.000008,,,,0.000009,,,,,,,,,,,,,,,0.000016,,,,,,0.0,,,,,,,,,,,,,,,0.000001,,,,,,,,,,,,,,,,,,,,,,,,,,,,,,,,,,,,,,,,,,,,,,,,,,,,,,,,,
0.000545,0.0,0.0,0.000002,0.000077,0.0,0.000542,0.016667,,,,,,,,,,,,,0.0,0.000002,,,,,,,,0.000026,0.000013,,0.000012,0.000013,0.000005,,,,0.000007,,,,,,,,,,,,,,,0.000015,,,,,,0.0,,,,,,,,,,,,,,,0.000001,,,,,,,,,,,,,,,,,,,,,,,,,,,,,,,,,,,,,,,,,,,,,,,,,,,,,,,,,
0.006548,0.000002,0.000072,0.000018,0.000071,0.000139,0.006407,0.016667,0.0,0.0,0.0,0.0,0.0,0.000002,0.000002,0.000001,0.00004,0.000027,0.000001,0.000001,0.000004,0.000014,,,,,0.000011,,,0.000018,0.00001,,0.00001,0.00001,0.000006,,,,0.000006,,,,,,,,,,,,,,,0.000011,,,,,,0.0,,,,,,,,,,,,,,,0.0,,,,,,,,,,,,,,,,,,,,,,,,,,,,,,,,,,,,,,,,,,,,,,,,,,,,,,,,,
0.007248,0.0,0.0,0.000006,0.000083,0.0,0.007245,0.016667,,,,,,,,,,,,,0.0,0.000006,,,,,,,,0.000026,0.000015,,0.000013,0.000014,0.000006,,,,0.000008,,,,,,,,,,,,,,,0.000016,,,,,,0.000001,,,,,,,,,,,,,,,0.000001,,,,,,,,,,,,,,,,,,,,,,,,,,,,,,,,,,,,,,,,,,,,,,,,,,,,,,,,,
0.013996,0.0,0.0,0.00006,0.00008,0.0,0.013994,0.016667,,,,,,,,,,,,,0.000036,0.000024,,,,,,,,0.00002,0.000013,,0.000012,0.000013,0.000004,,,,0.000008,,,,0.000005,,,,,,,0.000003,,,,0.000016,,,,,,0.0,,,,,,,,,,,,,,,0.000001,,,,,,,,,,,,,,,,,,,,,,,,,,,,,,,,,,,,,,,,,,,,,,,,,,,,,,,,,
0.003507,0.000003,0.000077,0.000011,0.000212,0.000168,0.003336,0.016667,0.0,0.0,0.0,0.0,0.0,0.000003,0.000001,0.000001,0.00005,0.000024,0.0,0.000001,0.0,0.000011,,,,,0.000023,,,0.000047,0.000033,,0.000039,0.000035,0.00001,,,,0.000021,,,,,,,,,,,,,,,0.000042,,,,,,0.0,,,,,,,,,,,,,,,0.000002,,,,,,,,,,,,,,,,,,,,,,,,,,,,,,,,,,,,,,,,,,,,,,,,,,,,,,,,,
0.002823,0.0,0.0,0.000071,0.000082,0.0,0.002821,0.016667,,,,,,,,,,,,,0.000062,0.000009,,,,,,,,0.000023,0.000015,,0.000012,0.000013,0.000007,,,,0.000008,,,,,,,,,,,,,,,0.000018,,,,,,0.0,,,,,,,,,,,,,,,0.000001,,,,,,,,,,,,,,,,,,,,,,,,,,,,,,,,,,,,,,,,,,,,,,,,,,,,,,,,,
0.006766,0.000004,0.000061,0.000006,0.000107,0.000271,0.006493,0.016667,0.0,0.0,0.0,0.0,0.0,0.000004,0.000002,0.000001,0.000041,0.000014,0.000001,0.000002,0.0,0.000006,,,,,0.000018,,,0.000028,0.000015,,0.000013,0.000017,0.000008,,,,0.000009,,,,,,,,,,,,,,,0.000018,,,,,,0.0,,,,,,,,,,,,,,,0.000001,,,,,,,,,,,,,,,,,,,,,,,,,,,,,,,,,,,,,,,,,,,,,,,,,,,,,,,,,
0.006991,0.0,0.0,0.00003,0.000081,0.0,0.00699,0.016667,,,,,,,,,,,,,0.000017,0.000013,,,,,,,,0.000024,0.000015,,0.000012,0.000014,0.000006,,,,0.000008,,,,,,,,,,,,,,,0.000017,,,,,,0.0,,,,,,,,,,,,,,,0.0,,,,,,,,,,,,,,,,,,,,,,,,,,,,,,,,,,,,,,,,,,,,,,,,,,,,,,,,,
0.01407,0.0,0.0,0.000089,0.000076,0.0,0.014068,0.016667,,,,,,,,,,,,,0.000062,0.000027,,,,,,,,0.000024,0.000014,,0.000012,0.000014,0.000004,,,,0.000007,,,,,,,,,,,,,,,0.000015,,,,,,0.0,,,,,,,,,,,,,,,0.000001,,,,,,,,,,,,,,,,,,,,,,,,,,,,,,,,,,,,,,,,,,,,,,,,,,,,,,,,,
0.002882,0.000002,0.000109,0.000023,0.000092,0.000153,0.002725,0.016667,0.0,0.0,0.0,0.0,0.0,0.000002,0.000003,0.000001,0.000045,0.000057,0.000001,0.000002,0.000016,0.000007,,,,,0.000018,,,0.000023,0.000014,,0.000015,0.000014,0.000005,,,,0.000007,,,,,,,,,,,,,,,0.000013,,,,,,0.0,,,,,,,,,,,,,,,0.0,,,,,,,,,,,,,,,,,,,,,,,,,,,,,,,,,,,,,,,,,,,,,,,,,,,,,,,,,
0.003755,0.0,0.0,0.000007,0.000059,0.0,0.003753,0.016667,,,,,,,,,,,,,0.0,0.000007,,,,,,,,0.000015,0.000012,,0.000008,0.000009,0.000006,,,,0.000005,,,,,,,,,,,,,,,0.000013,,,,,,0.0,,,,,,,,,,,,,,,0.000001,,,,,,,,,,,,,,,,,,,,,,,,,,,,,,,,,,,,,,,,,,,,,,,,,,,,,,,,,
0.006864,0.000002,0.000063,0.000082,0.000069,0.000149,0.006714,0.016667,0.0,0.0,0.0,0.0,0.0,0.000002,0.000002,0.000001,0.000037,0.000021,0.000001,0.000001,0.00007,0.000012,,,,,0.000014,,,0.000016,0.00001,,0.000012,0.00001,0.000004,,,,0.000005,,,,,,,,,,,,,,,0.00001,,,,,,0.0,,,,,,,,,,,,,,,0.000001,,,,,,,,,,,,,,,,,,,,,,,,,,,,,,,,,,,,,,,,,,,,,,,,,,,,,,,,,
0.006808,0.0,0.0,0.000006,0.000087,0.0,0.006807,0.016667,,,,,,,,,,,,,0.0,0.000006,,,,,,,,0.000026,0.000016,,0.000012,0.000015,0.000007,,,,0.000008,,,,,,,,,,,,,,,0.000019,,,,,,0.0,,,,,,,,,,,,,,,0.0,,,,,,,,,,,,,,,,,,,,,,,,,,,,,,,,,,,,,,,,,,,,,,,,,,,,,,,,,
0.014302,0.0,0.0,0.00008,0.000081,0.0,0.0143,0.016667,,,,,,,,,,,,,0.000049,0.000031,,,,,,,,0.000027,0.000014,,0.000013,0.000015,0.000005,,,,0.000007,,,,,,,,,,,,,,,0.000016,,,,,,0.0,,,,,,,,,,,,,,,0.000001,,,,,,,,,,,,,,,,,,,,,,,,,,,,,,,,,,,,,,,,,,,,,,,,,,,,,,,,,
0.001319,0.000001,0.000069,0.0,0.000109,0.000172,0.001145,0.016667,0.0,0.0,0.0,0.0,0.0,0.000001,0.000003,0.000001,0.000042,0.000022,0.0,0.000001,0.0,0.0,,,,,0.000018,,,0.000029,0.000018,,0.000014,0.000017,0.000007,,,,0.000009,,,,,,,,,,,,,,,0.000018,,,,,,0.0,,,,,,,,,,,,,,,0.000001,,,,,,,,,,,,,,,,,,,,,,,,,,,,,,,,,,,,,,,,,,,,,,,,,,,,,,,,,
0.004973,0.0,0.0,0.000003,0.000038,0.0,0.004972,0.016667,,,,,,,,,,,,,0.0,0.000003,,,,,,,,0.00001,0.000007,,0.000005,0.000007,0.000003,,,,0.000004,,,,,,,,,,,,,,,0.000009,,,,,,0.0,,,,,,,,,,,,,,,0.0,,,,,,,,,,,,,,,,,,,,,,,,,,,,,,,,,,,,,,,,,,,,,,,,,,,,,,,,,
0.006998,0.000003,0.000085,0.000021,0.000089,0.000166,0.006829,0.016667,0.0,0.0,0.0,0.0,0.0,0.000003,0.000002,0.000001,0.000041,0.000038,0.000001,0.000002,0.000011,0.00001,,,,,0.000015,,,0.000023,0.000013,,0.000013,0.000014,0.000006,,,,0.000007,,,,,,,,,,,,,,,0.000014,,,,,,0.0,,,,,,,,,,,,,,,0.000001,,,,,,,,,,,,,,,,,,,,,,,,,,,,,,,,,,,,,,,,,,,,,,,,,,,,,,,,,
0.020838,0.0,0.0,0.000153,0.000147,0.0,0.020836,0.016667,,,,,,,,,,,,,0.000112,0.000041,,,,,,,,0.00008,0.000018,,0.000014,0.000017,0.000007,,,,0.000009,,,,,,,,,,,,,,,0.000019,,,,,,0.000001,,,,,,,,,,,,,,,0.000001,,,,,,,,,,,,,,,,,,,,,,,,,,,,,,,,,,,,,,,,,,,,,,,,,,,,,,,,,
0.001093,0.000003,0.000097,0.000001,0.000151,0.000188,0.000901,0.016667,0.0,0.0,0.0,0.0,0.0,0.000003,0.000002,0.000001,0.000056,0.000034,0.000001,0.000003,0.0,0.000001,,,,,0.00003,,,0.000028,0.000015,,0.000022,0.000019,0.000019,,,,0.000014,,,,,,,,,,,,,,,0.000024,,,,,,0.000001,,,,,,,,,,,,,,,0.000001,,,,,,,,,,,,,,,,,,,,,,,,,,,,,,,,,,,,,,,,,,,,,,,,,,,,,,,,,
0.000417,0.0,0.0,0.0,0.000051,0.0,0.000416,0.016667,,,,,,,,,,,,,0.0,0.0,,,,,,,,0.000013,0.000008,,0.000008,0.000008,0.000005,,,,0.000005,,,,,,,,,,,,,,,0.000013,,,,,,0.0,,,,,,,,,,,,,,,0.0,,,,,,,,,,,,,,,,,,,,,,,,,,,,,,,,,,,,,,,,,,,,,,,,,,,,,,,,,
0.011796,0.0,0.0,0.000176,0.000042,0.0,0.011795,0.016667,,,,,,,,,,,,,0.000149,0.000027,,,,,,,,0.00001,0.000007,,0.000007,0.000007,0.000004,,,,0.000003,,,,,,,,,,,,,,,0.00001,,,,,,0.0,,,,,,,,,,,,,,,0.000001,,,,,,,,,,,,,,,,,,,,,,,,,,,,,,,,,,,,,,,,,,,,,,,,,,,,,,,,,
0.014856,0.000004,0.000075,0.00004,0.000114,0.000208,0.014644,0.016667,0.0,0.0,0.0,0.0,0.0,0.000004,0.000003,0.000001,0.00005,0.000018,0.000001,0.000002,0.000019,0.000021,,,,,0.000021,,,0.000035,0.000017,,0.000013,0.000023,0.000007,,,,0.000008,,,,,,,,,,,,,,,0.000017,,,,,,0.0,,,,,,,,,,,,,,,0.0,,,,,,,,,,,,,,,,,,,,,,,,,,,,,,,,,,,,,,,,,,,,,,,,,,,,,,,,,
0.005094,0.0,0.0,0.000016,0.000116,0.0,0.005091,0.016667,,,,,,,,,,,,,0.000003,0.000013,,,,,,,,0.000043,0.000018,,0.000014,,0.000006,,,,0.000008,,,,0.000006,,,,,,,0.000004,,,,0.000018,,,,,,0.0,,,,,,,,,,,,,,,0.000001,,0.000013,,,,,,,,,,,,,,,,,,,,,,,,,,,,,,,,,,,,,,,,,,,,,,,,,,,,,,,
0.000758,0.000003,0.000088,0.000002,0.000086,0.000262,0.000495,0.016667,0.0,0.0,0.0,0.0,0.0,0.000003,0.000004,0.000001,0.000047,0.000034,0.0,0.000002,0.0,0.000002,,,,,0.000018,,,0.000019,0.000016,,0.00001,,0.000005,,,,0.000006,,,,,,,,,,,,,,,0.000013,,,,,,0.0,,,,,,,,,,,,,,,0.0,,,,,,,,,,,,,,,,,,,,,,,,,,,,,,,,,,,,,,,,,,,,,,,,,,,,,,,,,
0.006441,0.0,0.0,0.00001,0.000048,0.0,0.00644,0.016667,,,,,,,,,,,,,0.0,0.00001,,,,,,,,0.000013,0.000008,,0.000008,,0.000004,,,,0.000005,,,,,,,,,,,,,,,0.00001,,,,,,0.0,,,,,,,,,,,,,,,0.0,,,,,,,,,,,,,,,,,,,,,,,,,,,,,,,,,,,,,,,,,,,,,,,,,,,,,,,,,
0.007292,0.0,0.0,0.000104,0.000079,0.0,0.00729,0.016667,,,,,,,,,,,,,0.000089,0.000015,,,,,,,,0.000024,0.000014,,0.000012,,0.000005,,,,0.000007,,,,,,,,,,,,,,,0.000015,,,,,,0.000001,,,,,,,,,,,,,,,0.000001,,,,,,,,,,,,,,,,,,,,,,,,,,,,,,,,,,,,,,,,,,,,,,,,,,,,,,,,,
0.014164,0.000002,0.000083,0.000048,0.000111,0.000171,0.013991,0.016667,0.0,0.0,0.0,0.0,0.0,0.000002,0.000003,0.000002,0.000054,0.000022,0.0,0.000002,0.000017,0.000031,,,,,0.000017,,,0.000024,0.000017,,0.000019,,0.000007,,,,0.000009,,,,,,,,,,,,,,,0.000018,,,,,,0.0,,,,,,,,,,,,,,,0.000001,,,,,,,,,,,,,,,,,,,,,,,,,,,,,,,,,,,,,,,,,,,,,,,,,,,,,,,,,
0.004005,0.0,0.0,0.000065,0.000075,0.0,0.004002,0.016667,,,,,,,,,,,,,0.000061,0.000004,,,,,,,,0.000022,0.000014,,0.000011,,0.000005,,,,0.000007,,,,,,,,,,,,,,,0.000015,,,,,,0.0,,,,,,,,,,,,,,,0.000001,,,,,,,,,,,,,,,,,,,,,,,,,,,,,,,,,,,,,,,,,,,,,,,,,,,,,,,,,
0.002405,0.000002,0.00009,0.000002,0.000098,0.000188,0.002214,0.016667,0.0,0.0,0.0,0.0,0.0,0.000002,0.000002,0.000001,0.000043,0.000042,0.0,0.000002,0.0,0.000002,,,,,0.000019,,,0.000023,0.000014,,0.000013,,0.000007,,,,0.000008,,,,,,,,,,,,,,,0.000015,,,,,,0.0,,,,,,,,,,,,,,,0.000001,,,,,,,,,,,,,,,,,,,,,,,,,,,,,,,,,,,,,,,,,,,,,,,,,,,,,,,,,
0.00687,0.0,0.0,0.00004,0.000085,0.0,0.006868,0.016667,,,,,,,,,,,,,0.000025,0.000015,,,,,,,,0.000019,0.000017,,0.000013,,0.000006,,,,0.000008,,,,,,,,,,,,,,,0.000021,,,,,,0.0,,,,,,,,,,,,,,,0.000001,,,,,,,,,,,,,,,,,,,,,,,,,,,,,,,,,,,,,,,,,,,,,,,,,,,,,,,,,
0.006849,0.000002,0.000095,0.000033,0.000096,0.000304,0.006542,0.016667,0.0,0.0,0.0,0.0,0.0,0.000002,0.000003,0.000001,0.000072,0.000017,0.000001,0.000001,0.00002,0.000013,,,,,0.000017,,,0.000021,0.000015,,0.000013,,0.000006,,,,0.000008,,,,,,,,,,,,,,,0.000016,,,,,,0.0,,,,,,,,,,,,,,,0.000001,,,,,,,,,,,,,,,,,,,,,,,,,,,,,,,,,,,,,,,,,,,,,,,,,,,,,,,,,
0.016852,0.0,0.0,0.000096,0.000077,0.0,0.01685,0.016667,,,,,,,,,,,,,0.000061,0.000035,,,,,,,,0.000023,0.000014,,0.000012,,0.000005,,,,0.000007,,,,,,,,,,,,,,,0.000015,,,,,,0.0,,,,,,,,,,,,,,,0.000001,,,,,,,,,,,,,,,,,,,,,,,,,,,,,,,,,,,,,,,,,,,,,,,,,,,,,,,,,
0.000931,0.000003,0.000215,0.0,0.000113,0.000209,0.000719,0.016667,0.0,0.0,0.0,0.0,0.0,0.000003,0.000003,0.000001,0.00011,0.0001,0.0,0.000001,0.0,0.0,,,,,0.000022,,,0.000028,0.000017,,0.000015,,0.000006,,,,0.000008,,,,,,,,,,,,,,,0.000018,,,,,,0.0,,,,,,,,,,,,,,,0.000001,,,,,,,,,,,,,,,,,,,,,,,,,,,,,,,,,,,,,,,,,,,,,,,,,,,,,,,,,
0.002685,0.0,0.0,0.000025,0.000061,0.0,0.002684,0.016667,,,,,,,,,,,,,0.000016,0.000009,,,,,,,,0.000014,0.000012,,0.000009,,0.000006,,,,0.000006,,,,,,,,,,,,,,,0.000013,,,,,,0.0,,,,,,,,,,,,,,,0.000001,,,,,,,,,,,,,,,,,,,,,,,,,,,,,,,,,,,,,,,,,,,,,,,,,,,,,,,,,
0.007053,0.0,0.0,0.000007,0.000079,0.0,0.007051,0.016667,,,,,,,,,,,,,0.0,0.000007,,,,,,,,0.000021,0.000015,,0.000013,,0.000006,,,,0.000008,,,,,,,,,,,,,,,0.000016,,,,,,0.0,,,,,,,,,,,,,,,0.0,,,,,,,,,,,,,,,,,,,,,,,,,,,,,,,,,,,,,,,,,,,,,,,,,,,,,,,,,
0.007541,0.000006,0.000105,0.000068,0.00011,0.000191,0.007347,0.016667,0.0,0.0,0.0,0.0,0.0,0.000006,0.000003,0.000001,0.000074,0.000025,0.0,0.000002,0.000056,0.000012,,,,,0.00002,,,0.000026,0.000015,,0.000017,,0.000006,,,,0.000009,,,,,,,,,,,,,,,0.000017,,,,,,0.0,,,,,,,,,,,,,,,0.000001,,,,,,,,,,,,,,,,,,,,,,,,,,,,,,,,,,,,,,,,,,,,,,,,,,,,,,,,,
0.016227,0.0,0.0,0.000174,0.000084,0.0,0.016225,0.016667,,,,,,,,,,,,,0.000141,0.000033,,,,,,,,0.000023,0.000014,,0.000012,,0.000006,,,,0.000007,,,,,,,,,,,,,,,0.000021,,,,,,0.0,,,,,,,,,,,,,,,0.000001,,,,,,,,,,,,,,,,,,,,,,,,,,,,,,,,,,,,,,,,,,,,,,,,,,,,,,,,,
0.000714,0.000002,0.000082,0.0,0.000098,0.00017,0.00054,0.016667,0.0,0.0,0.0,0.0,0.0,0.000002,0.000003,0.000001,0.000051,0.000024,0.000001,0.000002,0.0,0.0,,,,,0.000021,,,0.000023,0.000019,,0.000012,,0.000005,,,,0.000006,,,,,,,,,,,,,,,0.000013,,,,,,0.0,,,,,,,,,,,,,,,0.000001,,,,,,,,,,,,,,,,,,,,,,,,,,,,,,,,,,,,,,,,,,,,,,,,,,,,,,,,,
0.0029,0.0,0.0,0.000001,0.000033,0.0,0.002899,0.016667,,,,,,,,,,,,,0.0,0.000001,,,,,,,,0.000008,0.000007,,0.000005,,0.000003,,,,0.000003,,,,,,,,,,,,,,,0.000007,,,,,,0.0,,,,,,,,,,,,,,,0.0,,,,,,,,,,,,,,,,,,,,,,,,,,,,,,,,,,,,,,,,,,,,,,,,,,,,,,,,,
0.006714,0.000005,0.00007,0.000118,0.000085,0.000271,0.006441,0.016667,0.0,0.0,0.0,0.0,0.0,0.000005,0.000002,0.000002,0.000044,0.000019,0.000001,0.000002,0.000104,0.000014,,,,,0.000015,,,0.000019,0.000014,,0.00001,,0.000005,,,,0.000009,,,,,,,,,,,,,,,0.000014,,,,,,0.0,,,,,,,,,,,,,,,0.000001,,,,,,,,,,,,,,,,,,,,,,,,,,,,,,,,,,,,,,,,,,,,,,,,,,,,,,,,,
0.006961,0.0,0.0,0.000078,0.000059,0.0,0.006959,0.016667,,,,,,,,,,,,,0.000062,0.000016,,,,,,,,0.000017,0.000011,,0.000009,,0.000004,,,,0.000005,,,,,,,,,,,,,,,0.000012,,,,,,0.0,,,,,,,,,,,,,,,0.000001,,,,,,,,,,,,,,,,,,,,,,,,,,,,,,,,,,,,,,,,,,,,,,,,,,,,,,,,,
0.014841,0.0,0.0,0.000046,0.000099,0.0,0.014839,0.016667,,,,,,,,,,,,,0.000022,0.000024,,,,,,,,0.000027,0.000018,,0.000014,,0.000007,,,,0.00001,,,,,,,,,,,,,,,0.000022,,,,,,0.0,,,,,,,,,,,,,,,0.000001,,,,,,,,,,,,,,,,,,,,,,,,,,,,,,,,,,,,,,,,,,,,,,,,,,,,,,,,,
0.000815,0.000006,0.000094,0.000002,0.000088,0.000167,0.000645,0.016667,0.0,0.0,0.0,0.0,0.0,0.000006,0.000003,0.000001,0.000042,0.000046,0.0,0.000002,0.0,0.000002,,,,,0.000018,,,0.000022,0.000013,,0.000012,,0.000005,,,,0.000006,,,,,,,,,,,,,,,0.000013,,,,,,0.0,,,,,,,,,,,,,,,0.0,,,,,,,,,,,,,,,,,,,,,,,,,,,,,,,,,,,,,,,,,,,,,,,,,,,,,,,,,
0.004806,0.0,0.0,0.000066,0.000054,0.0,0.004805,0.016667,,,,,,,,,,,,,0.000057,0.000009,,,,,,,,0.000012,0.000011,,0.000007,,0.000005,,,,0.000005,,,,,,,,,,,,,,,0.000012,,,,,,0.000001,,,,,,,,,,,,,,,0.000001,,,,,,,,,,,,,,,,,,,,,,,,,,,,,,,,,,,,,,,,,,,,,,,,,,,,,,,,,
0.007068,0.000002,0.000069,0.000006,0.00008,0.000186,0.006881,0.016667,0.0,0.0,0.0,0.0,0.0,0.000002,0.000003,0.000001,0.00004,0.000023,0.0,0.000002,0.0,0.000006,,,,,0.000013,,,0.000018,0.000012,,0.000011,,0.000006,,,,0.000006,,,,,,,,,,,,,,,0.000014,,,,,,0.000001,,,,,,,,,,,,,,,0.0,,,,,,,,,,,,,,,,,,,,,,,,,,,,,,,,,,,,,,,,,,,,,,,,,,,,,,,,,
0.019373,0.0,0.0,0.000072,0.000226,0.0,0.019365,0.016667,,,,,,,,,,,,,0.000021,0.000051,,,,,,,,0.000067,0.000041,,0.000038,,0.000012,,,,0.00002,,,,,,,,,,,,,,,0.000046,,,,,,0.0,,,,,,,,,,,,,,,0.000002,,,,,,,,,,,,,,,,,,,,,,,,,,,,,,,,,,,,,,,,,,,,,,,,,,,,,,,,,
0.001024,0.000002,0.000114,0.000002,0.000108,0.000191,0.000832,0.016667,0.0,0.0,0.0,0.0,0.0,0.000002,0.000002,0.000001,0.000069,0.000041,0.0,0.000001,0.0,0.000002,,,,,0.000016,,,0.000025,0.000014,,0.000014,,0.000007,,,,0.000008,,,,0.000003,,,,,,,0.000003,,,,0.000017,,,,,,0.000001,,,,,,,,,,,,,,,0.000001,,,,,,,,,,,,,,,,,,,,,,,,,,,,,,,,,,,,,,,,,,,,,,,,,,,,,,,,,
0.000526,0.0,0.0,0.0,0.000076,0.0,0.000524,0.016667,,,,,,,,,,,,,0.0,0.0,,,,,,,,0.000019,0.000014,,0.000012,,0.000007,,,,0.000008,,,,,,,,,,,,,,,0.000015,,,,,,0.0,,,,,,,,,,,,,,,0.000001,,,,,,,,,,,,,,,,,,,,,,,,,,,,,,,,,,,,,,,,,,,,,,,,,,,,,,,,,
0.006273,0.0,0.0,0.000072,0.000037,0.0,0.006273,0.016667,,,,,,,,,,,,,0.000061,0.000011,,,,,,,,0.000009,0.000007,,0.000005,,0.000003,,,,0.000004,,,,,,,,,,,,,,,0.000009,,,,,,0.0,,,,,,,,,,,,,,,0.0,,,,,,,,,,,,,,,,,,,,,,,,,,,,,,,,,,,,,,,,,,,,,,,,,,,,,,,,,
0.006827,0.000003,0.000114,0.00004,0.000121,0.000183,0.006642,0.016667,0.0,0.0,0.0,0.0,0.0,0.000003,0.000002,0.000001,0.000071,0.000038,0.0,0.000002,0.000022,0.000018,,,,,0.000019,,,0.000026,0.000016,,0.000016,,0.000007,,,,0.000008,,,,,,,,,,,,,,,0.000017,,,,,,0.000001,,,,,,,,,,,,,,,0.000001,,0.000011,,,,,,,,,,,,,,,,,,,,,,,,,,,,,,,,,,,,,,,,,,,,,,,,,,,,,,,
0.018864,0.0,0.0,0.00012,0.000104,0.0,0.018862,0.016667,,,,,,,,,,,,,0.000081,0.000039,,,,,,,,0.00003,0.00002,,0.000015,0.000017,0.000007,,,,0.000014,,,,,,,,,,,,,,,0.000019,,,,,,0.0,,,,,,,,,,,,,,,0.000001,,,,,,,,,,,,,,,,,,,,,,,,,,,,,,,,,,,,,,,,,,,,,,,,,,,,,,,,,
0.000961,0.000003,0.000087,0.0,0.000127,0.000193,0.000765,0.016667,0.0,0.0,0.0,0.0,0.0,0.000003,0.000003,0.000001,0.000055,0.000026,0.0,0.000002,0.0,0.0,,,,,0.000022,,,0.000033,0.000018,,0.00002,0.00002,0.000007,,,,0.00001,,,,,,,,,,,,,,,0.000018,,,,,,0.000001,,,,,,,,,,,,,,,0.000001,,,,,,,,,,,,,,,,,,,,,,,,,,,,,,,,,,,,,,,,,,,,,,,,,,,,,,,,,
0.000548,0.0,0.0,0.000001,0.00008,0.0,0.000547,0.016667,,,,,,,,,,,,,0.0,0.000001,,,,,,,,0.000022,0.000015,,0.000013,0.000014,0.000007,,,,0.000007,,,,,,,,,,,,,,,0.000016,,,,,,0.0,,,,,,,,,,,,,,,0.000001,,,,,,,,,,,,,,,,,,,,,,,,,,,,,,,,,,,,,,,,,,,,,,,,,,,,,,,,,
0.00786,0.000001,0.000083,0.000073,0.000077,0.000123,0.007736,0.016667,0.0,0.0,0.0,0.0,0.0,0.000001,0.000003,0.000002,0.000046,0.000031,0.0,0.000001,0.000046,0.000027,,,,,0.000009,,,0.000018,0.000012,,0.000014,0.000011,0.000006,,,,0.000006,,,,,,,,,,,,,,,0.000014,,,,,,0.0,,,,,,,,,,,,,,,0.000001,,,,,,,,,,,,,,,,,,,,,,,,,,,,,,,,,,,,,,,,,,,,,,,,,,,,,,,,,
0.006068,0.0,0.0,0.000005,0.000083,0.0,0.006066,0.016667,,,,,,,,,,,,,0.0,0.000005,,,,,,,,0.000026,0.000014,,0.000015,0.000015,0.000005,,,,0.000007,,,,,,,,,,,,,,,0.000016,,,,,,0.0,,,,,,,,,,,,,,,0.000001,,,,,,,,,,,,,,,,,,,,,,,,,,,,,,,,,,,,,,,,,,,,,,,,,,,,,,,,,
0.016959,0.0,0.0,0.000188,0.000079,0.0,0.016957,0.016667,,,,,,,,,,,,,0.000153,0.000035,,,,,,,,0.000027,0.000013,,0.000012,0.000015,0.000005,,,,0.000007,,,,,,,,,,,,,,,0.000015,,,,,,0.0,,,,,,,,,,,,,,,0.000001,,,,,,,,,,,,,,,,,,,,,,,,,,,,,,,,,,,,,,,,,,,,,,,,,,,,,,,,,
0.0009,0.000002,0.00008,0.0,0.000114,0.000235,0.000662,0.016667,0.0,0.0,0.0,0.0,0.0,0.000002,0.000002,0.000001,0.000042,0.000032,0.000001,0.000002,0.0,0.0,,,,,0.000022,,,0.000031,0.000017,,0.000014,0.000021,0.000007,,,,0.000009,,,,,,,,,,,,,,,0.000017,,,,,,0.0,,,,,,,,,,,,,,,0.000001,,,,,,,,,,,,,,,,,,,,,,,,,,,,,,,,,,,,,,,,,,,,,,,,,,,,,,,,,
0.002674,0.0,0.0,0.000004,0.000033,0.0,0.002673,0.016667,,,,,,,,,,,,,0.0,0.000004,,,,,,,,0.000008,0.000006,,0.000005,0.000005,0.000003,,,,0.000003,,,,,,,,,,,,,,,0.000006,,,,,,0.000001,,,,,,,,,,,,,,,0.000001,,,,,,,,,,,,,,,,,,,,,,,,,,,,,,,,,,,,,,,,,,,,,,,,,,,,,,,,,
0.007081,0.000002,0.000111,0.000086,0.000066,0.000141,0.006939,0.016667,0.0,0.0,0.0,0.0,0.0,0.000002,0.000003,0.000001,0.000047,0.000058,0.0,0.000002,0.000072,0.000014,,,,,0.000014,,,0.000016,0.000011,,0.000008,0.000009,0.000004,,,,0.000005,,,,,,,,,,,,,,,0.00001,,,,,,0.0,,,,,,,,,,,,,,,0.0,,,,,,,,,,,,,,,,,,,,,,,,,,,,,,,,,,,,,,,,,,,,,,,,,,,,,,,,,
0.006894,0.0,0.0,0.000028,0.000093,0.0,0.006891,0.016667,,,,,,,,,,,,,0.000019,0.000009,,,,,,,,0.00003,0.000017,,0.000014,0.000016,0.000006,,,,0.000008,,,,,,,,,,,,,,,0.000019,,,,,,0.000001,,,,,,,,,,,,,,,0.000001,,,,,,,,,,,,,,,,,,,,,,,,,,,,,,,,,,,,,,,,,,,,,,,,,,,,,,,,,
0.009668,0.000002,0.000055,0.00008,0.000096,0.000151,0.009515,0.016667,0.0,0.0,0.0,0.0,0.0,0.000002,0.000002,0.000001,0.000041,0.00001,0.0,0.000001,0.00005,0.00003,,,,,0.000018,,,0.000028,0.000013,,0.000012,0.000016,0.000005,,,,0.000008,,,,,,,,,,,,,,,0.000014,,,,,,0.0,,,,,,,,,,,,,,,0.000001,,,,,,,,,,,,,,,,,,,,,,,,,,,,,,,,,,,,,,,,,,,,,,,,,,,,,,,,,
0.006217,0.0,0.0,0.000006,0.000097,0.0,0.006215,0.016667,,,,,,,,,,,,,0.0,0.000006,,,,,,,,0.00003,0.000018,,0.000014,0.000017,0.000007,,,,0.000008,,,,,,,,,,,,,,,0.00002,,,,,,0.000001,,,,,,,,,,,,,,,0.000001,,,,,,,,,,,,,,,,,,,,,,,,,,,,,,,,,,,,,,,,,,,,,,,,,,,,,,,,,
0.004695,0.0,0.0,0.000029,0.000076,0.0,0.004693,0.016667,,,,,,,,,,,,,0.000021,0.000008,,,,,,,,0.000027,0.000011,,0.000012,0.000014,0.000005,,,,0.000007,,,,,,,,,,,,,,,0.000015,,,,,,0.0,,,,,,,,,,,,,,,0.0,,,,,,,,,,,,,,,,,,,,,,,,,,,,,,,,,,,,,,,,,,,,,,,,,,,,,,,,,
0.006761,0.000003,0.000057,0.000113,0.000117,0.00017,0.006589,0.016667,0.0,0.0,0.0,0.0,0.0,0.000003,0.000003,0.000001,0.000038,0.000012,0.000001,0.000002,0.000102,0.000011,,,,,0.000021,,,0.000031,0.000016,,0.000018,0.000018,0.000006,,,,0.000009,,,,,,,,,,,,,,,0.000019,,,,,,0.0,,,,,,,,,,,,,,,0.000001,,,,,,,,,,,,,,,,,,,,,,,,,,,,,,,,,,,,,,,,,,,,,,,,,,,,,,,,,
0.016885,0.0,0.0,0.000097,0.000076,0.0,0.016883,0.016667,,,,,,,,,,,,,0.000061,0.000036,,,,,,,,0.000023,0.000014,,0.000011,0.000013,0.000006,,,,0.000008,,,,,,,,,,,,,,,0.000015,,,,,,0.0,,,,,,,,,,,,,,,0.000001,,0.000001,,,,,,,,,,,,,,,,,,,,,,,,,,,,,,,,,,,,,,,,,,,,,,,,,,,,,,,
0.004923,0.000004,0.000071,0.000035,0.000096,0.000188,0.004733,0.016667,0.0,0.0,0.0,0.0,0.0,0.000004,0.000003,0.000001,0.000045,0.00002,0.0,0.000002,0.000024,0.000011,,,,,0.000021,,,0.000025,0.000016,,0.000012,0.000015,0.000004,,,,0.000007,,,,,,,,,,,,,,,0.000014,,,,,,0.0,,,,,,,,,,,,,,,0.000001,,,,,,,,,,,,,,,,,,,,,,,,,,,,,,,,,,,,,,,,,,,,,,,,,,,,,,,,,
0.000662,0.0,0.0,0.000001,0.000089,0.0,0.00066,0.016667,,,,,,,,,,,,,0.0,0.000001,,,,,,,,0.000026,0.000016,,0.000014,0.000015,0.000007,,,,0.000008,,,,,,,,,,,,,,,0.000018,,,,,,0.000001,,,,,,,,,,,,,,,0.000001,,,,,,,,,,,,,,,,,,,,,,,,,,,,,,,,,,,,,,,,,,,,,,,,,,,,,,,,,
0.01208,0.000001,0.000082,0.000104,0.000062,0.00011,0.01197,0.016667,0.0,0.0,0.0,0.0,0.0,0.000001,0.000003,0.000001,0.000046,0.000031,0.0,0.000001,0.000089,0.000015,,,,,0.000011,,,0.000014,0.000008,,0.000009,0.000009,0.000004,,,,0.000009,,,,,,,,,,,,,,,0.000009,,,,,,0.0,,,,,,,,,,,,,,,0.0,,,,,,,,,,,,,,,,,,,,,,,,,,,,,,,,,,,,,,,,,,,,,,,,,,,,,,,,,
0.020369,0.0,0.0,0.000069,0.000074,0.0,0.020368,0.016667,,,,,,,,,,,,,0.000025,0.000044,,,,,,,,0.000025,0.000013,,0.00001,0.000014,0.000004,,,,0.000007,,,,,,,,,,,,,,,0.000015,,,,,,0.000001,,,,,,,,,,,,,,,0.0,,,,,,,,,,,,,,,,,,,,,,,,,,,,,,,,,,,,,,,,,,,,,,,,,,,,,,,,,
0.000783,0.000002,0.000054,0.000002,0.000088,0.000141,0.00064,0.016667,0.0,0.0,0.0,0.0,0.0,0.000002,0.000002,0.000001,0.000032,0.000017,0.000001,0.000001,0.0,0.000002,,,,,0.000018,,,0.000026,0.000013,,0.000012,0.000015,0.000004,,,,0.000006,,,,,,,,,,,,,,,0.000012,,,,,,0.0,,,,,,,,,,,,,,,0.000001,,,,,,,,,,,,,,,,,,,,,,,,,,,,,,,,,,,,,,,,,,,,,,,,,,,,,,,,,
0.000378,0.0,0.0,0.0,0.000043,0.0,0.000377,0.016667,,,,,,,,,,,,,0.0,0.0,,,,,,,,0.000012,0.000008,,0.000007,0.000008,0.000004,,,,0.000004,,,,,,,,,,,,,,,0.000008,,,,,,0.0,,,,,,,,,,,,,,,0.0,,,,,,,,,,,,,,,,,,,,,,,,,,,,,,,,,,,,,,,,,,,,,,,,,,,,,,,,,
0.012882,0.0,0.0,0.00007,0.000031,0.0,0.012881,0.016667,,,,,,,,,,,,,0.000058,0.000012,,,,,,,,0.000007,0.000007,,0.000005,0.000005,0.000003,,,,0.000003,,,,,,,,,,,,,,,0.000006,,,,,,0.0,,,,,,,,,,,,,,,0.0,,,,,,,,,,,,,,,,,,,,,,,,,,,,,,,,,,,,,,,,,,,,,,,,,,,,,,,,,
0.018883,0.000002,0.000047,0.000142,0.000261,0.000454,0.018427,0.016667,0.0,0.0,0.0,0.0,0.0,0.000002,0.000004,0.000001,0.000034,0.000006,0.000001,0.000001,0.000105,0.000037,,,,,0.000049,,,0.000065,0.00004,,0.000035,0.000046,0.000012,,,,0.000024,,,,,,,,,,,,,,,0.000039,,,,,,0.0,,,,,,,,,,,,,,,0.000003,,,,,,,,,,,,,,,,,,,,,,,,,,,,,,,,,,,,,,,,,,,,,,,,,,,,,,,,,
0.000948,0.000003,0.000141,0.0,0.000122,0.000235,0.000711,0.016667,0.0,0.0,0.0,0.0,0.0,0.000003,0.000007,0.000004,0.000109,0.000018,0.000001,0.000002,0.0,0.0,,,,,0.000021,,,0.000031,0.000019,,0.000017,0.000018,0.000008,,,,0.000011,,,,,,,,,,,,,,,0.000019,,,,,,0.0,,,,,,,,,,,,,,,0.000001,,,,,,,,,,,,,,,,,,,,,,,,,,,,,,,,,,,,,,,,,,,,,,,,,,,,,,,,,
0.000599,0.0,0.0,0.0,0.000081,0.0,0.000597,0.016667,,,,,,,,,,,,,0.0,0.0,,,,,,,,0.000022,0.000014,,0.000013,0.000014,0.000007,,,,0.000008,,,,,,,,,,,,,,,0.000018,,,,,,0.0,,,,,,,,,,,,,,,0.000001,,,,,,,,,,,,,,,,,,,,,,,,,,,,,,,,,,,,,,,,,,,,,,,,,,,,,,,,,
0.007011,0.000002,0.000132,0.000026,0.000065,0.0001,0.00691,0.016667,0.0,0.0,0.0,0.0,0.0,0.000002,0.000003,0.000001,0.000051,0.000075,0.000001,0.000001,0.000015,0.000011,,,,,0.00001,,,0.000018,0.000009,,0.000009,0.000011,0.000004,,,,0.000006,,,,,,,,,,,,,,,0.00001,,,,,,0.0,,,,,,,,,,,,,,,0.000001,,,,,,,,,,,,,,,,,,,,,,,,,,,,,,,,,,,,,,,,,,,,,,,,,,,,,,,,,
0.006915,0.0,0.0,0.000067,0.000059,0.0,0.006914,0.016667,,,,,,,,,,,,,0.000041,0.000026,,,,,,,,0.000013,0.000008,,0.000007,0.000007,0.000004,,,,0.000005,,,,,,,,,,,,,,,0.000023,,,,,,0.0,,,,,,,,,,,,,,,0.000001,,,,,,,,,,,,,,,,,,,,,,,,,,,,,,,,,,,,,,,,,,,,,,,,,,,,,,,,,
0.014325,0.000002,0.000057,0.00009,0.0001,0.000211,0.014112,0.016667,0.0,0.0,0.0,0.0,0.0,0.000002,0.000002,0.000001,0.000032,0.00002,0.0,0.000002,0.000056,0.000034,,,,,0.00002,,,0.000026,0.000013,,0.000013,0.000016,0.000006,,,,0.000008,,,,,,,,,,,,,,,0.000015,,,,,,0.0,,,,,,,,,,,,,,,0.000001,,,,,,,,,,,,,,,,,,,,,,,,,,,,,,,,,,,,,,,,,,,,,,,,,,,,,,,,,
0.002471,0.0,0.0,0.000028,0.000092,0.0,0.002468,0.016667,,,,,,,,,,,,,0.000019,0.000009,,,,,,,,0.000035,0.000014,,0.000011,,0.000005,,,,0.000006,,,,0.000004,,,,,,,0.000003,,,,0.000014,,,,,,0.000001,,,,,,,,,,,,,,,0.000001,,0.00001,,,,,,,,,,,,,,,,,,,,,,,,,,,,,,,,,,,,,,,,,,,,,,,,,,,,,,,
0.00374,0.000002,0.000113,0.000003,0.000109,0.000235,0.003502,0.016667,0.0,0.0,0.0,0.0,0.0,0.000002,0.000003,0.000001,0.000046,0.000061,0.0,0.000002,0.0,0.000003,,,,,0.000018,,,0.000021,0.000014,,0.000025,,0.000006,,,,0.000007,,,,,,,,,,,,,,,0.000016,,,,,,0.000001,,,,,,,,,,,,,,,0.000002,,,,,,,,,,,,,,,,,,,,,,,,,,,,,,,,,,,,,,,,,,,,,,,,,,,,,,,,,
0.00758,0.0,0.0,0.000098,0.000084,0.0,0.007578,0.016667,,,,,,,,,,,,,0.000086,0.000012,,,,,,,,0.000022,0.000016,,0.000013,,0.000007,,,,0.000008,,,,,,,,,,,,,,,0.000017,,,,,,0.0,,,,,,,,,,,,,,,0.000001,,,,,,,,,,,,,,,,,,,,,,,,,,,,,,,,,,,,,,,,,,,,,,,,,,,,,,,,,
0.006161,0.0,0.0,0.000005,0.000097,0.0,0.006158,0.016667,,,,,,,,,,,,,0.0,0.000005,,,,,,,,0.000033,0.000018,,0.000015,,0.000005,,,,0.000008,,,,,,,,,,,,,,,0.000016,,,,,,0.000001,,,,,,,,,,,,,,,0.000001,,,,,,,,,,,,,,,,,,,,,,,,,,,,,,,,,,,,,,,,,,,,,,,,,,,,,,,,,
0.015434,0.000003,0.000063,0.000121,0.0001,0.000193,0.015238,0.016667,0.0,0.0,0.0,0.0,0.0,0.000003,0.000003,0.000001,0.000036,0.000021,0.0,0.000002,0.000082,0.000039,,,,,0.000026,,,0.000024,0.000013,,0.000012,,0.000005,,,,0.000007,,,,,,,,,,,,,,,0.000014,,,,,,0.0,,,,,,,,,,,,,,,0.0,,,,,,,,,,,,,,,,,,,,,,,,,,,,,,,,,,,,,,,,,,,,,,,,,,,,,,,,,
0.000515,0.0,0.0,0.0,0.000075,0.0,0.000513,0.016667,,,,,,,,,,,,,0.0,0.0,,,,,,,,0.000022,0.000013,,0.000012,,0.000005,,,,0.000007,,,,,,,,,,,,,,,0.000015,,,,,,0.0,,,,,,,,,,,,,,,0.000001,,,,,,,,,,,,,,,,,,,,,,,,,,,,,,,,,,,,,,,,,,,,,,,,,,,,,,,,,
0.004513,0.000002,0.000078,0.000003,0.000075,0.000148,0.004365,0.016667,0.0,0.0,0.0,0.0,0.0,0.000002,0.000002,0.000001,0.000048,0.000026,0.0,0.000001,0.0,0.000003,,,,,0.000012,,,0.000015,0.000012,,0.00001,,0.000006,,,,0.000005,,,,,,,,,,,,,,,0.000014,,,,,,0.000001,,,,,,,,,,,,,,,0.000001,,,,,,,,,,,,,,,,,,,,,,,,,,,,,,,,,,,,,,,,,,,,,,,,,,,,,,,,,
0.006889,0.0,0.0,0.000045,0.000064,0.0,0.006888,0.016667,,,,,,,,,,,,,0.000025,0.00002,,,,,,,,0.000015,0.000012,,0.000009,,0.000006,,,,0.000006,,,,,,,,,,,,,,,0.000015,,,,,,0.0,,,,,,,,,,,,,,,0.000001,,,,,,,,,,,,,,,,,,,,,,,,,,,,,,,,,,,,,,,,,,,,,,,,,,,,,,,,,
0.007992,0.0,0.0,0.000115,0.000114,0.0,0.007989,0.016667,,,,,,,,,,,,,0.0001,0.000015,,,,,,,,0.00003,0.000021,,0.000016,,0.000009,,,,0.000012,,,,,,,,,,,,,,,0.000025,,,,,,0.0,,,,,,,,,,,,,,,0.000001,,,,,,,,,,,,,,,,,,,,,,,,,,,,,,,,,,,,,,,,,,,,,,,,,,,,,,,,,
0.013533,0.000002,0.000085,0.000086,0.000119,0.000191,0.01334,0.016667,0.0,0.0,0.0,0.0,0.0,0.000002,0.000002,0.000001,0.000041,0.000039,0.000001,0.000001,0.00005,0.000036,,,,,0.00003,,,0.000026,0.000018,,0.000014,,0.000006,,,,0.000009,,,,,,,,,,,,,,,0.000017,,,,,,0.0,,,,,,,,,,,,,,,0.000001,,,,,,,,,,,,,,,,,,,,,,,,,,,,,,,,,,,,,,,,,,,,,,,,,,,,,,,,,
0.000582,0.0,0.0,0.000002,0.000081,0.0,0.000581,0.016667,,,,,,,,,,,,,0.0,0.000002,,,,,,,,0.000024,0.000013,,0.000016,,0.000005,,,,0.000007,,,,,,,,,,,,,,,0.000015,,,,,,0.0,,,,,,,,,,,,,,,0.000001,,,,,,,,,,,,,,,,,,,,,,,,,,,,,,,,,,,,,,,,,,,,,,,,,,,,,,,,,
0.00611,0.000002,0.000088,0.000075,0.000086,0.000127,0.005981,0.016667,0.0,0.0,0.0,0.0,0.0,0.000002,0.000002,0.000001,0.000062,0.000022,0.0,0.000001,0.000064,0.000011,,,,,0.000012,,,0.000017,0.000019,,0.000012,,0.000006,,,,0.000006,,,,,,,,,,,,,,,0.000015,,,,,,0.0,,,,,,,,,,,,,,,0.0,,,,,,,,,,,,,,,,,,,,,,,,,,,,,,,,,,,,,,,,,,,,,,,,,,,,,,,,,
0.005953,0.0,0.0,0.000004,0.000092,0.0,0.005943,0.016667,,,,,,,,,,,,,0.0,0.000004,,,,,,,,0.000026,0.000014,,0.000015,,0.000006,,,,0.000009,,,,,,,,,,,,,,,0.00002,,,,,,0.000001,,,,,,,,,,,,,,,0.000001,,,,,,,,,,,,,,,,,,,,,,,,,,,,,,,,,,,,,,,,,,,,,,,,,,,,,,,,,
0.015134,0.000002,0.000065,0.000086,0.000084,0.00019,0.014942,0.016667,0.0,0.0,0.0,0.0,0.0,0.000002,0.000002,0.000001,0.000048,0.000013,0.0,0.000001,0.000051,0.000035,,,,,0.000017,,,0.000022,0.000011,,0.000012,,0.000004,,,,0.000007,,,,,,,,,,,,,,,0.000012,,,,,,0.0,,,,,,,,,,,,,,,0.0,,,,,,,,,,,,,,,,,,,,,,,,,,,,,,,,,,,,,,,,,,,,,,,,,,,,,,,,,
0.004262,0.0,0.0,0.000103,0.000092,0.0,0.00426,0.016667,,,,,,,,,,,,,0.000094,0.000009,,,,,,,,0.000026,0.000017,,0.000014,,0.000006,,,,0.000008,,,,,,,,,,,,,,,0.00002,,,,,,0.0,,,,,,,,,,,,,,,0.000001,,,,,,,,,,,,,,,,,,,,,,,,,,,,,,,,,,,,,,,,,,,,,,,,,,,,,,,,,
0.001082,0.0,0.0,0.000002,0.000077,0.0,0.001081,0.016667,,,,,,,,,,,,,0.0,0.000002,,,,,,,,0.000021,0.000015,,0.000011,,0.000006,,,,0.000007,,,,,,,,,,,,,,,0.000017,,,,,,0.0,,,,,,,,,,,,,,,0.0,,,,,,,,,,,,,,,,,,,,,,,,,,,,,,,,,,,,,,,,,,,,,,,,,,,,,,,,,
0.006892,0.000003,0.000051,0.000039,0.000113,0.000194,0.006697,0.016667,0.0,0.0,0.0,0.0,0.0,0.000003,0.000002,0.000001,0.000036,0.00001,0.000001,0.000001,0.000026,0.000013,,,,,0.000019,,,0.000024,0.000016,,0.000015,,0.000009,,,,0.000009,,,,,,,,,,,,,,,0.00002,,,,,,0.0,,,,,,,,,,,,,,,0.000002,,,,,,,,,,,,,,,,,,,,,,,,,,,,,,,,,,,,,,,,,,,,,,,,,,,,,,,,,
0.007066,0.0,0.0,0.000005,0.000095,0.0,0.007063,0.016667,,,,,,,,,,,,,0.0,0.000005,,,,,,,,0.000027,0.000018,,0.000015,,0.000007,,,,0.000008,,,,,,,,,,,,,,,0.000019,,,,,,0.0,,,,,,,,,,,,,,,0.000001,,,,,,,,,,,,,,,,,,,,,,,,,,,,,,,,,,,,,,,,,,,,,,,,,,,,,,,,,
0.01418,0.000002,0.0001,0.00023,0.000089,0.000162,0.014015,0.016667,0.0,0.0,0.0,0.0,0.0,0.000002,0.000003,0.000001,0.000052,0.000043,0.0,0.000001,0.0002,0.00003,,,,,0.000017,,,0.000021,0.000013,,0.000014,,0.000004,,,,0.000006,,,,,,,,,,,,,,,0.000013,,,,,,0.000001,,,,,,,,,,,,,,,0.000001,,,,,,,,,,,,,,,,,,,,,,,,,,,,,,,,,,,,,,,,,,,,,,,,,,,,,,,,,
0.00349,0.0,0.0,0.000002,0.000101,0.0,0.003487,0.016667,,,,,,,,,,,,,0.0,0.000002,,,,,,,,0.000027,0.000019,,0.000018,,0.000007,,,,0.000009,,,,,,,,,,,,,,,0.00002,,,,,,0.0,,,,,,,,,,,,,,,0.000001,,,,,,,,,,,,,,,,,,,,,,,,,,,,,,,,,,,,,,,,,,,,,,,,,,,,,,,,,
0.002625,0.0,0.0,0.000002,0.000074,0.0,0.002623,0.016667,,,,,,,,,,,,,0.0,0.000002,,,,,,,,0.000015,0.000012,,0.00001,,0.000006,,,,0.000008,,,,0.000004,,,,,,,0.000002,,,,0.000016,,,,,,0.0,,,,,,,,,,,,,,,0.000001,,,,,,,,,,,,,,,,,,,,,,,,,,,,,,,,,,,,,,,,,,,,,,,,,,,,,,,,,
0.0069,0.000003,0.000077,0.00003,0.000256,0.000424,0.006474,0.016667,0.0,0.0,0.0,0.0,0.0,0.000003,0.000002,0.000001,0.000041,0.00003,0.000001,0.000002,0.000017,0.000013,,,,,0.000052,,,0.000066,0.000036,,0.000036,,0.000013,,,,0.00002,,,,,,,,,,,,,,,0.000036,,,,,,0.0,,,,,,,,,,,,,,,0.000002,,,,,,,,,,,,,,,,,,,,,,,,,,,,,,,,,,,,,,,,,,,,,,,,,,,,,,,,,
0.006998,0.0,0.0,0.000063,0.000104,0.0,0.006996,0.016667,,,,,,,,,,,,,0.000049,0.000014,,,,,,,,0.000033,0.000016,,0.000017,,0.000006,,,,0.00001,,,,,,,,,,,,,,,0.000021,,,,,,0.0,,,,,,,,,,,,,,,0.000001,,,,,,,,,,,,,,,,,,,,,,,,,,,,,,,,,,,,,,,,,,,,,,,,,,,,,,,,,
0.013907,0.000002,0.000246,0.000083,0.000204,0.000137,0.013768,0.016667,0.0,0.0,0.0,0.0,0.0,0.000002,0.000004,0.000002,0.000101,0.000136,0.000001,0.000002,0.000061,0.000022,,,,,0.000018,,,0.000022,0.000079,,0.000012,,0.000006,,,,0.000009,,,,,,,,,,,,,,,0.000013,,,,,,0.0,,,,,,,,,,,,,,,0.000047,,,,,,,,,,,,,,,,,,,,,,,,,,,,,,,,,,,,,,,,,,,,,,,,,,,,,,,,,
0.003271,0.0,0.0,0.000009,0.000095,0.0,0.003268,0.016667,,,,,,,,,,,,,0.0,0.000009,,,,,,,,0.000027,0.000018,,0.000014,,0.000007,,,,0.000008,,,,,,,,,,,,,,,0.00002,,,,,,0.000001,,,,,,,,,,,,,,,0.0,,,,,,,,,,,,,,,,,,,,,,,,,,,,,,,,,,,,,,,,,,,,,,,,,,,,,,,,,
0.003202,0.000002,0.000052,0.000061,0.000121,0.000211,0.002988,0.016667,0.0,0.0,0.0,0.0,0.0,0.000002,0.000002,0.000001,0.000034,0.000012,0.000001,0.000002,0.000053,0.000008,,,,,0.000023,,,0.000029,0.000016,,0.000016,,0.000008,,,,0.00001,,,,,,,,,,,,,,,0.00002,,,,,,0.0,,,,,,,,,,,,,,,0.000001,,,,,,,,,,,,,,,,,,,,,,,,,,,,,,,,,,,,,,,,,,,,,,,,,,,,,,,,,
0.006824,0.0,0.0,0.000009,0.000062,0.0,0.006822,0.016667,,,,,,,,,,,,,0.0,0.000009,,,,,,,,0.000019,0.00001,,0.00001,,0.000004,,,,0.000006,,,,,,,,,,,,,,,0.000013,,,,,,0.0,,,,,,,,,,,,,,,0.0,,,,,,,,,,,,,,,,,,,,,,,,,,,,,,,,,,,,,,,,,,,,,,,,,,,,,,,,,
0.007301,0.0,0.0,0.00008,0.000101,0.0,0.007299,0.016667,,,,,,,,,,,,,0.000068,0.000012,,,,,,,,0.000033,0.000017,,0.000014,,0.000006,,,,0.000009,,,,,,,,,,,,,,,0.00002,,,,,,0.000001,,,,,,,,,,,,,,,0.000001,,,,,,,,,,,,,,,,,,,,,,,,,,,,,,,,,,,,,,,,,,,,,,,,,,,,,,,,,
0.014729,0.000003,0.000105,0.000162,0.000098,0.000208,0.014518,0.016667,0.0,0.0,0.0,0.0,0.0,0.000003,0.000003,0.000002,0.000055,0.000043,0.000001,0.000001,0.000133,0.000029,,,,,0.000021,,,0.00002,0.000013,,0.000011,,0.000005,,,,0.000007,,,,,,,,,,,,,,,0.000013,,,,,,0.0,,,,,,,,,,,,,,,0.000001,,0.000009,,,,,,,,,,,,,,,,,,,,,,,,,,,,,,,,,,,,,,,,,,,,,,,,,,,,,,,
0.000553,0.0,0.0,0.0,0.000075,0.0,0.000551,0.016667,,,,,,,,,,,,,0.0,0.0,,,,,,,,0.000026,0.000013,,0.000011,0.000015,0.000005,,,,0.000007,,,,,,,,,,,,,,,0.000014,,,,,,0.0,,,,,,,,,,,,,,,0.0,,,,,,,,,,,,,,,,,,,,,,,,,,,,,,,,,,,,,,,,,,,,,,,,,,,,,,,,,
0.00552,0.000001,0.000085,0.000008,0.000051,0.000118,0.005402,0.016667,0.0,0.0,0.0,0.0,0.0,0.000001,0.000003,0.000002,0.000039,0.00004,0.0,0.000001,0.0,0.000008,,,,,0.000011,,,0.000012,0.000007,,0.000005,0.000007,0.000004,,,,0.000004,,,,,,,,,,,,,,,0.00001,,,,,,0.0,,,,,,,,,,,,,,,0.0,,,,,,,,,,,,,,,,,,,,,,,,,,,,,,,,,,,,,,,,,,,,,,,,,,,,,,,,,
0.006553,0.0,0.0,0.000037,0.000081,0.0,0.006551,0.016667,,,,,,,,,,,,,0.000025,0.000012,,,,,,,,0.000024,0.000015,,0.000012,0.000013,0.000006,,,,0.000007,,,,,,,,,,,,,,,0.000018,,,,,,0.0,,,,,,,,,,,,,,,0.000001,,,,,,,,,,,,,,,,,,,,,,,,,,,,,,,,,,,,,,,,,,,,,,,,,,,,,,,,,
0.015655,0.0,0.0,0.000188,0.000073,0.0,0.015653,0.016667,,,,,,,,,,,,,0.000157,0.000031,,,,,,,,0.000023,0.000012,,0.000011,0.000013,0.000004,,,,0.000007,,,,,,,,,,,,,,,0.000015,,,,,,0.000001,,,,,,,,,,,,,,,0.000001,,,,,,,,,,,,,,,,,,,,,,,,,,,,,,,,,,,,,,,,,,,,,,,,,,,,,,,,,
0.004926,0.000003,0.000063,0.000002,0.000257,0.000616,0.004305,0.016667,0.0,0.0,0.0,0.0,0.0,0.000003,0.000003,0.000001,0.000038,0.000016,0.000001,0.000004,0.0,0.000002,,,,,0.00008,,,0.000047,0.000036,,0.000028,0.000029,0.000012,,,,0.00002,,,,,,,,,,,,,,,0.00004,,,,,,0.0,,,,,,,,,,,,,,,0.000002,,,,,,,,,,,,,,,,,,,,,,,,,,,,,,,,,,,,,,,,,,,,,,,,,,,,,,,,,
0.000605,0.0,0.0,0.000002,0.000083,0.0,0.000603,0.016667,,,,,,,,,,,,,0.0,0.000002,,,,,,,,0.000024,0.000015,,0.000013,0.000015,0.000006,,,,0.000008,,,,,,,,,,,,,,,0.000017,,,,,,0.0,,,,,,,,,,,,,,,0.000001,,,,,,,,,,,,,,,,,,,,,,,,,,,,,,,,,,,,,,,,,,,,,,,,,,,,,,,,,
0.00614,0.000001,0.000322,0.000026,0.000059,0.000187,0.005952,0.016667,0.0,0.0,0.0,0.0,0.0,0.000001,0.00001,0.000003,0.000207,0.000101,0.0,0.000001,0.000007,0.000019,,,,,0.000013,,,0.000012,0.000008,,0.000007,0.000008,0.000003,,,,0.000009,,,,,,,,,,,,,,,0.000008,,,,,,0.0,,,,,,,,,,,,,,,0.000001,,,,,,,,,,,,,,,,,,,,,,,,,,,,,,,,,,,,,,,,,,,,,,,,,,,,,,,,,
0.006762,0.0,0.0,0.000004,0.000057,0.0,0.006761,0.016667,,,,,,,,,,,,,0.0,0.000004,,,,,,,,0.000017,0.00001,,0.000009,0.00001,0.000004,,,,0.000006,,,,,,,,,,,,,,,0.000011,,,,,,0.0,,,,,,,,,,,,,,,0.000001,,,,,,,,,,,,,,,,,,,,,,,,,,,,,,,,,,,,,,,,,,,,,,,,,,,,,,,,,
0.015027,0.000002,0.000179,0.000118,0.000178,0.000237,0.014789,0.016667,0.0,0.0,0.0,0.0,0.0,0.000002,0.000003,0.000001,0.000041,0.000029,0.000001,0.000104,0.000085,0.000033,,,,,0.000017,,,0.000021,0.000044,,0.000071,0.000013,0.000005,,,,0.000008,,,,,,,,,,,,,,,0.000013,,,,,,0.0,,,,,,,,,,,,,,,0.000001,,,,,,,,,,,,,,,,,,,,,,,,,,,,,,,,,,,,,,,,,,,,,,,,,,,,,,,,,
0.003938,0.0,0.0,0.000002,0.000089,0.0,0.003935,0.016667,,,,,,,,,,,,,0.0,0.000002,,,,,,,,0.000031,0.000016,,0.000013,0.000017,0.000005,,,,0.000008,,,,,,,,,,,,,,,0.000017,,,,,,0.000001,,,,,,,,,,,,,,,0.0,,,,,,,,,,,,,,,,,,,,,,,,,,,,,,,,,,,,,,,,,,,,,,,,,,,,,,,,,
0.001447,0.0,0.0,0.0,0.000064,0.0,0.001446,0.016667,,,,,,,,,,,,,0.0,0.0,,,,,,,,0.000017,0.000009,,0.000009,0.00001,0.000005,,,,0.000005,,,,,,,,,,,,,,,0.000018,,,,,,0.000001,,,,,,,,,,,,,,,0.000001,,,,,,,,,,,,,,,,,,,,,,,,,,,,,,,,,,,,,,,,,,,,,,,,,,,,,,,,,
0.006931,0.000002,0.000187,0.00009,0.000123,0.000324,0.006605,0.016667,0.0,0.0,0.0,0.0,0.0,0.000002,0.000001,0.000002,0.000038,0.000015,0.0,0.000131,0.000074,0.000016,,,,,0.000061,,,0.00002,0.000012,,0.00001,0.000012,0.000004,,,,0.000008,,,,,,,,,,,,,,,0.000012,,,,,,0.0,,,,,,,,,,,,,,,0.0,,,,,,,,,,,,,,,,,,,,,,,,,,,,,,,,,,,,,,,,,,,,,,,,,,,,,,,,,
0.007066,0.0,0.0,0.000038,0.000085,0.0,0.007064,0.016667,,,,,,,,,,,,,0.000024,0.000014,,,,,,,,0.000025,0.000016,,0.000015,0.000014,0.000007,,,,0.000008,,,,,,,,,,,,,,,0.000016,,,,,,0.0,,,,,,,,,,,,,,,0.0,,,,,,,,,,,,,,,,,,,,,,,,,,,,,,,,,,,,,,,,,,,,,,,,,,,,,,,,,
0.014188,0.000002,0.000061,0.000117,0.000209,0.000212,0.013973,0.016667,0.0,0.0,0.0,0.0,0.0,0.000002,0.000002,0.000002,0.00004,0.000015,0.000001,0.000001,0.00009,0.000027,,,,,0.000032,,,0.000024,0.000078,,0.000012,0.000014,0.000005,,,,0.000008,,,,,,,,,,,,,,,0.000051,,,,,,0.0,,,,,,,,,,,,,,,0.000001,,,,,,,,,,,,,,,,,,,,,,,,,,,,,,,,,,,,,,,,,,,,,,,,,,,,,,,,,
0.004107,0.0,0.0,0.000035,0.000077,0.0,0.004105,0.016667,,,,,,,,,,,,,0.000024,0.000011,,,,,,,,0.000025,0.000015,,0.000011,0.000014,0.000005,,,,0.000006,,,,,,,,,,,,,,,0.000015,,,,,,0.000001,,,,,,,,,,,,,,,0.000001,,0.0,,,,,,,,,,,,,,,,,,,,,,,,,,,,,,,,,,,,,,,,,,,,,,,,,,,,,,,
0.002168,0.0,0.0,0.000003,0.000078,0.0,0.002166,0.016667,,,,,,,,,,,,,0.0,0.000003,,,,,,,,0.000023,0.000013,,0.000012,0.000013,0.000006,,,,0.000008,,,,,,,,,,,,,,,0.000017,,,,,,0.0,,,,,,,,,,,,,,,0.000001,,,,,,,,,,,,,,,,,,,,,,,,,,,,,,,,,,,,,,,,,,,,,,,,,,,,,,,,,
0.00694,0.000004,0.000073,0.000063,0.000155,0.000169,0.00677,0.016667,0.0,0.0,0.0,0.0,0.0,0.000004,0.000002,0.000001,0.000038,0.000031,0.0,0.000001,0.00004,0.000023,,,,,0.00003,,,0.000018,0.000016,,0.00001,0.000011,0.000062,,,,0.000006,,,,,,,,,,,,,,,0.000013,,,,,,0.0,,,,,,,,,,,,,,,0.000001,,,,,,,,,,,,,,,,,,,,,,,,,,,,,,,,,,,,,,,,,,,,,,,,,,,,,,,,,
0.007033,0.0,0.0,0.000005,0.000079,0.0,0.007031,0.016667,,,,,,,,,,,,,0.0,0.000005,,,,,,,,0.000028,0.000014,,0.000012,0.000015,0.000005,,,,0.000007,,,,,,,,,,,,,,,0.000015,,,,,,0.0,,,,,,,,,,,,,,,0.000001,,,,,,,,,,,,,,,,,,,,,,,,,,,,,,,,,,,,,,,,,,,,,,,,,,,,,,,,,
0.013994,0.000003,0.000079,0.000132,0.000112,0.000232,0.013758,0.016667,0.0,0.0,0.0,0.0,0.0,0.000003,0.000001,0.000002,0.000044,0.000031,0.0,0.000001,0.000087,0.000045,,,,,0.000036,,,0.000023,0.000014,,0.000011,0.000014,0.000005,,,,0.000008,,,,,,,,,,,,,,,0.000014,,,,,,0.000001,,,,,,,,,,,,,,,0.000001,,,,,,,,,,,,,,,,,,,,,,,,,,,,,,,,,,,,,,,,,,,,,,,,,,,,,,,,,
0.002348,0.0,0.0,0.0,0.000094,0.0,0.002345,0.016667,,,,,,,,,,,,,0.0,0.0,,,,,,,,0.00003,0.000017,,0.000014,0.000016,0.000007,,,,0.000008,,,,,,,,,,,,,,,0.00002,,,,,,0.0,,,,,,,,,,,,,,,0.000001,,,,,,,,,,,,,,,,,,,,,,,,,,,,,,,,,,,,,,,,,,,,,,,,,,,,,,,,,
0.004279,0.000002,0.000078,0.000003,0.000104,0.000188,0.00409,0.016667,0.0,0.0,0.0,0.0,0.0,0.000002,0.000002,0.000001,0.000033,0.00004,0.000001,0.000001,0.0,0.000003,,,,,0.000035,,,0.000026,0.000014,,0.00001,0.000017,0.000004,,,,0.000007,,,,,,,,,,,,,,,0.000009,,,,,,0.0,,,,,,,,,,,,,,,0.0,,,,,,,,,,,,,,,,,,,,,,,,,,,,,,,,,,,,,,,,,,,,,,,,,,,,,,,,,
0.006643,0.0,0.0,0.000148,0.000072,0.0,0.006642,0.016667,,,,,,,,,,,,,0.000126,0.000022,,,,,,,,0.000023,0.000012,,0.00001,0.000013,0.000005,,,,0.000006,,,,,,,,,,,,,,,0.000015,,,,,,0.000001,,,,,,,,,,,,,,,0.000001,,,,,,,,,,,,,,,,,,,,,,,,,,,,,,,,,,,,,,,,,,,,,,,,,,,,,,,,,
0.007087,0.0,0.0,0.000062,0.000068,0.0,0.007086,0.016667,,,,,,,,,,,,,0.000048,0.000014,,,,,,,,0.000022,0.000013,,0.00001,0.000012,0.000005,,,,0.000006,,,,,,,,,,,,,,,0.000014,,,,,,0.0,,,,,,,,,,,,,,,0.0,,,,,,,,,,,,,,,,,,,,,,,,,,,,,,,,,,,,,,,,,,,,,,,,,,,,,,,,,
0.015195,0.000002,0.00008,0.000115,0.000117,0.00019,0.015003,0.016667,0.0,0.0,0.0,0.0,0.0,0.000002,0.000002,0.000002,0.00005,0.000025,0.0,0.000001,0.000086,0.000029,,,,,0.000033,,,0.000026,0.000015,,0.000013,0.000015,0.000006,,,,0.000008,,,,,,,,,,,,,,,0.000017,,,,,,0.0,,,,,,,,,,,,,,,0.000001,,,,,,,,,,,,,,,,,,,,,,,,,,,,,,,,,,,,,,,,,,,,,,,,,,,,,,,,,
0.000633,0.0,0.0,0.000001,0.000093,0.0,0.000631,0.016667,,,,,,,,,,,,,0.0,0.000001,,,,,,,,0.000024,0.000015,,0.000018,0.000015,0.000006,,,,0.000009,,,,,,,,,,,,,,,0.000021,,,,,,0.000001,,,,,,,,,,,,,,,0.0,,,,,,,,,,,,,,,,,,,,,,,,,,,,,,,,,,,,,,,,,,,,,,,,,,,,,,,,,
0.00464,0.000002,0.000071,0.000032,0.000095,0.00015,0.004488,0.016667,0.0,0.0,0.0,0.0,0.0,0.000002,0.000001,0.000002,0.000041,0.000026,0.0,0.000001,0.000023,0.000009,,,,,0.000026,,,0.000018,0.000012,,0.000007,0.000011,0.000008,,,,0.000009,,,,,,,,,,,,,,,0.000015,,,,,,0.0,,,,,,,,,,,,,,,0.000001,,,,,,,,,,,,,,,,,,,,,,,,,,,,,,,,,,,,,,,,,,,,,,,,,,,,,,,,,
0.006871,0.0,0.0,0.000115,0.000057,0.0,0.006869,0.016667,,,,,,,,,,,,,0.000101,0.000014,,,,,,,,0.000017,0.00001,,0.000008,0.00001,0.000004,,,,0.000006,,,,,,,,,,,,,,,0.000012,,,,,,0.0,,,,,,,,,,,,,,,0.000001,,,,,,,,,,,,,,,,,,,,,,,,,,,,,,,,,,,,,,,,,,,,,,,,,,,,,,,,,
0.015579,0.0,0.0,0.000054,0.000065,0.0,0.015577,0.016667,,,,,,,,,,,,,0.000017,0.000037,,,,,,,,0.000024,0.00001,,0.000008,0.000014,0.000005,,,,0.000005,,,,,,,,,,,,,,,0.000013,,,,,,0.000001,,,,,,,,,,,,,,,0.0,,,,,,,,,,,,,,,,,,,,,,,,,,,,,,,,,,,,,,,,,,,,,,,,,,,,,,,,,
0.004959,0.000003,0.000066,0.000012,0.000144,0.000222,0.004735,0.016667,0.0,0.0,0.0,0.0,0.0,0.000003,0.000002,0.000001,0.000045,0.000015,0.000001,0.000002,0.000003,0.000009,,,,,0.000044,,,0.000031,0.000019,,0.000018,0.000018,0.000007,,,,0.000009,,,,,,,,,,,,,,,0.000017,,,,,,0.0,,,,,,,,,,,,,,,0.000001,,,,,,,,,,,,,,,,,,,,,,,,,,,,,,,,,,,,,,,,,,,,,,,,,,,,,,,,,
0.000752,0.0,0.0,0.000002,0.0001,0.0,0.00075,0.016667,,,,,,,,,,,,,0.0,0.000002,,,,,,,,0.000029,0.000018,,0.000015,0.000017,0.000008,,,,0.000011,,,,,,,,,,,,,,,0.00002,,,,,,0.0,,,,,,,,,,,,,,,0.000001,,,,,,,,,,,,,,,,,,,,,,,,,,,,,,,,,,,,,,,,,,,,,,,,,,,,,,,,,
0.012858,0.000002,0.000076,0.000069,0.000079,0.00011,0.012747,0.016667,0.0,0.0,0.0,0.0,0.0,0.000002,0.000001,0.000002,0.000046,0.000026,0.0,0.000001,0.000052,0.000017,,,,,0.000023,,,0.000016,0.000011,,0.000008,0.00001,0.000004,,,,0.000007,,,,,,,,,,,,,,,0.00001,,,,,,0.0,,,,,,,,,,,,,,,0.000001,,,,,,,,,,,,,,,,,,,,,,,,,,,,,,,,,,,,,,,,,,,,,,,,,,,,,,,,,
0.020907,0.0,0.0,0.000082,0.000088,0.0,0.020905,0.016667,,,,,,,,,,,,,0.000032,0.00005,,,,,,,,0.000028,0.000018,,0.000013,0.000015,0.000006,,,,0.000007,,,,,,,,,,,,,,,0.000017,,,,,,0.0,,,,,,,,,,,,,,,0.000001,,,,,,,,,,,,,,,,,,,,,,,,,,,,,,,,,,,,,,,,,,,,,,,,,,,,,,,,,
0.000786,0.000003,0.000043,0.000002,0.00012,0.000185,0.000599,0.016667,0.0,0.0,0.0,0.0,0.0,0.000003,0.000001,0.000001,0.000027,0.000012,0.0,0.000002,0.0,0.000002,,,,,0.000045,,,0.000027,0.000014,,0.000012,0.000015,0.000004,,,,0.000007,,,,,,,,,,,,,,,0.000013,,,,,,0.0,,,,,,,,,,,,,,,0.000001,,,,,,,,,,,,,,,,,,,,,,,,,,,,,,,,,,,,,,,,,,,,,,,,,,,,,,,,,
0.000455,0.0,0.0,0.0,0.000056,0.0,0.000454,0.016667,,,,,,,,,,,,,0.0,0.0,,,,,,,,0.000017,0.00001,,0.00001,0.00001,0.000004,,,,0.000005,,,,,,,,,,,,,,,0.000011,,,,,,0.0,,,,,,,,,,,,,,,0.000001,,,,,,,,,,,,,,,,,,,,,,,,,,,,,,,,,,,,,,,,,,,,,,,,,,,,,,,,,
0.012321,0.0,0.0,0.000116,0.000042,0.0,0.01232,0.016667,,,,,,,,,,,,,0.000094,0.000022,,,,,,,,0.000012,0.000007,,0.000006,0.000007,0.000003,,,,0.000004,,,,,,,,,,,,,,,0.00001,,,,,,0.000001,,,,,,,,,,,,,,,0.0,,,,,,,,,,,,,,,,,,,,,,,,,,,,,,,,,,,,,,,,,,,,,,,,,,,,,,,,,
0.015141,0.000005,0.000061,0.000064,0.00015,0.000262,0.014877,0.016667,0.0,0.0,0.0,0.0,0.0,0.000005,0.000002,0.000002,0.000038,0.000017,0.0,0.000002,0.000029,0.000035,,,,,0.000048,,,0.000034,0.000017,,0.000015,0.000021,0.000007,,,,0.000009,,,,,,,,,,,,,,,0.000021,,,,,,0.0,,,,,,,,,,,,,,,0.000001,,,,,,,,,,,,,,,,,,,,,,,,,,,,,,,,,,,,,,,,,,,,,,,,,,,,,,,,,
0.003977,0.000002,0.000081,0.000004,0.000126,0.000169,0.003806,0.016667,0.0,0.0,0.0,0.0,0.0,0.000002,0.000003,0.000002,0.000043,0.000032,0.0,0.000001,0.0,0.000004,,,,,0.00003,,,0.000028,0.000017,,0.000014,0.000017,0.000006,,,,0.000008,,,,0.000006,,,,,,,0.000003,,,,0.000017,,,,,,0.0,,,,,0.000001,,,,,,,,,,0.000001,,,,,,,,,,,,,,,,,,,,,,,,,,,,,,,,,,,,,,,,,,,,,,,,,,,,,,,,,
0.001127,0.0,0.0,0.0,0.000076,0.0,0.001125,0.016667,,,,,,,,,,,,,0.0,0.0,,,,,,,,0.000021,0.000013,,0.000012,0.000012,0.000007,,,,0.000007,,,,,,,,,,,,,,,0.000016,,,,,,0.0,,,,,,,,,,,,,,,0.000001,,,,,,,,,,,,,,,,,,,,,,,,,,,,,,,,,,,,,,,,,,,,,,,,,,,,,,,,,
0.00708,0.000001,0.000088,0.000046,0.000093,0.000225,0.006854,0.016667,0.0,0.0,0.0,0.0,0.0,0.000001,0.000002,0.000001,0.000061,0.000023,0.0,0.000001,0.000035,0.000011,,,,,0.00002,,,0.000021,0.000014,,0.000012,0.000012,0.000006,,,,0.000007,,,,,,,,,,,,,,,0.000016,,,,,,0.0,,,,,,,,,,,,,,,0.0,,,,,,,,,,,,,,,,,,,,,,,,,,,,,,,,,,,,,,,,,,,,,,,,,,,,,,,,,
0.006969,0.0,0.0,0.000055,0.000059,0.0,0.006967,0.016667,,,,,,,,,,,,,0.000044,0.000011,,,,,,,,0.000018,0.00001,,0.000009,0.000009,0.000005,,,,0.000006,,,,,,,,,,,,,,,0.000013,,,,,,0.0,,,,,,,,,,,,,,,0.0,,,,,,,,,,,,,,,,,,,,,,,,,,,,,,,,,,,,,,,,,,,,,,,,,,,,,,,,,
0.014075,0.000001,0.000083,0.000136,0.000096,0.000151,0.013922,0.016667,0.0,0.0,0.0,0.0,0.0,0.000001,0.000001,0.000001,0.000032,0.000047,0.0,0.000002,0.000103,0.000033,,,,,0.000025,,,0.000023,0.000013,,0.000012,0.000013,0.000005,,,,0.000006,,,,,,,,,,,,,,,0.000014,,,,,,0.0,,,,,,,,,,,,,,,0.0,,,,,,,,,,,,,,,,,,,,,,,,,,,,,,,,,,,,,,,,,,,,,,,,,,,,,,,,,
0.00328,0.0,0.0,0.000061,0.000073,0.0,0.003278,0.016667,,,,,,,,,,,,,0.000054,0.000007,,,,,,,,0.000024,0.000014,,0.000011,0.000012,0.000005,,,,0.000007,,,,,,,,,,,,,,,0.000015,,,,,,0.0,,,,,,,,,,,,,,,0.0,,,,,,,,,,,,,,,,,,,,,,,,,,,,,,,,,,,,,,,,,,,,,,,,,,,,,,,,,
0.003003,0.000002,0.000059,0.000002,0.000108,0.00021,0.002791,0.016667,0.0,0.0,0.0,0.0,0.0,0.000002,0.000002,0.000001,0.000036,0.000019,0.0,0.000001,0.0,0.000002,,,,,0.000029,,,0.000023,0.000014,,0.000012,0.000015,0.000007,,,,0.000008,,,,,,,,,,,,,,,0.000015,,,,,,0.0,,,,,,,,,,,,,,,0.000001,,,,,,,,,,,,,,,,,,,,,,,,,,,,,,,,,,,,,,,,,,,,,,,,,,,,,,,,,
0.006977,0.0,0.0,0.000084,0.000065,0.0,0.006976,0.016667,,,,,,,,,,,,,0.000071,0.000013,,,,,,,,0.000016,0.000012,,0.00001,0.00001,0.000006,,,,0.000007,,,,,,,,,,,,,,,0.000014,,,,,,0.0,,,,,,,,,,,,,,,0.0,,,,,,,,,,,,,,,,,,,,,,,,,,,,,,,,,,,,,,,,,,,,,,,,,,,,,,,,,
0.006932,0.0,0.0,0.000016,0.000074,0.0,0.006931,0.016667,,,,,,,,,,,,,0.0,0.000016,,,,,,,,0.000022,0.000014,,0.000011,0.000012,0.000005,,,,0.000007,,,,,,,,,,,,,,,0.000016,,,,,,0.0,,,,,,,,,,,,,,,0.000001,,,,,,,,,,,,,,,,,,,,,,,,,,,,,,,,,,,,,,,,,,,,,,,,,,,,,,,,,
0.014473,0.000002,0.000111,0.000119,0.000104,0.000159,0.014312,0.016667,0.0,0.0,0.0,0.0,0.0,0.000002,0.000002,0.000001,0.00005,0.000057,0.0,0.000001,0.00009,0.000029,,,,,0.000028,,,0.000025,0.000014,,0.000012,0.000014,0.000005,,,,0.000007,,,,,,,,,,,,,,,0.000013,,,,,,0.0,,,,,,,,,,,,,,,0.000001,,,,,,,,,,,,,,,,,,,,,,,,,,,,,,,,,,,,,,,,,,,,,,,,,,,,,,,,,
0.000783,0.0,0.0,0.0,0.000094,0.0,0.000781,0.016667,,,,,,,,,,,,,0.0,0.0,,,,,,,,0.000028,0.000018,,0.000014,0.000015,0.000007,,,,0.000008,,,,,,,,,,,,,,,0.00002,,,,,,0.0,,,,,,,,,,,,,,,0.000001,,,,,,,,,,,,,,,,,,,,,,,,,,,,,,,,,,,,,,,,,,,,,,,,,,,,,,,,,
0.005314,0.000003,0.000062,0.000026,0.000091,0.000272,0.00504,0.016667,0.0,0.0,0.0,0.0,0.0,0.000003,0.000001,0.000002,0.000041,0.000015,0.000001,0.000002,0.000016,0.00001,,,,,0.000019,,,0.000019,0.000015,,0.000011,0.000013,0.000006,,,,0.000006,,,,,,,,,,,,,,,0.000014,,,,,,0.000001,,,,,,,,,,,,,,,0.000001,,,,,,,,,,,,,,,,,,,,,,,,,,,,,,,,,,,,,,,,,,,,,,,,,,,,,,,,,
0.006984,0.0,0.0,0.000016,0.000063,0.0,0.006983,0.016667,,,,,,,,,,,,,0.0,0.000016,,,,,,,,0.000017,0.000013,,0.000009,0.000009,0.000006,,,,0.000006,,,,,,,,,,,,,,,0.000013,,,,,,0.0,,,,,,,,,,,,,,,0.000001,,,,,,,,,,,,,,,,,,,,,,,,,,,,,,,,,,,,,,,,,,,,,,,,,,,,,,,,,
0.006676,0.0,0.0,0.000075,0.000091,0.0,0.006673,0.016667,,,,,,,,,,,,,0.000059,0.000016,,,,,,,,0.000036,0.000013,,0.000015,0.000013,0.000005,,,,0.000007,,,,,,,,,,,,,,,0.000016,,,,,,0.0,,,,,,,,,,,,,,,0.000001,,,,,,,,,,,,,,,,,,,,,,,,,,,,,,,,,,,,,,,,,,,,,,,,,,,,,,,,,
0.014499,0.000002,0.000086,0.000023,0.000114,0.000157,0.01434,0.016667,0.0,0.0,0.0,0.0,0.0,0.000002,0.000001,0.000001,0.000041,0.000042,0.0,0.000001,0.000003,0.00002,,,,,0.000026,,,0.000028,0.000017,,0.000013,0.000016,0.000006,,,,0.000009,,,,,,,,,,,,,,,0.000017,,,,,,0.0,,,,,,,,,,,,,,,0.0,,,,,,,,,,,,,,,,,,,,,,,,,,,,,,,,,,,,,,,,,,,,,,,,,,,,,,,,,
0.001006,0.0,0.0,0.000025,0.000089,0.0,0.001003,0.016667,,,,,,,,,,,,,0.000018,0.000007,,,,,,,,0.000027,0.000015,,0.000013,0.000014,0.000007,,,,0.000009,,,,,,,,,,,,,,,0.00002,,,,,,0.0,,,,,,,,,,,,,,,0.000001,,,,,,,,,,,,,,,,,,,,,,,,,,,,,,,,,,,,,,,,,,,,,,,,,,,,,,,,,
0.005373,0.000004,0.000062,0.000001,0.000087,0.000131,0.005239,0.016667,0.0,0.0,0.0,0.0,0.0,0.000004,0.000002,0.000001,0.000043,0.000015,0.0,0.000001,0.0,0.000001,,,,,0.000021,,,0.00002,0.000014,,0.00001,0.000012,0.000004,,,,0.000006,,,,,,,,,,,,,,,0.000012,,,,,,0.0,,,,,,,,,,,,,,,0.000001,,,,,,,,,,,,,,,,,,,,,,,,,,,,,,,,,,,,,,,,,,,,,,,,,,,,,,,,,
0.006675,0.0,0.0,0.000092,0.000075,0.0,0.006673,0.016667,,,,,,,,,,,,,0.000077,0.000015,,,,,,,,0.000024,0.000013,,0.000012,0.000012,0.000004,,,,0.000006,,,,,,,,,,,,,,,0.000016,,,,,,0.000001,,,,,,,,,,,,,,,0.000001,,,,,,,,,,,,,,,,,,,,,,,,,,,,,,,,,,,,,,,,,,,,,,,,,,,,,,,,,
0.010753,0.000002,0.000055,0.000039,0.000129,0.000233,0.010516,0.016667,0.0,0.0,0.0,0.0,0.0,0.000002,0.000001,0.000001,0.000036,0.000015,0.0,0.000002,0.000019,0.00002,,,,,0.00003,,,0.000029,0.000018,,0.000017,0.000017,0.00001,,,,0.000011,,,,,,,,,,,,,,,0.000016,,,,,,0.0,,,,,,,,,,,,,,,0.0,,,,,,,,,,,,,,,,,,,,,,,,,,,,,,,,,,,,,,,,,,,,,,,,,,,,,,,,,
0.008185,0.0,0.0,0.000096,0.000257,0.0,0.008178,0.016667,,,,,,,,,,,,,0.000084,0.000012,,,,,,,,0.000083,0.000044,,0.000044,0.000043,0.000009,,,,0.000024,,,,,,,,,,,,,,,0.000055,,,,,,0.000001,,,,,,,,,,,,,,,0.000002,,,,,,,,,,,,,,,,,,,,,,,,,,,,,,,,,,,,,,,,,,,,,,,,,,,,,,,,,
0.001597,0.0,0.0,0.000002,0.00008,0.0,0.001595,0.016667,,,,,,,,,,,,,0.0,0.000002,,,,,,,,0.000024,0.000015,,0.000012,0.000012,0.000006,,,,0.000008,,,,,,,,,,,,,,,0.000017,,,,,,0.0,,,,,,,,,,,,,,,0.000001,,,,,,,,,,,,,,,,,,,,,,,,,,,,,,,,,,,,,,,,,,,,,,,,,,,,,,,,,
0.007039,0.000002,0.000129,0.000009,0.000121,0.000128,0.006909,0.016667,0.0,0.0,0.0,0.0,0.0,0.000002,0.000002,0.000001,0.000063,0.000061,0.000001,0.000001,0.0,0.000009,,,,,0.00002,,,0.000018,0.000012,,0.000042,0.00001,0.000005,,,,0.000008,,,,,,,,,,,,,,,0.000017,,,,,,0.0,,,,,,,,,,,,,,,0.000001,,,,,,,,,,,,,,,,,,,,,,,,,,,,,,,,,,,,,,,,,,,,,,,,,,,,,,,,,
0.00658,0.0,0.0,0.000021,0.000075,0.0,0.006578,0.016667,,,,,,,,,,,,,0.000012,0.000009,,,,,,,,0.000024,0.000013,,0.000011,0.000012,0.000005,,,,0.000007,,,,,,,,,,,,,,,0.000015,,,,,,0.0,,,,,,,,,,,,,,,0.000001,,,,,,,,,,,,,,,,,,,,,,,,,,,,,,,,,,,,,,,,,,,,,,,,,,,,,,,,,
0.014889,0.000002,0.000057,0.000121,0.000103,0.000202,0.014686,0.016667,0.0,0.0,0.0,0.0,0.0,0.000002,0.000002,0.000001,0.000036,0.000016,0.0,0.000002,0.000084,0.000037,,,,,0.000023,,,0.000024,0.000013,,0.000012,0.000014,0.000006,,,,0.000009,,,,,,,,,,,,,,,0.000017,,,,,,0.0,,,,,,,,,,,,,,,0.000001,,,,,,,,,,,,,,,,,,,,,,,,,,,,,,,,,,,,,,,,,,,,,,,,,,,,,,,,,
0.003855,0.0,0.0,0.000003,0.00009,0.0,0.003853,0.016667,,,,,,,,,,,,,0.0,0.000003,,,,,,,,0.000026,0.000016,,0.000013,0.000013,0.000014,,,,0.000008,,,,,,,,,,,,,,,0.000016,,,,,,0.0,,,,,,,,,,,,,,,0.0,,,,,,,,,,,,,,,,,,,,,,,,,,,,,,,,,,,,,,,,,,,,,,,,,,,,,,,,,
0.001761,0.0,0.0,0.000002,0.000058,0.0,0.00176,0.016667,,,,,,,,,,,,,0.0,0.000002,,,,,,,,0.000015,0.000012,,0.000008,0.000008,0.000006,,,,0.000005,,,,,,,,,,,,,,,0.000014,,,,,,0.0,,,,,,,,,,,,,,,0.0,,,,,,,,,,,,,,,,,,,,,,,,,,,,,,,,,,,,,,,,,,,,,,,,,,,,,,,,,
0.00738,0.000002,0.000119,0.00002,0.000064,0.000155,0.007224,0.016667,0.0,0.0,0.0,0.0,0.0,0.000002,0.000001,0.000001,0.000083,0.000033,0.0,0.000001,0.000011,0.000009,,,,,0.000019,,,0.000012,0.000008,,0.000006,0.000007,0.000003,,,,0.000004,,,,,,,,,,,,,,,0.000014,,,,,,0.0,,,,,,,,,,,,,,,0.0,,,,,,,,,,,,,,,,,,,,,,,,,,,,,,,,,,,,,,,,,,,,,,,,,,,,,,,,,
0.006556,0.0,0.0,0.000063,0.000058,0.0,0.006555,0.016667,,,,,,,,,,,,,0.000053,0.00001,,,,,,,,0.000017,0.00001,,0.000009,0.00001,0.000004,,,,0.000005,,,,,,,,,,,,,,,0.000012,,,,,,0.0,,,,,,,,,,,,,,,0.000001,,,,,,,,,,,,,,,,,,,,,,,,,,,,,,,,,,,,,,,,,,,,,,,,,,,,,,,,,
0.015188,0.000002,0.00009,0.000053,0.000121,0.00018,0.015005,0.016667,0.0,0.0,0.0,0.0,0.0,0.000002,0.000002,0.000001,0.000054,0.000031,0.0,0.000002,0.000018,0.000035,,,,,0.000031,,,0.000026,0.000016,,0.000014,0.000015,0.000007,,,,0.000009,,,,,,,,,,,,,,,0.000019,,,,,,0.0,,,,,,,,,,,,,,,0.000001,,,,,,,,,,,,,,,,,,,,,,,,,,,,,,,,,,,,,,,,,,,,,,,,,,,,,,,,,
0.001352,0.0,0.0,0.000001,0.0001,0.0,0.001349,0.016667,,,,,,,,,,,,,0.0,0.000001,,,,,,,,0.000029,0.000019,,0.000014,0.000016,0.000007,,,,0.000009,,,,,,,,,,,,,,,0.000021,,,,,,0.000001,,,,,,,,,,,,,,,0.000001,,,,,,,,,,,,,,,,,,,,,,,,,,,,,,,,,,,,,,,,,,,,,,,,,,,,,,,,,
0.004031,0.000002,0.000077,0.000061,0.000087,0.000132,0.003898,0.016667,0.0,0.0,0.0,0.0,0.0,0.000002,0.000002,0.000003,0.000051,0.000019,0.000001,0.000001,0.000054,0.000007,,,,,0.000026,,,0.000018,0.00001,,0.00001,0.00001,0.000004,,,,0.000006,,,,,,,,,,,,,,,0.000012,,,,,,0.000001,,,,,,,,,,,,,,,0.000001,,,,,,,,,,,,,,,,,,,,,,,,,,,,,,,,,,,,,,,,,,,,,,,,,,,,,,,,,
0.006958,0.0,0.0,0.00003,0.000076,0.0,0.006956,0.016667,,,,,,,,,,,,,0.000016,0.000014,,,,,,,,0.000027,0.000013,,0.000012,0.000015,0.000005,,,,0.000007,,,,,,,,,,,,,,,0.000014,,,,,,0.0,,,,,,,,,,,,,,,0.0,,,,,,,,,,,,,,,,,,,,,,,,,,,,,,,,,,,,,,,,,,,,,,,,,,,,,,,,,
0.007781,0.0,0.0,0.000007,0.000079,0.0,0.00778,0.016667,,,,,,,,,,,,,0.0,0.000007,,,,,,,,0.000023,0.000014,,0.000012,0.000013,0.000007,,,,0.000007,,,,,,,,,,,,,,,0.000016,,,,,,0.0,,,,,,,,,,,,,,,0.000001,,,,,,,,,,,,,,,,,,,,,,,,,,,,,,,,,,,,,,,,,,,,,,,,,,,,,,,,,
0.016051,0.000003,0.000056,0.000111,0.000143,0.000216,0.015831,0.016667,0.0,0.0,0.0,0.0,0.0,0.000003,0.000002,0.000001,0.000036,0.000014,0.000001,0.000002,0.000076,0.000035,,,,,0.000038,,,0.000033,0.000021,,0.000016,0.000019,0.000007,,,,0.000009,,,,,,,,,,,,,,,0.00002,,,,,,0.0,,,,,,,,,,,,,,,0.000002,,,,,,,,,,,,,,,,,,,,,,,,,,,,,,,,,,,,,,,,,,,,,,,,,,,,,,,,,
0.000707,0.0,0.0,0.000002,0.00009,0.0,0.000705,0.016667,,,,,,,,,,,,,0.0,0.000002,,,,,,,,0.000028,0.000017,,0.000014,0.000015,0.000007,,,,0.000008,,,,,,,,,,,,,,,0.000019,,,,,,0.0,,,,,,,,,,,,,,,0.0,,,,,,,,,,,,,,,,,,,,,,,,,,,,,,,,,,,,,,,,,,,,,,,,,,,,,,,,,
0.002847,0.000002,0.000072,0.000001,0.000095,0.000187,0.002658,0.016667,0.0,0.0,0.0,0.0,0.0,0.000002,0.000003,0.000002,0.000058,0.000007,0.0,0.000002,0.0,0.000001,,,,,0.000024,,,0.000018,0.00002,,0.00001,0.000011,0.000006,,,,0.000005,,,,,,,,,,,,,,,0.000013,,,,,,0.0,,,,,,,,,,,,,,,0.000001,,,,,,,,,,,,,,,,,,,,,,,,,,,,,,,,,,,,,,,,,,,,,,,,,,,,,,,,,
0.007068,0.0,0.0,0.00006,0.000054,0.0,0.007067,0.016667,,,,,,,,,,,,,0.000051,0.000009,,,,,,,,0.000013,0.000011,,0.000008,0.000008,0.000006,,,,0.000005,,,,,,,,,,,,,,,0.000012,,,,,,0.0,,,,,,,,,,,,,,,0.0,,,,,,,,,,,,,,,,,,,,,,,,,,,,,,,,,,,,,,,,,,,,,,,,,,,,,,,,,
0.021121,0.0,0.0,0.000069,0.000075,0.0,0.021119,0.016667,,,,,,,,,,,,,0.000024,0.000045,,,,,,,,0.000024,0.000014,,0.000011,0.000013,0.000005,,,,0.000007,,,,,,,,,,,,,,,0.000016,,,,,,0.0,,,,,,,,,,,,,,,0.000001,,,,,,,,,,,,,,,,,,,,,,,,,,,,,,,,,,,,,,,,,,,,,,,,,,,,,,,,,
0.000932,0.000004,0.000102,0.000002,0.000124,0.000203,0.000725,0.016667,0.0,0.0,0.0,0.0,0.0,0.000004,0.000002,0.000002,0.000051,0.000044,0.000001,0.000002,0.0,0.000002,,,,,0.000037,,,0.000024,0.000014,,0.000014,0.000014,0.000005,,,,0.000007,,,,0.000008,,,,,,,0.000005,,,,0.000012,,,,,,0.0,,,,,,,,,,,,,,,0.000001,,,,,,,,,,,,,,,,,,,,,,,,,,,,,,,,,,,,,,,,,,,,,,,,,,,,,,,,,
0.000395,0.0,0.0,0.0,0.000051,0.0,0.000394,0.016667,,,,,,,,,,,,,0.0,0.0,,,,,,,,0.000014,0.000009,,0.000008,0.000009,0.000004,,,,0.000006,,,,,,,,,,,,,,,0.00001,,,,,,0.0,,,,,,,,,,,,,,,0.0,,,,,,,,,,,,,,,,,,,,,,,,,,,,,,,,,,,,,,,,,,,,,,,,,,,,,,,,,
0.01204,0.000002,0.000084,0.000435,0.000064,0.000096,0.011943,0.016667,0.0,0.0,0.0,0.0,0.0,0.000002,0.000002,0.000002,0.000051,0.000028,0.0,0.000001,0.000404,0.000031,,,,,0.000012,,,0.000015,0.000008,,0.000008,0.00001,0.000004,,,,0.000009,,,,,,,,,,,,,,,0.000009,,,,,,0.0,,,,,,,,,,,,,,,0.000001,,,,,,,,,,,,,,,,,,,,,,,,,,,,,,,,,,,,,,,,,,,,,,,,,,,,,,,,,
0.019435,0.0,0.0,0.000062,0.000077,0.0,0.019432,0.016667,,,,,,,,,,,,,0.000026,0.000036,,,,,,,,0.000027,0.000013,,0.000012,0.000014,0.000005,,,,0.000007,,,,,,,,,,,,,,,0.000015,,,,,,0.0,,,,,,,,,,,,,,,0.000001,,,,,,,,,,,,,,,,,,,,,,,,,,,,,,,,,,,,,,,,,,,,,,,,,,,,,,,,,
0.001056,0.000003,0.000176,0.000002,0.000109,0.000292,0.000761,0.016667,0.0,0.0,0.0,0.0,0.0,0.000003,0.000001,0.000001,0.000033,0.00002,0.0,0.000121,0.0,0.000002,,,,,0.000024,,,0.000029,0.00001,,0.000018,0.000017,0.000007,,,,0.000008,,,,,,,,,,,,,,,0.000016,,,,,,0.0,,,,,,,,,,,,,,,0.000001,,,,,,,,,,,,,,,,,,,,,,,,,,,,,,,,,,,,,,,,,,,,,,,,,,,,,,,,,
0.000465,0.0,0.0,0.0,0.000054,0.0,0.000464,0.016667,,,,,,,,,,,,,0.0,0.0,,,,,,,,0.000017,0.000009,,0.000009,0.000009,0.000004,,,,0.000006,,,,,,,,,,,,,,,0.000011,,,,,,0.0,,,,,,,,,,,,,,,0.0,,,,,,,,,,,,,,,,,,,,,,,,,,,,,,,,,,,,,,,,,,,,,,,,,,,,,,,,,
0.01284,0.0,0.0,0.000106,0.000046,0.0,0.01284,0.016667,,,,,,,,,,,,,0.000086,0.00002,,,,,,,,0.000014,0.000007,,0.000008,0.000008,0.000003,,,,0.000005,,,,,,,,,,,,,,,0.000009,,,,,,0.0,,,,,,,,,,,,,,,0.000001,,,,,,,,,,,,,,,,,,,,,,,,,,,,,,,,,,,,,,,,,,,,,,,,,,,,,,,,,
0.015235,0.000002,0.000069,0.000066,0.000134,0.000169,0.015064,0.016667,0.0,0.0,0.0,0.0,0.0,0.000002,0.000006,0.000002,0.000041,0.000019,0.0,0.000001,0.000042,0.000024,,,,,0.00002,,,0.000036,0.00002,,0.000018,0.000024,0.000009,,,,0.000011,,,,,,,,,,,,,,,0.000021,,,,,,0.000001,,,,,,,,,,,,,,,0.000001,,,,,,,,,,,,,,,,,,,,,,,,,,,,,,,,,,,,,,,,,,,,,,,,,,,,,,,,,
0.004591,0.000003,0.000203,0.000082,0.000095,0.000364,0.004223,0.016667,0.0,0.0,0.0,0.0,0.0,0.000003,0.000003,0.000001,0.000044,0.000025,0.000001,0.000129,0.000075,0.000007,,,,,0.00002,,,0.000023,0.000013,,0.000016,0.000013,0.000005,,,,0.000007,,,,,,,,,,,,,,,0.000014,,,,,,0.0,,,,,,,,,,,,,,,0.0,,,,,,,,,,,,,,,,,,,,,,,,,,,,,,,,,,,,,,,,,,,,,,,,,,,,,,,,,
0.000798,0.0,0.0,0.0,0.000068,0.0,0.000797,0.016667,,,,,,,,,,,,,0.0,0.0,,,,,,,,0.000016,0.000012,,0.000015,0.00001,0.000005,,,,0.000006,,,,,,,,,,,,,,,0.000013,,,,,,0.000001,,,,,,,,,,,,,,,0.000001,,,,,,,,,,,,,,,,,,,,,,,,,,,,,,,,,,,,,,,,,,,,,,,,,,,,,,,,,
0.007988,0.000002,0.000082,0.0001,0.000074,0.000143,0.007844,0.016667,0.0,0.0,0.0,0.0,0.0,0.000002,0.000003,0.000001,0.000039,0.000037,0.0,0.000002,0.000085,0.000015,,,,,0.000013,,,0.000018,0.000012,,0.00001,0.000011,0.000005,,,,0.000006,,,,,,,,,,,,,,,0.000013,,,,,,0.0,,,,,,,,,,,,,,,0.0,,,,,,,,,,,,,,,,,,,,,,,,,,,,,,,,,,,,,,,,,,,,,,,,,,,,,,,,,
0.006139,0.0,0.0,0.000007,0.00008,0.0,0.006137,0.016667,,,,,,,,,,,,,0.0,0.000007,,,,,,,,0.000026,0.000014,,0.000012,0.000015,0.000005,,,,0.000008,,,,,,,,,,,,,,,0.000015,,,,,,0.000001,,,,,,,,,,,,,,,0.0,,,,,,,,,,,,,,,,,,,,,,,,,,,,,,,,,,,,,,,,,,,,,,,,,,,,,,,,,
0.013992,0.000003,0.000079,0.000068,0.000092,0.000162,0.013828,0.016667,0.0,0.0,0.0,0.0,0.0,0.000003,0.000004,0.000001,0.000039,0.000034,0.0,0.000001,0.000031,0.000037,,,,,0.000018,,,0.000026,0.000013,,0.000012,0.000016,0.000005,,,,0.000008,,,,,,,,,,,,,,,0.000013,,,,,,0.0,,,,,,,,,,,,,,,0.0,,,,,,,,,,,,,,,,,,,,,,,,,,,,,,,,,,,,,,,,,,,,,,,,,,,,,,,,,
0.002865,0.0,0.0,0.000002,0.000097,0.0,0.002863,0.016667,,,,,,,,,,,,,0.0,0.000002,,,,,,,,0.000029,0.000018,,0.000014,0.000017,0.000007,,,,0.000009,,,,,,,,,,,,,,,0.00002,,,,,,0.0,,,,,,,,,,,,,,,0.000001,,,,,,,,,,,,,,,,,,,,,,,,,,,,,,,,,,,,,,,,,,,,,,,,,,,,,,,,,
0.003662,0.000004,0.000075,0.000002,0.00008,0.00022,0.00344,0.016667,0.0,0.0,0.0,0.0,0.0,0.000004,0.000004,0.000001,0.000036,0.000032,0.0,0.000002,0.0,0.000002,,,,,0.000019,,,0.000021,0.000011,,0.00001,0.000013,0.000004,,,,0.000006,,,,,,,,,,,,,,,0.000011,,,,,,0.0,,,,,,,,,,,,,,,0.000001,,,,,,,,,,,,,,,,,,,,,,,,,,,,,,,,,,,,,,,,,,,,,,,,,,,,,,,,,
0.006921,0.0,0.0,0.000084,0.000066,0.0,0.006919,0.016667,,,,,,,,,,,,,0.000063,0.000021,,,,,,,,0.000021,0.000012,,0.00001,0.000012,0.000004,,,,0.000007,,,,,,,,,,,,,,,0.000013,,,,,,0.0,,,,,,,,,,,,,,,0.000001,,,,,,,,,,,,,,,,,,,,,,,,,,,,,,,,,,,,,,,,,,,,,,,,,,,,,,,,,
0.006823,0.0,0.0,0.000035,0.000146,0.0,0.00682,0.016667,,,,,,,,,,,,,0.000018,0.000017,,,,,,,,0.00003,0.000018,,0.000014,0.000017,0.000044,,,,0.000008,,,,,,,,,,,,,,,0.000031,,,,,,0.000001,,,,,,,,,,,,,,,0.000001,,,,,,,,,,,,,,,,,,,,,,,,,,,,,,,,,,,,,,,,,,,,,,,,,,,,,,,,,
0.014579,0.000004,0.000085,0.000114,0.000106,0.000169,0.014407,0.016667,0.0,0.0,0.0,0.0,0.0,0.000004,0.000003,0.000001,0.000057,0.000022,0.0,0.000002,0.000082,0.000032,,,,,0.000022,,,0.000029,0.000016,,0.000012,0.000016,0.000005,,,,0.000008,,,,,,,,,,,,,,,0.000016,,,,,,0.000001,,,,,,,,,,,,,,,0.000001,,,,,,,,,,,,,,,,,,,,,,,,,,,,,,,,,,,,,,,,,,,,,,,,,,,,,,,,,
0.000905,0.0,0.0,0.000002,0.000074,0.0,0.000903,0.016667,,,,,,,,,,,,,0.0,0.000002,,,,,,,,0.000019,0.00001,,0.000012,0.000011,0.000005,,,,0.000007,,,,0.000005,,,,,,,0.000002,,,,0.000016,,,,,,0.0,,,,,0.0,,,,,,,,,,0.000001,,,,,,,,,,,,,,,,,,,,,,,,,,,,,,,,,,,,,,,,,,,,,,,,,,,,,,,,,
0.005102,0.000004,0.000068,0.000024,0.000074,0.000129,0.004971,0.016667,0.0,0.0,0.0,0.0,0.0,0.000004,0.000002,0.000002,0.000042,0.00002,0.0,0.000002,0.000011,0.000013,,,,,0.000013,,,0.000019,0.00001,,0.000011,0.00001,0.000004,,,,0.000006,,,,,,,,,,,,,,,0.000012,,,,,,0.0,,,,,,,,,,,,,,,0.000001,,,,,,,,,,,,,,,,,,,,,,,,,,,,,,,,,,,,,,,,,,,,,,,,,,,,,,,,,
0.006386,0.0,0.0,0.000016,0.000078,0.0,0.006384,0.016667,,,,,,,,,,,,,0.000003,0.000013,,,,,,,,0.000024,0.000015,,0.000011,0.000013,0.000005,,,,0.000007,,,,,,,,,,,,,,,0.000016,,,,,,0.000001,,,,,,,,,,,,,,,0.0,,,,,,,,,,,,,,,,,,,,,,,,,,,,,,,,,,,,,,,,,,,,,,,,,,,,,,,,,
0.016155,0.0,0.0,0.000077,0.000092,0.0,0.016152,0.016667,,,,,,,,,,,,,0.000054,0.000023,,,,,,,,0.000027,0.000018,,0.000013,0.000015,0.000007,,,,0.000008,,,,,,,,,,,,,,,0.00002,,,,,,0.0,,,,,,,,,,,,,,,0.000001,,,,,,,,,,,,,,,,,,,,,,,,,,,,,,,,,,,,,,,,,,,,,,,,,,,,,,,,,
0.004618,0.000002,0.000063,0.000032,0.00011,0.000132,0.004484,0.016667,0.0,0.0,0.0,0.0,0.0,0.000002,0.000002,0.000001,0.000033,0.000024,0.000001,0.000002,0.000011,0.000021,,,,,0.000013,,,0.000029,0.000017,,0.000014,0.000017,0.000007,,,,0.000009,,,,0.000005,,,,,,,0.000003,,,,0.000015,,,,,,0.0,,,,,,,,,,,,,,,0.000001,,,,,,,,,,,,,,,,,,,,,,,,,,,,,,,,,,,,,,,,,,,,,,,,,,,,,,,,,
0.000687,0.0,0.0,0.0,0.000092,0.0,0.000684,0.016667,,,,,,,,,,,,,0.0,0.0,,,,,,,,0.000032,0.000016,,0.000014,0.000017,0.000005,,,,0.000009,,,,,,,,,,,,,,,0.000018,,,,,,0.0,,,,,,,,,,,,,,,0.000001,,,,,,,,,,,,,,,,,,,,,,,,,,,,,,,,,,,,,,,,,,,,,,,,,,,,,,,,,
0.00567,0.000004,0.000069,0.00001,0.000186,0.000472,0.005179,0.016667,0.0,0.0,0.0,0.0,0.0,0.000004,0.000002,0.000001,0.000034,0.000028,0.000001,0.000003,0.0,0.00001,,,,,0.000047,,,0.000044,0.000024,,0.000024,0.000025,0.000008,,,,0.000013,,,,,,,,,,,,,,,0.000029,,,,,,0.0,,,,,,,,,,,,,,,0.000002,,,,,,,,,,,,,,,,,,,,,,,,,,,,,,,,,,,,,,,,,,,,,,,,,,,,,,,,,
0.007016,0.0,0.0,0.000129,0.000075,0.0,0.007013,0.016667,,,,,,,,,,,,,0.000102,0.000027,,,,,,,,0.000024,0.000013,,0.000012,0.000014,0.000005,,,,0.000007,,,,,,,,,,,,,,,0.000014,,,,,,0.0,,,,,,,,,,,,,,,0.000001,,,,,,,,,,,,,,,,,,,,,,,,,,,,,,,,,,,,,,,,,,,,,,,,,,,,,,,,,
0.014839,0.000003,0.000246,0.000095,0.000114,0.000211,0.014624,0.016667,0.0,0.0,0.0,0.0,0.0,0.000003,0.000004,0.000002,0.000175,0.000063,0.0,0.000002,0.00007,0.000025,,,,,0.000031,,,0.000029,0.000013,,0.000016,0.000018,0.000006,,,,0.000008,,,,,,,,,,,,,,,0.000013,,,,,,0.0,,,,,,,,,,,,,,,0.000001,,,,,,,,,,,,,,,,,,,,,,,,,,,,,,,,,,,,,,,,,,,,,,,,,,,,,,,,,
0.004444,0.0,0.0,0.000011,0.000083,0.0,0.004441,0.016667,,,,,,,,,,,,,0.0,0.000011,,,,,,,,0.000028,0.000015,,0.000013,0.000016,0.000005,,,,0.000007,,,,,,,,,,,,,,,0.000015,,,,,,0.0,,,,,,,,,,,,,,,0.000001,,,,,,,,,,,,,,,,,,,,,,,,,,,,,,,,,,,,,,,,,,,,,,,,,,,,,,,,,
0.001073,0.0,0.0,0.0,0.000199,0.0,0.001068,0.016667,,,,,,,,,,,,,0.0,0.0,,,,,,,,0.000073,0.000034,,0.000032,0.000045,0.00001,,,,0.000017,,,,,,,,,,,,,,,0.000035,,,,,,0.0,,,,,,,,,,,,,,,0.000002,,,,,,,,,,,,,,,,,,,,,,,,,,,,,,,,,,,,,,,,,,,,,,,,,,,,,,,,,
0.00665,0.000003,0.000071,0.000034,0.000083,0.000209,0.006439,0.016667,0.0,0.0,0.0,0.0,0.0,0.000003,0.000004,0.000002,0.000045,0.000018,0.0,0.000002,0.000016,0.000018,,,,,0.000017,,,0.000024,0.000012,,0.00001,0.000015,0.000004,,,,0.000006,,,,,,,,,,,,,,,0.000012,,,,,,0.0,,,,,,,,,,,,,,,0.0,,,,,,,,,,,,,,,,,,,,,,,,,,,,,,,,,,,,,,,,,,,,,,,,,,,,,,,,,
0.007085,0.0,0.0,0.000008,0.000093,0.0,0.007083,0.016667,,,,,,,,,,,,,0.0,0.000008,,,,,,,,0.000029,0.000017,,0.000014,0.000017,0.000007,,,,0.000008,,,,,,,,,,,,,,,0.000018,,,,,,0.0,,,,,,,,,,,,,,,0.000001,,,,,,,,,,,,,,,,,,,,,,,,,,,,,,,,,,,,,,,,,,,,,,,,,,,,,,,,,
0.014213,0.000003,0.000081,0.000102,0.000115,0.00016,0.014051,0.016667,0.0,0.0,0.0,0.0,0.0,0.000003,0.000003,0.000001,0.000032,0.000043,0.0,0.000002,0.000073,0.000029,,,,,0.00002,,,0.000033,0.000017,,0.000015,0.00002,0.000007,,,,0.000008,,,,,,,,,,,,,,,0.000016,,,,,,0.000001,,,,,,,,,,,,,,,0.000001,,,,,,,,,,,,,,,,,,,,,,,,,,,,,,,,,,,,,,,,,,,,,,,,,,,,,,,,,
0.004192,0.0,0.0,0.000005,0.000096,0.0,0.004189,0.016667,,,,,,,,,,,,,0.0,0.000005,,,,,,,,0.000031,0.000018,,0.000014,0.000017,0.000007,,,,0.000008,,,,,,,,,,,,,,,0.000019,,,,,,0.0,,,,,,,,,,,,,,,0.000001,,,,,,,,,,,,,,,,,,,,,,,,,,,,,,,,,,,,,,,,,,,,,,,,,,,,,,,,,
0.001958,0.0,0.0,0.000021,0.00007,0.0,0.001957,0.016667,,,,,,,,,,,,,0.000012,0.000009,,,,,,,,0.000024,0.00001,,0.000011,0.000013,0.000005,,,,0.000007,,,,,,,,,,,,,,,0.000015,,,,,,0.0,,,,,,,,,,,,,,,0.0,,,,,,,,,,,,,,,,,,,,,,,,,,,,,,,,,,,,,,,,,,,,,,,,,,,,,,,,,
0.006998,0.000002,0.000052,0.00001,0.0001,0.000207,0.006789,0.016667,0.0,0.0,0.0,0.0,0.0,0.000002,0.000003,0.000001,0.000035,0.000011,0.0,0.000002,0.0,0.00001,,,,,0.000016,,,0.000032,0.000017,,0.000013,0.000021,0.000005,,,,0.000007,,,,,,,,,,,,,,,0.000011,,,,,,0.000001,,,,,,,,,,,,,,,0.000001,,,,,,,,,,,,,,,,,,,,,,,,,,,,,,,,,,,,,,,,,,,,,,,,,,,,,,,,,
0.007134,0.0,0.0,0.000067,0.000132,0.0,0.007132,0.016667,,,,,,,,,,,,,0.000055,0.000012,,,,,,,,0.00003,0.000017,,0.000014,0.000017,0.000006,,,,0.000009,,,,,,,,,,,,,,,0.000056,,,,,,0.0,,,,,,,,,,,,,,,0.000002,,,,,,,,,,,,,,,,,,,,,,,,,,,,,,,,,,,,,,,,,,,,,,,,,,,,,,,,,
0.015096,0.000002,0.000099,0.000058,0.000142,0.000223,0.014871,0.016667,0.0,0.0,0.0,0.0,0.0,0.000002,0.000002,0.000001,0.000051,0.000042,0.000001,0.000002,0.000023,0.000035,,,,,0.000021,,,0.000074,0.000013,,0.000011,0.000015,0.000005,,,,0.000007,,,,,,,,,,,,,,,0.000012,,,,,,0.0,,,,,,,,,,,,,,,0.000001,,,,,,,,,,,,,,,,,,,,,,,,,,,,,,,,,,,,,,,,,,,,,,,,,,,,,,,,,
0.001387,0.0,0.0,0.000063,0.000078,0.0,0.001385,0.016667,,,,,,,,,,,,,0.000055,0.000008,,,,,,,,0.000025,0.000014,,0.000012,0.000014,0.000005,,,,0.000007,,,,,,,,,,,,,,,0.000015,,,,,,0.0,,,,,,,,,,,,,,,0.000001,,,,,,,,,,,,,,,,,,,,,,,,,,,,,,,,,,,,,,,,,,,,,,,,,,,,,,,,,
0.003818,0.000001,0.000123,0.000001,0.000074,0.000177,0.00364,0.016667,0.0,0.0,0.0,0.0,0.0,0.000001,0.000003,0.000001,0.000037,0.000081,0.0,0.000001,0.0,0.000001,,,,,0.000011,,,0.000019,0.000012,,0.00001,0.000012,0.000006,,,,0.000006,,,,,,,,,,,,,,,0.000012,,,,,,0.0,,,,,,,,,,,,,,,0.000001,,,,,,,,,,,,,,,,,,,,,,,,,,,,,,,,,,,,,,,,,,,,,,,,,,,,,,,,,
0.006956,0.0,0.0,0.00003,0.000068,0.0,0.006954,0.016667,,,,,,,,,,,,,0.000016,0.000014,,,,,,,,0.000019,0.000013,,0.00001,0.000011,0.000006,,,,0.000007,,,,,,,,,,,,,,,0.000013,,,,,,0.0,,,,,,,,,,,,,,,0.000001,,,,,,,,,,,,,,,,,,,,,,,,,,,,,,,,,,,,,,,,,,,,,,,,,,,,,,,,,
0.006841,0.0,0.0,0.000011,0.000098,0.0,0.006838,0.016667,,,,,,,,,,,,,0.0,0.000011,,,,,,,,0.000033,0.000017,,0.000015,0.000019,0.000007,,,,0.000009,,,,,,,,,,,,,,,0.000017,,,,,,0.0,,,,,,,,,,,,,,,0.000001,,,,,,,,,,,,,,,,,,,,,,,,,,,,,,,,,,,,,,,,,,,,,,,,,,,,,,,,,
0.015397,0.000002,0.000088,0.000122,0.000103,0.000201,0.015194,0.016667,0.0,0.0,0.0,0.0,0.0,0.000002,0.000002,0.000001,0.000052,0.000031,0.0,0.000002,0.000089,0.000033,,,,,0.000032,,,0.000025,0.000014,,0.000011,0.000015,0.000005,,,,0.000007,,,,,,,,,,,,,,,0.000012,,,,,,0.0,,,,,,,,,,,,,,,0.0,,,,,,,,,,,,,,,,,,,,,,,,,,,,,,,,,,,,,,,,,,,,,,,,,,,,,,,,,
0.000515,0.0,0.0,0.0,0.000075,0.0,0.000513,0.016667,,,,,,,,,,,,,0.0,0.0,,,,,,,,0.000025,0.000014,,0.000012,0.000014,0.000005,,,,0.000007,,,,,,,,,,,,,,,0.000013,,,,,,0.0,,,,,,,,,,,,,,,0.0,,,,,,,,,,,,,,,,,,,,,,,,,,,,,,,,,,,,,,,,,,,,,,,,,,,,,,,,,
0.004584,0.000002,0.000075,0.000003,0.00007,0.000155,0.004429,0.016667,0.0,0.0,0.0,0.0,0.0,0.000002,0.000006,0.000001,0.000046,0.000021,0.0,0.000001,0.0,0.000003,,,,,0.000011,,,0.000018,0.000012,,0.000008,0.000012,0.000006,,,,0.000005,,,,,,,,,,,,,,,0.000012,,,,,,0.0,,,,,,,,,,,,,,,0.000001,,,,,,,,,,,,,,,,,,,,,,,,,,,,,,,,,,,,,,,,,,,,,,,,,,,,,,,,,
0.00689,0.0,0.0,0.000021,0.000064,0.0,0.006889,0.016667,,,,,,,,,,,,,0.000002,0.000019,,,,,,,,0.000018,0.000012,,0.000009,0.00001,0.000006,,,,0.000007,,,,,,,,,,,,,,,0.000013,,,,,,0.0,,,,,,,,,,,,,,,0.0,,,,,,,,,,,,,,,,,,,,,,,,,,,,,,,,,,,,,,,,,,,,,,,,,,,,,,,,,
0.015657,0.0,0.0,0.000101,0.000094,0.0,0.015655,0.016667,,,,,,,,,,,,,0.000074,0.000027,,,,,,,,0.00003,0.000017,,0.000014,0.000017,0.000007,,,,0.000008,,,,,,,,,,,,,,,0.000018,,,,,,0.000001,,,,,,,,,,,,,,,0.000001,,,,,,,,,,,,,,,,,,,,,,,,,,,,,,,,,,,,,,,,,,,,,,,,,,,,,,,,,
0.001328,0.000002,0.000098,0.000001,0.000113,0.000179,0.001147,0.016667,0.0,0.0,0.0,0.0,0.0,0.000002,0.000003,0.0,0.000059,0.000034,0.0,0.000002,0.0,0.000001,,,,,0.000022,,,0.000029,0.000017,,0.000014,0.000018,0.000007,,,,0.00001,,,,,,,,,,,,,,,0.000016,,,,,,0.0,,,,,,,,,,,,,,,0.000001,,,,,,,,,,,,,,,,,,,,,,,,,,,,,,,,,,,,,,,,,,,,,,,,,,,,,,,,,
0.003929,0.0,0.0,0.000002,0.000051,0.0,0.003928,0.016667,,,,,,,,,,,,,0.0,0.000002,,,,,,,,0.000015,0.00001,,0.000008,0.000009,0.000004,,,,0.000005,,,,,,,,,,,,,,,0.000009,,,,,,0.0,,,,,,,,,,,,,,,0.000001,,,,,,,,,,,,,,,,,,,,,,,,,,,,,,,,,,,,,,,,,,,,,,,,,,,,,,,,,
0.006946,0.000001,0.000075,0.000034,0.000066,0.000106,0.006839,0.016667,0.0,0.0,0.0,0.0,0.0,0.000001,0.000003,0.000001,0.000041,0.000028,0.000001,0.000001,0.000025,0.000009,,,,,0.000011,,,0.00002,0.000011,,0.000009,0.000012,0.000004,,,,0.000005,,,,,,,,,,,,,,,0.000009,,,,,,0.0,,,,,,,,,,,,,,,0.0,,,,,,,,,,,,,,,,,,,,,,,,,,,,,,,,,,,,,,,,,,,,,,,,,,,,,,,,,
0.006645,0.0,0.0,0.000035,0.000116,0.0,0.006643,0.016667,,,,,,,,,,,,,0.000017,0.000018,,,,,,,,0.000035,0.000019,,0.000017,0.00002,0.000009,,,,0.000012,,,,,,,,,,,,,,,0.000026,,,,,,0.0,,,,,,,,,,,,,,,0.000001,,,,,,,,,,,,,,,,,,,,,,,,,,,,,,,,,,,,,,,,,,,,,,,,,,,,,,,,,
0.010354,0.000003,0.000058,0.00009,0.000111,0.000188,0.010164,0.016667,0.0,0.0,0.0,0.0,0.0,0.000003,0.000002,0.000001,0.000038,0.000016,0.0,0.000001,0.00007,0.00002,,,,,0.000021,,,0.000031,0.000017,,0.000014,0.000018,0.000007,,,,0.000009,,,,,,,,,,,,,,,0.000015,,,,,,0.000001,,,,,,,,,,,,,,,0.000001,,,,,,,,,,,,,,,,,,,,,,,,,,,,,,,,,,,,,,,,,,,,,,,,,,,,,,,,,
0.009884,0.0,0.0,0.00008,0.00008,0.0,0.009882,0.016667,,,,,,,,,,,,,0.000066,0.000014,,,,,,,,0.000027,0.000015,,0.000012,0.000014,0.000005,,,,0.000008,,,,,,,,,,,,,,,0.000015,,,,,,0.0,,,,,,,,,,,,,,,0.000001,,,,,,,,,,,,,,,,,,,,,,,,,,,,,,,,,,,,,,,,,,,,,,,,,,,,,,,,,
0.000597,0.0,0.0,0.0,0.000081,0.0,0.000595,0.016667,,,,,,,,,,,,,0.0,0.0,,,,,,,,0.000027,0.000013,,0.000015,0.000015,0.000005,,,,0.000007,,,,,,,,,,,,,,,0.000016,,,,,,0.0,,,,,,,,,,,,,,,0.0,,,,,,,,,,,,,,,,,,,,,,,,,,,,,,,,,,,,,,,,,,,,,,,,,,,,,,,,,
0.00664,0.000002,0.000087,0.000009,0.000107,0.000119,0.006521,0.016667,0.0,0.0,0.0,0.0,0.0,0.000002,0.000005,0.000002,0.000053,0.000026,0.0,0.000001,0.0,0.000009,,,,,0.000013,,,0.000016,0.000009,,0.000009,0.000009,0.000048,,,,0.000006,,,,,,,,,,,,,,,0.000009,,,,,,0.0,,,,,,,,,,,,,,,0.0,,,,,,,,,,,,,,,,,,,,,,,,,,,,,,,,,,,,,,,,,,,,,,,,,,,,,,,,,
0.006913,0.0,0.0,0.000084,0.000099,0.0,0.006911,0.016667,,,,,,,,,,,,,0.000074,0.00001,,,,,,,,0.000032,0.000019,,0.000015,0.000017,0.000007,,,,0.000009,,,,,,,,,,,,,,,0.000019,,,,,,0.0,,,,,,,,,,,,,,,0.0,,,,,,,,,,,,,,,,,,,,,,,,,,,,,,,,,,,,,,,,,,,,,,,,,,,,,,,,,
0.017605,0.000005,0.000054,0.000143,0.000096,0.000241,0.017361,0.016667,0.0,0.0,0.0,0.0,0.0,0.000005,0.000002,0.000001,0.000036,0.000013,0.0,0.000002,0.000103,0.00004,,,,,0.000019,,,0.000023,0.000013,,0.000012,0.000014,0.000007,,,,0.000008,,,,,,,,,,,,,,,0.000016,,,,,,0.0,,,,,,,,,,,,,,,0.000001,,,,,,,,,,,,,,,,,,,,,,,,,,,,,,,,,,,,,,,,,,,,,,,,,,,,,,,,,
0.000689,0.0,0.0,0.0,0.000094,0.0,0.000686,0.016667,,,,,,,,,,,,,0.0,0.0,,,,,,,,0.000031,0.000017,,0.000014,0.000017,0.000007,,,,0.000008,,,,,,,,,,,,,,,0.000017,,,,,,0.000001,,,,,,,,,,,,,,,0.000001,,,,,,,,,,,,,,,,,,,,,,,,,,,,,,,,,,,,,,,,,,,,,,,,,,,,,,,,,
0.002394,0.0,0.0,0.000002,0.000052,0.0,0.002393,0.016667,,,,,,,,,,,,,0.0,0.000002,,,,,,,,0.000014,0.000011,,0.000007,0.000009,0.000005,,,,0.000005,,,,,,,,,,,,,,,0.000011,,,,,,0.0,,,,,,,,,,,,,,,0.0,,,,,,,,,,,,,,,,,,,,,,,,,,,,,,,,,,,,,,,,,,,,,,,,,,,,,,,,,
0.0068,0.000003,0.000088,0.000031,0.000142,0.000142,0.006657,0.016667,0.0,0.0,0.0,0.0,0.0,0.000003,0.000002,0.000001,0.000048,0.000035,0.0,0.000002,0.000017,0.000014,,,,,0.000016,,,0.000018,0.00008,,0.000009,0.000011,0.000005,,,,0.000006,,,,,,,,,,,,,,,0.000011,,,,,,0.000001,,,,,,,,,,,,,,,0.0,,,,,,,,,,,,,,,,,,,,,,,,,,,,,,,,,,,,,,,,,,,,,,,,,,,,,,,,,
0.006956,0.0,0.0,0.000074,0.000088,0.0,0.006953,0.016667,,,,,,,,,,,,,0.000064,0.00001,,,,,,,,0.000028,0.000017,,0.000013,0.000015,0.000007,,,,0.000008,,,,,,,,,,,,,,,0.000017,,,,,,0.0,,,,,,,,,,,,,,,0.000001,,,,,,,,,,,,,,,,,,,,,,,,,,,,,,,,,,,,,,,,,,,,,,,,,,,,,,,,,
0.016602,0.000002,0.000059,0.000042,0.000098,0.00028,0.016321,0.016667,0.0,0.0,0.0,0.0,0.0,0.000002,0.000003,0.000001,0.000048,0.000005,0.0,0.000002,0.000018,0.000024,,,,,0.000024,,,0.000026,0.000014,,0.000012,0.000015,0.000005,,,,0.000007,,,,,,,,,,,,,,,0.000012,,,,,,0.0,,,,,,,,,,,,,,,0.000001,,,,,,,,,,,,,,,,,,,,,,,,,,,,,,,,,,,,,,,,,,,,,,,,,,,,,,,,,
0.000699,0.0,0.0,0.000001,0.000092,0.0,0.000697,0.016667,,,,,,,,,,,,,0.0,0.000001,,,,,,,,0.000032,0.000014,,0.000014,0.000017,0.000007,,,,0.000008,,,,,,,,,,,,,,,0.000018,,,,,,0.0,,,,,,,,,,,,,,,0.000001,,,,,,,,,,,,,,,,,,,,,,,,,,,,,,,,,,,,,,,,,,,,,,,,,,,,,,,,,
0.003186,0.000002,0.000123,0.000057,0.000063,0.000136,0.003048,0.016667,0.0,0.0,0.0,0.0,0.0,0.000002,0.000002,0.000001,0.000035,0.000084,0.0,0.000001,0.000051,0.000006,,,,,0.000013,,,0.000015,0.000008,,0.000007,0.00001,0.000004,,,,0.000009,,,,,,,,,,,,,,,0.000008,,,,,,0.0,,,,,,,,,,,,,,,0.0,,,,,,,,,,,,,,,,,,,,,,,,,,,,,,,,,,,,,,,,,,,,,,,,,,,,,,,,,
0.006881,0.0,0.0,0.000029,0.000081,0.0,0.006879,0.016667,,,,,,,,,,,,,0.000016,0.000013,,,,,,,,0.000025,0.000015,,0.000012,0.000014,0.000007,,,,0.000007,,,,,,,,,,,,,,,0.000016,,,,,,0.0,,,,,,,,,,,,,,,0.000001,,,,,,,,,,,,,,,,,,,,,,,,,,,,,,,,,,,,,,,,,,,,,,,,,,,,,,,,,
0.007394,0.0,0.0,0.000014,0.000075,0.0,0.007393,0.016667,,,,,,,,,,,,,0.0,0.000014,,,,,,,,0.000023,0.000013,,0.000011,0.000013,0.000007,,,,0.000007,,,,,,,,,,,,,,,0.000016,,,,,,0.0,,,,,,,,,,,,,,,0.0,,,,,,,,,,,,,,,,,,,,,,,,,,,,,,,,,,,,,,,,,,,,,,,,,,,,,,,,,
0.01354,0.000005,0.000077,0.000087,0.000112,0.000185,0.013351,0.016667,0.0,0.0,0.0,0.0,0.0,0.000005,0.000002,0.000001,0.00004,0.000033,0.0,0.000001,0.000067,0.00002,,,,,0.000025,,,0.000034,0.000014,,0.000014,0.00002,0.000005,,,,0.000008,,,,,,,,,,,,,,,0.000014,,,,,,0.0,,,,,,,,,,,,,,,0.000001,,,,,,,,,,,,,,,,,,,,,,,,,,,,,,,,,,,,,,,,,,,,,,,,,,,,,,,,,
0.002836,0.0,0.0,0.00001,0.000072,0.0,0.002834,0.016667,,,,,,,,,,,,,0.000003,0.000007,,,,,,,,0.000025,0.000013,,0.000012,0.000013,0.000005,,,,0.000007,,,,,,,,,,,,,,,0.000013,,,,,,0.0,,,,,,,,,,,,,,,0.0,,,,,,,,,,,,,,,,,,,,,,,,,,,,,,,,,,,,,,,,,,,,,,,,,,,,,,,,,
0.003607,0.000002,0.000073,0.000003,0.00009,0.000173,0.003433,0.016667,0.0,0.0,0.0,0.0,0.0,0.000002,0.000002,0.000002,0.000055,0.000012,0.0,0.000002,0.0,0.000003,,,,,0.000017,,,0.000024,0.000013,,0.00001,0.000017,0.000006,,,,0.000007,,,,,,,,,,,,,,,0.000013,,,,,,0.000001,,,,,,,,,,,,,,,0.000001,,,,,,,,,,,,,,,,,,,,,,,,,,,,,,,,,,,,,,,,,,,,,,,,,,,,,,,,,
0.007157,0.0,0.0,0.000029,0.000061,0.0,0.007155,0.016667,,,,,,,,,,,,,0.000016,0.000013,,,,,,,,0.000017,0.000012,,0.000009,0.00001,0.000006,,,,0.000006,,,,,,,,,,,,,,,0.000012,,,,,,0.0,,,,,,,,,,,,,,,0.0,,,,,,,,,,,,,,,,,,,,,,,,,,,,,,,,,,,,,,,,,,,,,,,,,,,,,,,,,
0.006573,0.0,0.0,0.000012,0.000083,0.0,0.006571,0.016667,,,,,,,,,,,,,0.0,0.000012,,,,,,,,0.000027,0.000016,,0.000012,0.000015,0.000006,,,,0.000007,,,,,,,,,,,,,,,0.000016,,,,,,0.0,,,,,,,,,,,,,,,0.000001,,,,,,,,,,,,,,,,,,,,,,,,,,,,,,,,,,,,,,,,,,,,,,,,,,,,,,,,,
0.014096,0.000002,0.000088,0.000122,0.000089,0.000157,0.013938,0.016667,0.0,0.0,0.0,0.0,0.0,0.000002,0.000005,0.000001,0.000048,0.000033,0.0,0.000001,0.000074,0.000048,,,,,0.000019,,,0.000025,0.000013,,0.000011,0.000015,0.000005,,,,0.000007,,,,,,,,,,,,,,,0.000012,,,,,,0.0,,,,,,,,,,,,,,,0.000001,,,,,,,,,,,,,,,,,,,,,,,,,,,,,,,,,,,,,,,,,,,,,,,,,,,,,,,,,
0.000758,0.0,0.0,0.000001,0.000094,0.0,0.000755,0.016667,,,,,,,,,,,,,0.0,0.000001,,,,,,,,0.00003,0.000018,,0.000014,0.000018,0.000006,,,,0.000008,,,,,,,,,,,,,,,0.000018,,,,,,0.0,,,,,,,,,,,,,,,0.000001,,,,,,,,,,,,,,,,,,,,,,,,,,,,,,,,,,,,,,,,,,,,,,,,,,,,,,,,,
0.005773,0.000002,0.000093,0.000087,0.000061,0.000181,0.005591,0.016667,0.0,0.0,0.0,0.0,0.0,0.000002,0.000002,0.000002,0.000038,0.000023,0.0,0.000028,0.000077,0.00001,,,,,0.000023,,,0.000014,0.000008,,0.000007,0.000008,0.000003,,,,0.000004,,,,,,,,,,,,,,,0.000007,,,,,,0.0,,,,,,,,,,,,,,,0.0,,,,,,,,,,,,,,,,,,,,,,,,,,,,,,,,,,,,,,,,,,,,,,,,,,,,,,,,,
0.007039,0.0,0.0,0.000018,0.000071,0.0,0.007038,0.016667,,,,,,,,,,,,,0.0,0.000018,,,,,,,,0.000021,0.000014,,0.00001,0.000012,0.000006,,,,0.000006,,,,,,,,,,,,,,,0.000014,,,,,,0.0,,,,,,,,,,,,,,,0.000001,,,,,,,,,,,,,,,,,,,,,,,,,,,,,,,,,,,,,,,,,,,,,,,,,,,,,,,,,
0.01462,0.000012,0.000066,0.000062,0.000151,0.000662,0.01395,0.016667,0.0,0.0,0.0,0.0,0.0,0.000012,0.000004,0.000001,0.000042,0.000015,0.0,0.000004,0.000031,0.000031,,,,,0.000048,,,0.000034,0.000018,,0.000017,0.000022,0.000007,,,,0.000011,,,,,,,,,,,,,,,0.000018,,,,,,0.0,,,,,,,,,,,,,,,0.000001,,,,,,,,,,,,,,,,,,,,,,,,,,,,,,,,,,,,,,,,,,,,,,,,,,,,,,,,,
0.004092,0.0,0.0,0.000003,0.000074,0.0,0.00409,0.016667,,,,,,,,,,,,,0.0,0.000003,,,,,,,,0.000025,0.000013,,0.000011,0.000015,0.000005,,,,0.000007,,,,,,,,,,,,,,,0.000014,,,,,,0.0,,,,,,,,,,,,,,,0.0,,,,,,,,,,,,,,,,,,,,,,,,,,,,,,,,,,,,,,,,,,,,,,,,,,,,,,,,,
0.001219,0.0,0.0,0.000001,0.000072,0.0,0.001217,0.016667,,,,,,,,,,,,,0.0,0.000001,,,,,,,,0.00002,0.000013,,0.00001,0.000013,0.000007,,,,0.000007,,,,,,,,,,,,,,,0.000015,,,,,,0.000001,,,,,,,,,,,,,,,0.0,,,,,,,,,,,,,,,,,,,,,,,,,,,,,,,,,,,,,,,,,,,,,,,,,,,,,,,,,
0.008599,0.000003,0.000111,0.000069,0.001456,0.00751,0.001086,0.016667,0.0,0.0,0.0,0.0,0.0,0.000003,0.000003,0.000002,0.000054,0.000026,0.0,0.000026,0.000054,0.000015,,0.001466,0.000363,,0.000014,0.000017,0.000019,0.000013,0.00001,0.00028,0.000009,0.000008,0.000004,,0.000004,,0.000005,,0.000003,0.000002,,,0.000003,,,,,,,0.0,,0.00001,,,,,,0.0,0.0,,,,,,,,,,,0.001473,0.00001,,,,,0.00027,0.000221,0.000016,0.000009,0.000006,0.000005,0.000005,0.000002,0.000002,0.000002,0.000002,0.000001,0.000001,0.000001,0.000001,0.000001,0.000001,0.000001,0.000001,0.000001,0.000001,0.0,0.0,0.0,0.0,0.0,0.0,0.0,0.0,0.0,0.0,,,,,,,,,,,,,,,,,,,,,,,,
0.00529,0.0,0.0,0.000054,0.000056,0.0,0.005288,0.016667,,,,,,,,,,,,,0.000032,0.000022,,,,,,,,0.000013,0.000008,,0.000007,0.000008,0.000004,,,,0.000004,,,,,,,,,,,,,,,0.000009,,,,,,0.0,,,,,,,,,,,,,,,,,,,,,0.000008,,,0.000003,,,,,,,,,,,,,,,,,,0.000001,,,,0.0,0.0,,,,,,,,,,,,,,,,,,,,,,,,,
0.014931,0.000005,0.000259,0.000087,0.000345,0.000642,0.014286,0.016667,0.0,0.0,0.0,0.0,0.0,0.000005,0.000023,0.000002,0.000044,0.000037,0.000001,0.000152,0.00006,0.000027,,,,,0.000057,,,0.000026,0.000017,,0.000014,0.000015,0.000007,,,,0.000009,,,,,,,,,,,,,,,0.000014,,,,,,0.0,,,,,,,0.000096,,,,,,0.000009,,,,,,,,0.00001,,,0.000002,,,,,,,,,,,,,,,,,,0.0,,,,0.0,0.0,,0.000037,0.00003,0.000021,0.000019,0.000018,0.000016,0.000014,0.000011,0.000007,0.000004,0.000003,0.000002,,,,,,,,,,,,
0.004093,0.0,0.0,0.000086,0.000125,0.0,0.00409,0.016667,,,,,,,,,,,,,0.000076,0.00001,,,,,,,,0.000032,0.000021,,0.00002,0.000018,0.000007,,,,0.000009,,,,,,,,,,,,,,,0.000018,,,,,,0.0,,,,,,,,,,,,,,,,,,,,,0.000017,,,0.000004,,,,,,,,,,,,,,,,,,0.0,,,,0.0,0.0,,,,,,,,,,,,,,,,,,,,,,,,,
0.001607,0.0,0.0,0.000001,0.000081,0.0,0.001605,0.016667,,,,,,,,,,,,,0.0,0.000001,,,,,,,,0.000017,0.000012,,0.000009,0.000011,0.000006,,,,0.000006,,,,,,,,,,,,,,,0.000012,,,,,,0.0,,,,,,,,,,,,,,,,,,,,,0.000015,,,0.000003,,,,,,,,,,,,,,,,,,0.0,,,,0.0,0.000001,,,,,,,,,,,,,,,,,,,,,,,,,
0.007639,0.000002,0.000211,0.000037,0.000268,0.000448,0.007188,0.016667,0.0,0.0,0.0,0.0,0.0,0.000002,0.000059,0.000002,0.000064,0.000036,0.000001,0.000049,0.000015,0.000022,,,,,0.000016,,,0.000014,0.000009,,0.000007,0.000008,0.000004,,,,0.000009,,,,,,,,,,,,,,,0.000008,,,,,,0.0,,0.000001,,,,0.000003,,,,,,,,,,,,,,,0.000009,,,0.000002,,,,,,,,,,,,,,,,,,0.0,,,,0.0,0.0,,0.000084,0.000082,0.000072,0.000016,0.000017,0.000012,0.00001,0.00001,0.000063,0.000004,0.000002,0.000001,0.000002,,,,,,,,,,,
0.006181,0.0,0.0,0.000003,0.000094,0.0,0.006179,0.016667,,,,,,,,,,,,,0.0,0.000003,,,,,,,,0.000026,0.000014,,0.000013,0.000014,0.000005,,,,0.000008,,,,,,,,,,,,,,,0.000014,,,,,,0.0,,,,,,,,,,,,,,,,,,,,,0.000012,,,0.000004,,,,,,,,,,,,,,,,,,0.000001,,,,0.000001,0.0,,,,,,,,,,,,,,,,,,,,,,,,,
0.013886,0.000003,0.000095,0.000093,0.000317,0.000447,0.013437,0.016667,0.0,0.0,0.0,0.0,0.0,0.000003,0.000007,0.000009,0.000043,0.000028,0.000001,0.000007,0.000069,0.000024,,,,,0.000026,,,0.000023,0.000015,,0.000012,0.000013,0.000006,,,,0.000008,,,,,,,,,,,,,,,0.000014,,,,,,0.0,,,,,,,,,,,,,,,,,,,,,0.000012,,,0.000004,,,,,,,,,,,,,,,,,,0.0,,,,0.0,0.0,,0.000032,0.000098,0.000018,0.000084,0.000069,0.000015,0.000013,0.000061,0.000009,0.000006,0.000002,0.000002,,,,,,,,,,,,
0.002565,0.0,0.0,0.000002,0.000111,0.0,0.002562,0.016667,,,,,,,,,,,,,0.0,0.000002,,,,,,,,0.000031,0.000018,,0.000013,0.000017,0.000006,,,,0.000008,,,,,,,,,,,,,,,0.000017,,,,,,0.0,,,,,,,,,,,,,,,,,,,,,0.000017,,,0.000004,,,,,,,,,,,,,,,,,,0.0,,,,0.0,0.0,,,,,,,,,,,,,,,,,,,,,,,,,
0.004004,0.000003,0.00008,0.000006,0.000195,0.000338,0.003664,0.016667,0.0,0.0,0.0,0.0,0.0,0.000003,0.000009,0.000003,0.000044,0.000022,0.0,0.000002,0.0,0.000006,,,,,0.000017,,,0.000023,0.000016,,0.000012,0.000014,0.000007,,,,0.000008,,,,,,,,,,,,,,,0.000013,,,,,,0.000001,,,,,,,,,,,,,,,,,,,,,0.000016,,,0.000003,,,,,,,,,,,,,,,,,,0.0,,,,0.0,0.0,,0.000038,0.000026,0.000021,0.000017,0.000017,0.000012,0.000015,0.000011,0.000006,0.000004,0.000002,0.000002,,,,,,,,,,,,
0.006902,0.0,0.0,0.000107,0.000089,0.0,0.0069,0.016667,,,,,,,,,,,,,0.000086,0.000021,,,,,,,,0.000021,0.000014,,0.00001,0.000012,0.000006,,,,0.000007,,,,,,,,,,,,,,,0.000014,,,,,,0.0,,,,,,,,,,,,,,,,,,,,,0.000015,,,0.000003,,,,,,,,,,,,,,,,,,0.000001,,,,0.000001,0.0,,,,,,,,,,,,,,,,,,,,,,,,,
0.006919,0.0,0.0,0.00003,0.000115,0.0,0.006917,0.016667,,,,,,,,,,,,,0.000017,0.000013,,,,,,,,0.000031,0.000017,,0.000014,0.000017,0.000007,,,,0.000009,,,,,,,,,,,,,,,0.000018,,,,,,0.0,,,,,,,,,,,,,,,,,,,,,0.000017,,,0.000005,,,,,,,,,,,,,,,,,,0.0,,,,0.0,0.0,,,,,,,,,,,,,,,,,,,,,,,,,
0.01434,0.000002,0.000124,0.000028,0.000186,0.000342,0.013994,0.016667,0.0,0.0,0.0,0.0,0.0,0.000002,0.00001,0.000003,0.000058,0.000044,0.000001,0.000008,0.000003,0.000025,,,,,0.000022,,,0.000024,0.000014,,0.000012,0.000013,0.000005,,,,0.000007,,,,,,,,,,,,,,,0.000014,,,,,,0.0,,,,,,,,,,,,,,,,,,,,,0.000011,,,0.000004,,,,,,,,,,,,,,,,,,0.0,,,,0.0,0.0,,0.000032,0.000028,0.000017,0.000018,0.000014,0.000013,0.000014,0.000008,0.000007,0.000003,0.000002,0.000002,,,,,,,,,,,,
0.000675,0.0,0.0,0.000001,0.000089,0.0,0.000673,0.016667,,,,,,,,,,,,,0.0,0.000001,,,,,,,,0.000019,0.00001,,0.000011,0.000012,0.000005,,,,0.000007,,,,0.000006,,,,,,,0.000002,,,,0.000015,,,,,,0.0,,,,,0.0,,,,,,,,,,,,,,,,0.000013,,,0.000004,,,,,,,,,,,,,,,,,,0.0,,,,0.000001,0.0,,,,,,,,,,,,,,,,,,,,,,,,,
0.005851,0.000003,0.000105,0.000094,0.000167,0.000227,0.005623,0.016667,0.0,0.0,0.0,0.0,0.0,0.000003,0.00001,0.000003,0.000059,0.000031,0.000001,0.000001,0.000077,0.000017,,,,,0.000013,,,0.000016,0.00001,,0.00001,0.000009,0.000005,,,,0.000006,,,,,,,,,,,,,,,0.000036,,,,,,0.0,,,,,,,,,,,,,,,,,,,,,0.00001,,,0.000003,,,,,,,,,,,,,,,,,,0.000001,,,,0.0,0.0,,0.000025,0.00002,0.000013,0.000012,0.000011,0.00001,0.00001,0.000007,0.000005,0.000003,0.000001,0.000001,,,,,,,,,,,,
0.005355,0.0,0.0,0.000039,0.00009,0.0,0.005352,0.016667,,,,,,,,,,,,,0.000024,0.000015,,,,,,,,0.00002,0.000014,,0.000011,0.000013,0.000005,,,,0.000006,,,,0.000005,,,,,,,0.000001,,,,0.000014,,,,,,0.0,,,,,,,,,,,,,,,,,,,,,0.000011,,,0.000004,,,,,,,,,,,,,,,,,,0.0,,,,0.000001,0.0,,,,,,,,,,,,,,,,,,,,,,,,,
0.014572,0.0,0.0,0.000031,0.000079,0.0,0.014571,0.016667,,,,,,,,,,,,,0.000012,0.000019,,,,,,,,0.000017,0.000011,,0.000009,0.000011,0.000004,,,,0.000006,,,,0.000003,,,,,,,0.000001,,,,0.000012,,,,,,0.0,,,,,,,,,,,,,,,,,,,,,0.000011,,,0.000004,,,,,,,,,,,,,,,,,,0.0,,,,0.0,0.000001,,,,,,,,,,,,,,,,,,,,,,,,,
0.004361,0.000006,0.00007,0.000094,0.000227,0.000299,0.004059,0.016667,0.0,0.0,0.0,0.0,0.0,0.000006,0.000004,0.000002,0.000043,0.000019,0.0,0.000002,0.000086,0.000008,,,,,0.00002,,,0.000031,0.000018,,0.000016,0.000019,0.000007,,,,0.000009,,,,0.000005,,,,,,,0.000002,,,,0.000016,,,,,,0.0,,,,,,,,,,,,,,,,,,,,,0.000016,,,0.000004,,,,,,,,,,,,,,,,,,0.0,,,,0.0,0.0,,0.000037,0.00003,0.00002,0.000019,0.000017,0.000012,0.000015,0.00001,0.000008,0.000004,0.000002,0.000001,,,,,,,,,,,,
0.000699,0.0,0.0,0.0,0.000089,0.0,0.000697,0.016667,,,,,,,,,,,,,0.0,0.0,,,,,,,,0.000019,0.000014,,0.000011,0.000011,0.000006,,,,0.000008,,,,,,,,,,,,,,,0.000016,,,,,,0.0,,,,,,,,,,,,,,,,,,,,,0.000014,,,0.000003,,,,,,,,,,,,,,,,,,0.0,,,,0.0,0.0,,,,,,,,,,,,,,,,,,,,,,,,,
0.006553,0.000002,0.000074,0.000012,0.000158,0.000239,0.006313,0.016667,0.0,0.0,0.0,0.0,0.0,0.000002,0.000005,0.000003,0.000045,0.000019,0.000001,0.000001,0.0,0.000012,,,,,0.000013,,,0.000015,0.000009,,0.00001,0.000009,0.000008,,,,0.000006,,,,,,,,,,,,,,,0.000012,,,,,,0.000001,,,,,,,,,,,,,,,,,,,,,0.000009,,,0.000002,,,,,,,,,,,,,,,,,,0.0,,,,0.000001,0.0,,0.000032,0.000023,0.000017,0.000015,0.000015,0.000011,0.000013,0.000009,0.000005,0.000004,0.000002,0.000002,,,,,,,,,,,,
0.006795,0.0,0.0,0.000027,0.000097,0.0,0.006794,0.016667,,,,,,,,,,,,,0.000015,0.000012,,,,,,,,0.000025,0.000014,,0.000012,0.000013,0.000005,,,,0.000007,,,,,,,,,,,,,,,0.000015,,,,,,0.0,,,,,,,,,,,,,,,,,,,,,0.000017,,,0.000004,,,,,,,,,,,,,,,,,,0.0,,,,0.0,0.0,,,,,,,,,,,,,,,,,,,,,,,,,
0.014579,0.000003,0.000048,0.000114,0.000169,0.000273,0.014304,0.016667,0.0,0.0,0.0,0.0,0.0,0.000003,0.000004,0.000002,0.000035,0.000005,0.0,0.000002,0.00009,0.000024,,,,,0.000017,,,0.00002,0.000016,,0.000011,0.000012,0.000005,,,,0.000006,,,,,,,,,,,,,,,0.000013,,,,,,0.0,,,,,,,,,,,,,,,,,,,,,0.000013,,,0.000003,,,,,,,,,,,,,,,,,,0.0,,,,0.0,0.0,,0.000026,0.000023,0.000014,0.000014,0.000012,0.000011,0.000011,0.000007,0.000006,0.000003,0.000002,0.000001,,,,,,,,,,,,
0.004468,0.0,0.0,0.000002,0.000094,0.0,0.004465,0.016667,,,,,,,,,,,,,0.0,0.000002,,,,,,,,0.000021,0.000013,,0.000011,0.000013,0.000005,,,,0.000007,,,,0.000004,,,,,,,0.000001,,,,0.000015,,,,,,0.0,,,,,,,,,,,,,,,,,,,,,0.000013,,,0.000004,,,,,,,,,,,,,,,,,,0.0,,,,0.000001,0.000001,,,,,,,,,,,,,,,,,,,,,,,,,
0.000988,0.0,0.0,0.000002,0.000139,0.0,0.000985,0.016667,,,,,,,,,,,,,0.0,0.000002,,,,,,,,0.000037,0.000017,,0.000016,0.00002,0.000009,,,,0.000011,,,,,,,,,,,,,,,0.000023,,,,,,0.0,,,,,,,,,,,,,,,,,,,,,0.000022,,,0.000005,,,,,,,,,,,,,,,,,,0.000001,,,,0.0,0.0,,,,,,,,,,,,,,,,,,,,,,,,,
0.007683,0.000003,0.00009,0.000068,0.000513,0.000485,0.007196,0.016667,0.0,0.0,0.0,0.0,0.0,0.000003,0.000004,0.000002,0.000054,0.000028,0.0,0.000002,0.000053,0.000015,,,,,0.000024,,,0.000168,0.00003,,0.000029,0.000032,0.00001,,,,0.000013,,,,,,,,,,,,,,,0.0001,,,,,,0.0,,,,,,,,,,,,,,,,,,,,,0.000022,,,0.000008,,,,,,,,,,,,,,,,,,0.000001,,,,0.000001,0.0,,0.000061,0.000031,0.000027,0.00002,0.000017,0.000013,0.000031,0.000011,0.000008,0.000004,0.000002,0.000002,,,,,,,,,,,,
0.006272,0.0,0.0,0.000041,0.000087,0.0,0.006271,0.016667,,,,,,,,,,,,,0.000022,0.000019,,,,,,,,0.000024,0.000013,,0.000013,0.000012,0.000004,,,,0.000006,,,,,,,,,,,,,,,0.000014,,,,,,0.0,,,,,,,,,,,,,,,,,,,,,0.000011,,,0.000004,,,,,,,,,,,,,,,,,,0.0,,,,0.000001,0.000001,,,,,,,,,,,,,,,,,,,,,,,,,
0.014143,0.000002,0.00021,0.000079,0.000221,0.000343,0.013798,0.016667,0.0,0.0,0.0,0.0,0.0,0.000002,0.000011,0.000007,0.000146,0.000038,0.000001,0.000007,0.000054,0.000025,,,,,0.00002,,,0.000023,0.000014,,0.000013,0.000014,0.000006,,,,0.000008,,,,,,,,,,,,,,,0.000021,,,,,,0.000001,,,,,,,,,,,,,,,,,,,,,0.000018,,,0.000004,,,,,,,,,,,,,,,,,,0.000001,,,,0.0,0.000001,,0.000039,0.000029,0.000021,0.000019,0.000018,0.000014,0.000016,0.000012,0.000007,0.000004,0.000003,0.000002,,,,,,,,,,,,
0.004184,0.0,0.0,0.000003,0.000114,0.0,0.004181,0.016667,,,,,,,,,,,,,0.0,0.000003,,,,,,,,0.000029,0.000017,,0.000014,0.000015,0.000007,,,,0.000008,,,,,,,,,,,,,,,0.000018,,,,,,0.0,,,,,,,,,,,,,,,,,,,,,0.000019,,,0.000005,,,,,,,,,,,,,,,,,,0.000001,,,,0.0,0.0,,,,,,,,,,,,,,,,,,,,,,,,,
0.001874,0.0,0.0,0.000018,0.000128,0.0,0.001872,0.016667,,,,,,,,,,,,,0.000012,0.000006,,,,,,,,0.000031,0.000017,,0.000015,0.000017,0.000008,,,,0.00001,,,,,,,,,,,,,,,0.000025,,,,,,0.0,,,,,,,,,,,,,,,,,,,,,0.00002,,,0.000005,,,,,,,,,,,,,,,,,,0.0,,,,0.0,0.0,,,,,,,,,,,,,,,,,,,,,,,,,
0.007078,0.000002,0.000103,0.000004,0.000169,0.000384,0.006693,0.016667,0.0,0.0,0.0,0.0,0.0,0.000002,0.000007,0.000003,0.000057,0.000024,0.0,0.000012,0.0,0.000004,,,,,0.000016,,,0.000024,0.000013,,0.000012,0.000015,0.000005,,,,0.000008,,,,,,,,,,,,,,,0.000013,,,,,,0.000001,,,,,,,,,,,,,,,,,,,,,0.000013,,,0.000003,,,,,,,,,,,,,,,,,,0.0,,,,0.000001,0.000001,,0.000025,0.000022,0.000013,0.000014,0.000012,0.00001,0.00001,0.000007,0.000005,0.000003,0.000001,0.000001,,,,,,,,,,,,
0.007072,0.0,0.0,0.000109,0.000079,0.0,0.00707,0.016667,,,,,,,,,,,,,0.000092,0.000017,,,,,,,,0.000021,0.000013,,0.000011,0.000011,0.000004,,,,0.000006,,,,,,,,,,,,,,,0.000013,,,,,,0.0,,,,,,,,,,,,,,,,,,,,,0.00001,,,0.000003,,,,,,,,,,,,,,,,,,0.0,,,,0.000001,0.0,,,,,,,,,,,,,,,,,,,,,,,,,
0.014727,0.000002,0.000098,0.000037,0.000218,0.000362,0.014363,0.016667,0.0,0.0,0.0,0.0,0.0,0.000002,0.000004,0.000002,0.000046,0.000039,0.0,0.000007,0.000016,0.000021,,,,,0.000018,,,0.00002,0.000014,,0.000011,0.000012,0.000004,,,,0.000007,,,,,,,,,,,,,,,0.000012,,,,,,0.0,,,,,,,,,,,,,,,,,,,,,0.000011,,,0.000003,,,,,,,,,,,,,,,,,,0.0,,,,0.000001,0.0,,0.000026,0.000078,0.000014,0.000063,0.000014,0.000012,0.000011,0.000008,0.00001,0.000003,0.000002,0.000002,,,,,,,,,,,,
0.001707,0.0,0.0,0.00006,0.000114,0.0,0.001705,0.016667,,,,,,,,,,,,,0.000053,0.000007,,,,,,,,0.000028,0.000018,,0.000013,0.000016,0.000007,,,,0.000009,,,,,,,,,,,,,,,0.000019,,,,,,0.0,,,,,,,,,,,,,,,,,,,,,0.000016,,,0.000005,,,,,,,,,,,,,,,,,,0.0,,,,0.0,0.000001,,,,,,,,,,,,,,,,,,,,,,,,,
0.003509,0.000004,0.000062,0.000001,0.000168,0.000305,0.003202,0.016667,0.0,0.0,0.0,0.0,0.0,0.000004,0.000007,0.000003,0.00004,0.000006,0.0,0.000006,0.0,0.000001,,,,,0.000016,,,0.000015,0.000015,,0.000008,0.00001,0.000004,,,,0.000005,,,,0.000005,,,,,,,0.000001,,,,0.000008,,,,,,0.0,,,,,,,,,,,,,,,,,,,,,0.00001,,,0.000003,,,,,,,,,,,,,,,,,,0.0,,,,0.0,0.0,,0.000037,0.000027,0.000019,0.000017,0.000017,0.000012,0.000015,0.00001,0.000005,0.000004,0.000002,0.000001,,,,,,,,,,,,
0.00701,0.0,0.0,0.000024,0.000078,0.0,0.007009,0.016667,,,,,,,,,,,,,0.00001,0.000014,,,,,,,,0.000016,0.000013,,0.000009,0.00001,0.000006,,,,0.000006,,,,,,,,,,,,,,,0.000013,,,,,,0.0,,,,,,,,,,,,,,,,,,,,,0.000014,,,0.000003,,,,,,,,,,,,,,,,,,0.0,,,,0.0,0.0,,,,,,,,,,,,,,,,,,,,,,,,,
0.006827,0.0,0.0,0.000006,0.000111,0.0,0.006824,0.016667,,,,,,,,,,,,,0.0,0.000006,,,,,,,,0.000027,0.000018,,0.000013,0.000014,0.000007,,,,0.000009,,,,,,,,,,,,,,,0.000019,,,,,,0.0,,,,,,,,,,,,,,,,,,,,,0.000018,,,0.000004,,,,,,,,,,,,,,,,,,0.0,,,,0.0,0.0,,,,,,,,,,,,,,,,,,,,,,,,,
0.014059,0.000003,0.000108,0.000081,0.000176,0.000296,0.013761,0.016667,0.0,0.0,0.0,0.0,0.0,0.000003,0.000006,0.000003,0.000055,0.000037,0.0,0.000007,0.000036,0.000045,,,,,0.000019,,,0.000025,0.000014,,0.000012,0.000014,0.000005,,,,0.000007,,,,,,,,,,,,,,,0.000014,,,,,,0.0,,,,,,,,,,,,,,,,,,,,,0.00001,,,0.000003,,,,,,,,,,,,,,,,,,0.0,,,,0.0,0.0,,0.000028,0.000024,0.000014,0.000014,0.000012,0.000011,0.000013,0.000007,0.000006,0.000003,0.000002,0.000001,,,,,,,,,,,,
0.000847,0.0,0.0,0.0,0.000119,0.0,0.000844,0.016667,,,,,,,,,,,,,0.0,0.0,,,,,,,,0.00003,0.000018,,0.000019,0.000016,0.000007,,,,0.000009,,,,,,,,,,,,,,,0.000018,,,,,,0.0,,,,,,,,,,,,,,,,,,,,,0.000017,,,0.000004,,,,,,,,,,,,,,,,,,0.000001,,,,0.0,0.0,,,,,,,,,,,,,,,,,,,,,,,,,
0.00574,0.000003,0.000102,0.000087,0.000174,0.000319,0.005419,0.016667,0.0,0.0,0.0,0.0,0.0,0.000003,0.000009,0.000004,0.000056,0.000024,0.000001,0.000008,0.000077,0.00001,,,,,0.000017,,,0.000017,0.00001,,0.000015,0.00001,0.000004,,,,0.000006,,,,,,,,,,,,,,,0.000012,,,,,,0.0,,,,,,,,,,,,,,,,,,,,,0.000011,,,0.000002,,,,,,,,,,,,,,,,,,0.0,,,,0.0,0.0,,0.000036,0.000027,0.000019,0.000018,0.000017,0.000013,0.000015,0.00001,0.000006,0.000004,0.000002,0.000002,,,,,,,,,,,,
0.006706,0.0,0.0,0.000008,0.000144,0.0,0.006704,0.016667,,,,,,,,,,,,,0.0,0.000008,,,,,,,,0.00002,0.000015,,0.000011,0.000011,0.000006,,,,0.000007,,,,,,,,,,,,,,,0.000015,,,,,,0.000001,,,,,,,,,,,,,,,,,,,,,0.000067,,,0.000088,,,,,,,,,,,,,,,,,,0.0,,,,0.000001,0.000001,,,,,,,,,,,,,,,,,,,,,,,,,
0.020663,0.0,0.0,0.000131,0.000117,0.0,0.02066,0.016667,,,,,,,,,,,,,0.000097,0.000034,,,,,,,,0.000029,0.000018,,0.000014,0.000016,0.000007,,,,0.000008,,,,,,,,,,,,,,,0.000019,,,,,,0.000001,,,,,,,,,,,,,,,,,,,,,0.000018,,,0.000004,,,,,,,,,,,,,,,,,,0.0,,,,0.000001,0.0,,,,,,,,,,,,,,,,,,,,,,,,,
0.001367,0.000003,0.000105,0.000002,0.000214,0.000385,0.00098,0.016667,0.0,0.0,0.0,0.0,0.0,0.000003,0.000006,0.000002,0.000044,0.000038,0.0,0.000015,0.0,0.000002,,,,,0.000019,,,0.000025,0.000015,,0.000014,0.000015,0.000006,,,,0.000008,,,,,,,,,,,,,,,0.000021,,,,,,0.0,,,,,,,,,,,,,,,,,,,,,0.000018,,,0.000004,,,,,,,,,,,,,,,,,,0.000001,,,,0.0,0.0,,0.000037,0.000029,0.00002,0.000019,0.000017,0.000013,0.000015,0.00001,0.000007,0.000005,0.000002,0.000002,,,,,,,,,,,,
0.000425,0.0,0.0,0.0,0.000064,0.0,0.000424,0.016667,,,,,,,,,,,,,0.0,0.0,,,,,,,,0.000013,0.000009,,0.000009,0.000007,0.000004,,,,0.000005,,,,,,,,,,,,,,,0.000011,,,,,,0.0,,,,,,,,,,,,,,,,,,,,,0.000011,,,0.000002,,,,,,,,,,,,,,,,,,0.0,,,,0.000001,0.0,,,,,,,,,,,,,,,,,,,,,,,,,
0.011759,0.000002,0.000141,0.000092,0.000104,0.000171,0.011587,0.016667,0.0,0.0,0.0,0.0,0.0,0.000002,0.000006,0.000003,0.000097,0.000033,0.000001,0.000001,0.000069,0.000023,,0.0,,,0.000009,,,0.000008,0.000007,,0.000006,0.000005,0.000004,,,,0.000003,,,,,,,,,,,,,,,0.000006,,,,,,0.0,,,,,,,,,,,,,,,,,,,,,0.000006,,,0.000002,,,,,,,,,,,,,,,,,,0.0,,,,0.0,0.0,,0.000024,0.000017,0.000013,0.000011,0.000011,0.000008,0.00001,0.000007,0.000004,0.000003,0.000001,0.000001,,,,,,,,,,,,
0.011192,0.0,0.0,0.000037,0.000088,0.0,0.01119,0.016667,,,,,,,,,,,,,0.000014,0.000023,,,,,,,,0.000024,0.000013,,0.000011,0.000013,0.000005,,,,0.000007,,,,,,,,,,,,,,,0.000015,,,,,,0.0,,,,,,,,,,,,,,,,,,,,,0.000012,,,0.000003,,,,,,,,,,,,,,,,,,0.0,,,,0.0,0.0,,,,,,,,,,,,,,,,,,,,,,,,,
0.004489,0.000008,0.000044,0.000003,0.000296,0.000549,0.003934,0.016667,0.0,0.0,0.0,0.0,0.0,0.000008,0.000002,0.000001,0.00003,0.000006,0.0,0.000005,0.0,0.000003,,,,,0.00006,,,0.000018,0.000015,,0.000013,0.000011,0.000005,,,,0.000006,,,,,,,,,,,,,,,0.000011,,,,,,0.000001,,,,,,,,,,,,,,,,,,,,,0.00001,,,0.000002,,,,,,,,,,,,,,,,,,0.0,,,,0.0,0.000001,,0.000059,0.000063,0.000028,0.000039,0.000025,0.000033,0.000026,0.000013,0.000015,0.000007,0.000005,0.000004,,,,,,,,,,,,
0.004939,0.0,0.0,0.000058,0.000093,0.0,0.004937,0.016667,,,,,,,,,,,,,0.000051,0.000007,,,,,,,,0.000021,0.000014,,0.000011,0.000011,0.000006,,,,0.000007,,,,,,,,,,,,,,,0.000016,,,,,,0.0,,,,,,,,,,,,,,,,,,,,,0.000016,,,0.000004,,,,,,,,,,,,,,,,,,0.0,,,,0.0,0.0,,,,,,,,,,,,,,,,,,,,,,,,,
0.006915,0.0,0.0,0.000038,0.000094,0.0,0.006914,0.016667,,,,,,,,,,,,,0.000022,0.000016,,,,,,,,0.000023,0.000014,,0.000012,0.000012,0.000006,,,,0.000007,,,,,,,,,,,,,,,0.000016,,,,,,0.0,,,,,,,,,,,,,,,,,,,,,0.000015,,,0.000004,,,,,,,,,,,,,,,,,,0.0,,,,0.0,0.0,,,,,,,,,,,,,,,,,,,,,,,,,
0.00681,0.000003,0.000054,0.000008,0.000195,0.0003,0.006507,0.016667,0.0,0.0,0.0,0.0,0.0,0.000003,0.000005,0.000002,0.000034,0.000011,0.0,0.000002,0.0,0.000008,,,,,0.000022,,,0.000023,0.000016,,0.000013,0.000013,0.000006,,,,0.000008,,,,,,,,,,,,,,,0.000013,,,,,,0.0,,,,,,,,,,,,,,,,,,,,,0.000012,,,0.000003,,,,,,,,,,,,,,,,,,0.000001,,,,0.000001,0.0,,0.000032,0.00003,0.000017,0.000018,0.000015,0.000014,0.000013,0.000009,0.000007,0.000004,0.000002,0.000001,,,,,,,,,,,,
0.014798,0.0,0.0,0.000117,0.000105,0.0,0.014796,0.016667,,,,,,,,,,,,,0.00008,0.000037,,,,,,,,0.000026,0.000015,,0.000012,0.000013,0.000006,,,,0.000009,,,,,,,,,,,,,,,0.00002,,,,,,0.0,,,,,,,,,,,,,,,,,,,,,0.000015,,,0.000005,,,,,,,,,,,,,,,,,,0.0,,,,0.0,0.0,,,,,,,,,,,,,,,,,,,,,,,,,
0.003503,0.000002,0.000057,0.000003,0.000178,0.000284,0.003217,0.016667,0.0,0.0,0.0,0.0,0.0,0.000002,0.000003,0.000003,0.000041,0.000009,0.0,0.000001,0.0,0.000003,,,,,0.000017,,,0.00002,0.000016,,0.00002,0.000012,0.000006,,,,0.000008,,,,,,,,,,,,,,,0.000013,,,,,,0.000001,,,,,,,,,,,,,,,,,,,,,0.000011,,,0.000003,,,,,,,,,,,,,,,,,,0.0,,,,0.0,0.0,,0.000025,0.000023,0.000013,0.000014,0.000012,0.00001,0.00001,0.000007,0.000006,0.000003,0.000002,0.000002,,,,,,,,,,,,
0.002203,0.0,0.0,0.0,0.000089,0.0,0.002202,0.016667,,,,,,,,,,,,,0.0,0.0,,,,,,,,0.000017,0.000014,,0.000011,0.00001,0.000007,,,,0.000007,,,,,,,,,,,,,,,0.000014,,,,,,0.000001,,,,,,,,,,,,,,,,,,,,,0.000015,,,0.000003,,,,,,,,,,,,,,,,,,0.000001,,,,0.000001,0.0,,,,,,,,,,,,,,,,,,,,,,,,,
0.006954,0.0,0.0,0.000057,0.000078,0.0,0.006953,0.016667,,,,,,,,,,,,,0.000033,0.000024,,,,,,,,0.000015,0.000012,,0.000009,0.000009,0.000006,,,,0.000006,,,,,,,,,,,,,,,0.000013,,,,,,0.0,,,,,,,,,,,,,,,,,,,,,0.000014,,,0.000003,,,,,,,,,,,,,,,,,,0.0,,,,0.000001,0.0,,,,,,,,,,,,,,,,,,,,,,,,,
0.006953,0.000003,0.000104,0.000074,0.000251,0.000379,0.006572,0.016667,0.0,0.0,0.0,0.0,0.0,0.000003,0.000002,0.000002,0.000056,0.000042,0.0,0.000002,0.00006,0.000014,,,,,0.000021,,,0.000029,0.000022,,0.000017,0.000017,0.000009,,,,0.000012,,,,,,,,,,,,,,,0.000023,,,,,,0.0,,,,,,,,,,,,,,,,,,,,,0.000022,,,0.000005,,,,,,,,,,,,,,,,,,0.000001,,,,0.0,0.000001,,0.000038,0.000031,0.00002,0.00002,0.000021,0.000013,0.000015,0.000013,0.000008,0.000005,0.000003,0.000001,,,,,,,,,,,,
0.014766,0.0,0.0,0.000035,0.000098,0.0,0.014764,0.016667,,,,,,,,,,,,,0.000016,0.000019,,,,,,,,0.000027,0.000015,,0.000013,0.000014,0.000005,,,,0.000007,,,,,,,,,,,,,,,0.000016,,,,,,0.0,,,,,,,,,,,,,,,,,,,,,0.000013,,,0.000005,,,,,,,,,,,,,,,,,,0.0,,,,0.000001,0.0,,,,,,,,,,,,,,,,,,,,,,,,,
0.001309,0.000003,0.000131,0.000001,0.00019,0.000323,0.000984,0.016667,0.0,0.0,0.0,0.0,0.0,0.000003,0.000004,0.000002,0.000073,0.000049,0.000001,0.000002,0.0,0.000001,,,,,0.00002,,,0.000021,0.000013,,0.000014,0.000012,0.000005,,,,0.000007,,,,,,,,,,,,,,,0.000013,,,,,,0.0,,,,,,,,,,,,,,,,,,,,,0.000011,,,0.000003,,,,,,,,,,,,,,,,,,0.000001,,,,0.0,0.0,,0.000036,0.00003,0.000019,0.000019,0.000016,0.000013,0.000015,0.000011,0.000008,0.000004,0.000002,0.000002,,,,,,,,,,,,
0.004288,0.0,0.0,0.000126,0.000071,0.0,0.004286,0.016667,,,,,,,,,,,,,0.000104,0.000022,,,,,,,,0.000018,0.000008,,0.00001,0.00001,0.000004,,,,0.000007,,,,,,,,,,,,,,,0.000011,,,,,,0.0,,,,,,,,,,,,,,,,,,,,,0.000011,,,0.000003,,,,,,,,,,,,,,,,,,0.0,,,,0.0,0.000001,,,,,,,,,,,,,,,,,,,,,,,,,
0.006665,0.000003,0.000084,0.000005,0.000188,0.000273,0.006389,0.016667,0.0,0.0,0.0,0.0,0.0,0.000003,0.000005,0.000002,0.000044,0.00003,0.000001,0.000002,0.0,0.000005,,,,,0.000017,,,0.000026,0.000017,,0.000014,0.000016,0.000006,,,,0.000009,,,,,,,,,,,,,,,0.000017,,,,,,0.0,,,,,,,,,,,,,,,,,,,,,0.000017,,,0.000014,,,,,,,,,,,,,,,,,,0.0,,,,0.0,0.0,,0.000025,0.000023,0.000014,0.000014,0.000012,0.00001,0.000011,0.000006,0.000005,0.000003,0.000002,0.000001,,,,,,,,,,,,
0.007168,0.0,0.0,0.000014,0.000089,0.0,0.007165,0.016667,,,,,,,,,,,,,0.000002,0.000012,,,,,,,,0.000022,0.000013,,0.000012,0.000012,0.000006,,,,0.000007,,,,,,,,,,,,,,,0.000014,,,,,,0.0,,,,,,,,,,,,,,,,,,,,,0.000013,,,0.000003,,,,,,,,,,,,,,,,,,0.000001,,,,0.0,0.0,,,,,,,,,,,,,,,,,,,,,,,,,
0.015337,0.0,0.0,0.000114,0.000115,0.0,0.015335,0.016667,,,,,,,,,,,,,0.000083,0.000031,,,,,,,,0.000036,0.00002,,0.000017,0.00002,0.000005,,,,0.000009,,,,,,,,,,,,,,,0.000016,,,,,,0.0,,,,,,,,,,,,,,,,,,,,,0.000011,,,0.000004,,,,,,,,,,,,,,,,,,0.0,,,,0.0,0.0,,,,,,,,,,,,,,,,,,,,,,,,,
0.000973,0.000008,0.000091,0.000002,0.000199,0.000383,0.000585,0.016667,0.0,0.0,0.0,0.0,0.0,0.000008,0.000002,0.000002,0.000062,0.000019,0.000001,0.000005,0.0,0.000002,,,,,0.000056,,,0.00002,0.000014,,0.000011,0.000011,0.000005,,,,0.000007,,,,,,,,,,,,,,,0.000011,,,,,,0.0,,,,,,,,,,,,,,,,,,,,,0.00001,,,0.000003,,,,,,,,,,,,,,,,,,0.0,,,,0.000001,0.0,,0.000025,0.000023,0.000014,0.000014,0.000012,0.00001,0.00001,0.000007,0.000006,0.000003,0.000001,0.000002,,,,,,,,,,,,
0.00412,0.0,0.0,0.000003,0.00006,0.0,0.004118,0.016667,,,,,,,,,,,,,0.0,0.000003,,,,,,,,0.000013,0.000008,,0.000008,0.000007,0.000004,,,,0.000005,,,,,,,,,,,,,,,0.000009,,,,,,0.0,,,,,,,,,,,,,,,,,,,,,0.000011,,,0.000002,,,,,,,,,,,,,,,,,,0.0,,,,0.0,0.000001,,,,,,,,,,,,,,,,,,,,,,,,,
0.006778,0.000003,0.000064,0.000029,0.000198,0.000302,0.006474,0.016667,0.0,0.0,0.0,0.0,0.0,0.000003,0.000003,0.000002,0.000039,0.000017,0.000001,0.000002,0.000011,0.000018,,,,,0.000014,,,0.000024,0.000017,,0.000015,0.000014,0.000006,,,,0.000008,,,,,,,,,,,,,,,0.000017,,,,,,0.0,,,,,,,,,,,,,,,,,,,,,0.000015,,,0.000003,,,,,,,,,,,,,,,,,,0.0,,,,0.0,0.000001,,0.000036,0.000025,0.000019,0.000018,0.000017,0.000011,0.000014,0.000011,0.000005,0.000004,0.000002,0.000001,,,,,,,,,,,,
0.016287,0.0,0.0,0.000109,0.000109,0.0,0.016285,0.016667,,,,,,,,,,,,,0.000077,0.000032,,,,,,,,0.000026,0.000016,,0.000013,0.000015,0.000007,,,,0.000008,,,,,,,,,,,,,,,0.000018,,,,,,0.0,,,,,,,,,,,,,,,,,,,,,0.000018,,,0.000004,,,,,,,,,,,,,,,,,,0.0,,,,0.0,0.000001,,,,,,,,,,,,,,,,,,,,,,,,,
0.004287,0.000003,0.000106,0.000002,0.000279,0.000461,0.003822,0.016667,0.0,0.0,0.0,0.0,0.0,0.000003,0.000004,0.000002,0.000054,0.000044,0.0,0.000002,0.0,0.000002,,,,,0.000021,,,0.000031,0.000023,,0.000024,0.000018,0.00001,,,,0.000012,,,,,,,,,,,,,,,0.000023,,,,,,0.0,,,,,,,,,,,,,,,,,,,,,0.00002,,,0.000004,,,,,,,,,,,,,,,,,,0.000001,,,,0.0,0.0,,0.000053,0.000031,0.000026,0.00002,0.000026,0.000013,0.000025,0.000014,0.000007,0.000008,0.000002,0.000002,,,,,,,,,,,,
0.000601,0.0,0.0,0.0,0.000088,0.0,0.000599,0.016667,,,,,,,,,,,,,0.0,0.0,,,,,,,,0.000023,0.000014,,0.000012,0.000013,0.000005,,,,0.000007,,,,,,,,,,,,,,,0.000013,,,,,,0.0,,,,,,,,,,,,,,,,,,,,,0.000012,,,0.000004,,,,,,,,,,,,,,,,,,0.0,,,,0.0,0.0,,,,,,,,,,,,,,,,,,,,,,,,,
0.013169,0.0,0.0,0.00014,0.000046,0.0,0.013168,0.016667,,,,,,,,,,,,,0.000115,0.000025,,,,,,,,0.00001,0.000007,,0.000006,0.000005,0.000003,,,,0.000004,,,,,,,,,,,,,,,0.000008,,,,,,0.0,,,,,,,,,,,,,,,,,,,,,0.000009,,,0.000002,,,,,,,,,,,,,,,,,,0.0,,,,0.0,0.0,,,,,,,,,,,,,,,,,,,,,,,,,
0.015607,0.000004,0.000113,0.000151,0.000182,0.0003,0.015305,0.016667,0.0,0.0,0.0,0.0,0.0,0.000004,0.000008,0.000006,0.000067,0.000029,0.000001,0.000002,0.000115,0.000036,,,,,0.000017,,,0.000025,0.000015,,0.000017,0.000014,0.000006,,,,0.00001,,,,,,,,,,,,,,,0.000013,,,,,,0.0,,,,,,,,,,,,,,,,,,,,,0.000014,,,0.000003,,,,,,,,,,,,,,,,,,0.000001,,,,0.0,0.000001,,0.000025,0.000023,0.000014,0.000015,0.000012,0.00001,0.000011,0.000007,0.000006,0.000003,0.000001,0.000001,,,,,,,,,,,,
0.004277,0.0,0.0,0.000003,0.000115,0.0,0.004274,0.016667,,,,,,,,,,,,,0.0,0.000003,,,,,,,,0.000029,0.000017,,0.000014,0.000016,0.000007,,,,0.000008,,,,,,,,,,,,,,,0.00002,,,,,,0.000001,,,,,,,,,,,,,,,,,,,,,0.000018,,,0.000005,,,,,,,,,,,,,,,,,,0.0,,,,0.0,0.0,,,,,,,,,,,,,,,,,,,,,,,,,
0.00128,0.000003,0.000051,0.000021,0.000229,0.000311,0.000967,0.016667,0.0,0.0,0.0,0.0,0.0,0.000003,0.000003,0.000002,0.000035,0.000009,0.0,0.000002,0.000014,0.000007,,,,,0.000017,,,0.000023,0.000015,,0.000017,0.000013,0.000009,,,,0.000012,,,,,,,,,,,,,,,0.000022,,,,,,0.0,,,,,,,,,,,,,,,,,,,,,0.000021,,,0.000003,,,,,,,,,,,,,,,,,,0.0,,,,0.000001,0.0,,0.000037,0.000028,0.00002,0.000018,0.000017,0.000022,0.000016,0.00001,0.000007,0.000004,0.000004,0.000003,,,,,,,,,,,,
0.006612,0.0,0.0,0.000002,0.000117,0.0,0.006611,0.016667,,,,,,,,,,,,,0.0,0.000002,,,,,,,,0.000022,0.000016,,0.000022,0.000013,0.000008,,,,0.00001,,,,,,,,,,,,,,,0.000018,,,,,,0.000001,,,,,,,,,,,,,,,,,,,,,0.000018,,,0.000004,,,,,,,,,,,,,,,,,,0.000001,,,,0.0,0.0,,,,,,,,,,,,,,,,,,,,,,,,,
0.006997,0.000004,0.000082,0.000025,0.000235,0.000338,0.006657,0.016667,0.0,0.0,0.0,0.0,0.0,0.000004,0.000003,0.000003,0.00005,0.000024,0.0,0.000002,0.000011,0.000014,,,,,0.000021,,,0.000029,0.00002,,0.000015,0.000018,0.000007,,,,0.000009,,,,,,,,,,,,,,,0.000019,,,,,,0.000001,,,,,,,,,,,,,,,,,,,,,0.000016,,,0.000004,,,,,,,,,,,,,,,,,,0.0,,,,0.0,0.0,,0.00004,0.000033,0.000022,0.000021,0.000018,0.000014,0.000017,0.000011,0.000007,0.000005,0.000003,0.000002,,,,,,,,,,,,
0.01402,0.0,0.0,0.000114,0.000114,0.0,0.014018,0.016667,,,,,,,,,,,,,0.000085,0.000029,,,,,,,,0.000033,0.000017,,0.000016,0.000015,0.000006,,,,0.000009,,,,,,,,,,,,,,,0.000017,,,,,,0.000001,,,,,,,,,,,,,,,,,,,,,0.000014,,,0.000004,,,,,,,,,,,,,,,,,,0.0,,,,0.0,0.0,,,,,,,,,,,,,,,,,,,,,,,,,
0.004044,0.000003,0.000082,0.000025,0.000163,0.000273,0.003769,0.016667,0.0,0.0,0.0,0.0,0.0,0.000003,0.000005,0.000002,0.000048,0.000024,0.000001,0.000002,0.000017,0.000008,,,,,0.000017,,,0.000021,0.000013,,0.000011,0.000011,0.000005,,,,0.000007,,,,,,,,,,,,,,,0.000011,,,,,,0.0,,,,,,,,,,,,,,,,,,,,,0.000011,,,0.000003,,,,,,,,,,,,,,,,,,0.0,,,,0.0,0.0,,0.000026,0.000023,0.000014,0.000014,0.000012,0.000011,0.00001,0.000007,0.000006,0.000004,0.000002,0.000001,,,,,,,,,,,,
0.002358,0.0,0.0,0.000004,0.000093,0.0,0.002355,0.016667,,,,,,,,,,,,,0.0,0.000004,,,,,,,,0.000019,0.000014,,0.000011,0.000011,0.000008,,,,0.000008,,,,,,,,,,,,,,,0.000013,,,,,,0.000001,,,,,,,,,,,,,,,,,,,,,0.000016,,,0.000003,,,,,,,,,,,,,,,,,,0.0,,,,0.0,0.000001,,,,,,,,,,,,,,,,,,,,,,,,,
0.006551,0.0,0.0,0.000153,0.000104,0.0,0.006549,0.016667,,,,,,,,,,,,,0.000134,0.000019,,,,,,,,0.000024,0.000015,,0.000013,0.000012,0.000007,,,,0.000008,,,,,,,,,,,,,,,0.000018,,,,,,0.0,,,,,,,,,,,,,,,,,,,,,0.000016,,,0.000004,,,,,,,,,,,,,,,,,,0.000001,,,,0.0,0.000001,,,,,,,,,,,,,,,,,,,,,,,,,
0.007261,0.000002,0.000088,0.000007,0.000158,0.000294,0.006964,0.016667,0.0,0.0,0.0,0.0,0.0,0.000002,0.000003,0.000002,0.000047,0.000034,0.0,0.000002,0.0,0.000007,,,,,0.000017,,,0.000019,0.000012,,0.000011,0.00001,0.000005,,,,0.000007,,,,,,,,,,,,,,,0.000011,,,,,,0.0,,,,,,,,,,,,,,,,,,,,,0.000011,,,0.000002,,,,,,,,,,,,,,,,,,0.0,,,,0.0,0.0,,0.000026,0.000024,0.000014,0.000014,0.000011,0.000011,0.000011,0.000007,0.000006,0.000003,0.000001,0.000002,,,,,,,,,,,,
0.014383,0.0,0.0,0.00011,0.000121,0.0,0.014381,0.016667,,,,,,,,,,,,,0.000075,0.000035,,,,,,,,0.000033,0.000018,,0.000016,0.000017,0.000007,,,,0.000009,,,,,,,,,,,,,,,0.00002,,,,,,0.0,,,,,,,,,,,,,,,,,,,,,0.000016,,,0.000005,,,,,,,,,,,,,,,,,,0.0,,,,0.0,0.0,,,,,,,,,,,,,,,,,,,,,,,,,
0.002503,0.000002,0.000113,0.000001,0.000179,0.000264,0.002237,0.016667,0.0,0.0,0.0,0.0,0.0,0.000002,0.000004,0.000002,0.000035,0.000069,0.000001,0.000002,0.0,0.000001,,,,,0.000017,,,0.000022,0.000016,,0.000014,0.000013,0.000006,,,,0.000009,,,,,,,,,,,,,,,0.000016,,,,,,0.000001,,,,,,,,,,,,,,,,,,,,,0.000014,,,0.000004,,,,,,,,,,,,,,,,,,0.0,,,,0.000001,0.0,,0.000025,0.000023,0.000013,0.000014,0.000012,0.000011,0.00001,0.000007,0.000006,0.000003,0.000002,0.000001,,,,,,,,,,,,
0.003411,0.0,0.0,0.000004,0.00009,0.0,0.003409,0.016667,,,,,,,,,,,,,0.0,0.000004,,,,,,,,0.000017,0.000014,,0.000011,0.000011,0.000007,,,,0.000008,,,,,,,,,,,,,,,0.000014,,,,,,0.000001,,,,,,,,,,,,,,,,,,,,,0.000016,,,0.000003,,,,,,,,,,,,,,,,,,0.0,,,,0.0,0.000001,,,,,,,,,,,,,,,,,,,,,,,,,
0.007103,0.000003,0.000081,0.000015,0.000232,0.000308,0.006794,0.016667,0.0,0.0,0.0,0.0,0.0,0.000003,0.000005,0.000002,0.000041,0.00003,0.000001,0.000002,0.000002,0.000013,,,,,0.000018,,,0.000028,0.00002,,0.000017,0.000016,0.000009,,,,0.000012,,,,,,,,,,,,,,,0.00002,,,,,,0.0,,,,,,,,,,,,,,,,,,,,,0.000021,,,0.000004,,,,,,,,,,,,,,,,,,0.000001,,,,0.0,0.0,,0.000034,0.000026,0.000018,0.000017,0.000017,0.000014,0.000014,0.00001,0.000006,0.000004,0.000003,0.000001,,,,,,,,,,,,
0.006613,0.0,0.0,0.000028,0.000133,0.0,0.006609,0.016667,,,,,,,,,,,,,0.000012,0.000016,,,,,,,,0.000032,0.00002,,0.000016,0.000021,0.000006,,,,0.00001,,,,0.000007,,,,,,,0.000005,,,,0.000019,,,,,,0.0,,,,,,,,,,,,,,,,,,,,,0.000015,,,0.000005,,,,,,,,,,,,,,,,,,0.0,,,,0.000001,0.0,,,,,,,,,,,,,,,,,,,,,,,,,
0.01474,0.0,0.0,0.000116,0.000095,0.0,0.014738,0.016667,,,,,,,,,,,,,0.000085,0.000031,,,,,,,,0.000027,0.000015,,0.000013,0.000015,0.000006,,,,0.000007,,,,,,,,,,,,,,,0.000014,,,,,,0.0,,,,,,,,,,,,,,,,,,,,,0.000012,,,0.000004,,,,,,,,,,,,,,,,,,0.0,,,,0.0,0.0,,,,,,,,,,,,,,,,,,,,,,,,,
0.000925,0.000003,0.000126,0.0,0.000169,0.000351,0.00057,0.016667,0.0,0.0,0.0,0.0,0.0,0.000003,0.000008,0.000003,0.000046,0.000033,0.000001,0.000035,0.0,0.0,,,,,0.000022,,,0.00002,0.000011,,0.000012,0.000012,0.000005,,,,0.000007,,,,,,,,,,,,,,,0.000011,,,,,,0.000001,,,,,,,,,,,,,,,,,,,,,0.000011,,,0.000003,,,,,,,,,,,,,,,,,,0.0,,,,0.0,0.000001,,0.000026,0.000024,0.000014,0.000015,0.000012,0.000011,0.000011,0.000007,0.000007,0.000003,0.000002,0.000001,0.000002,,,,,,,,,,,
0.004858,0.0,0.0,0.000021,0.000046,0.0,0.004857,0.016667,,,,,,,,,,,,,0.000011,0.00001,,,,,,,,0.00001,0.000007,,0.000006,0.000006,0.000003,,,,0.000003,,,,,,,,,,,,,,,0.000007,,,,,,0.000001,,,,,,,,,,,,,,,,,,,,,0.000009,,,0.000002,,,,,,,,,,,,,,,,,,0.0,,,,0.0,0.0,,,,,,,,,,,,,,,,,,,,,,,,,
0.00676,0.000003,0.000129,0.000069,0.000228,0.000358,0.0064,0.016667,0.0,0.0,0.0,0.0,0.0,0.000003,0.000008,0.000002,0.000074,0.000035,0.000001,0.000009,0.000059,0.00001,,,,,0.00002,,,0.000028,0.00002,,0.000015,0.000017,0.000009,,,,0.000011,,,,,,,,,,,,,,,0.00002,,,,,,0.0,,,,,,,,,,,,,,,,,,,,,0.000022,,,0.000005,,,,,,,,,,,,,,,,,,0.0,,,,0.0,0.0,,0.000036,0.000028,0.000019,0.000019,0.000017,0.000012,0.000015,0.000011,0.000006,0.000005,0.000003,0.000001,,,,,,,,,,,,
0.021528,0.0,0.0,0.00016,0.000078,0.0,0.021527,0.016667,,,,,,,,,,,,,0.000115,0.000045,,,,,,,,0.00002,0.000012,,0.00001,0.000011,0.000005,,,,0.000006,,,,,,,,,,,,,,,0.000013,,,,,,0.0,,,,,,,,,,,,,,,,,,,,,0.000011,,,0.000003,,,,,,,,,,,,,,,,,,0.0,,,,0.000001,0.0,,,,,,,,,,,,,,,,,,,,,,,,,
0.001234,0.000004,0.000125,0.000002,0.00023,0.000382,0.00085,0.016667,0.0,0.0,0.0,0.0,0.0,0.000004,0.00001,0.000003,0.000068,0.000036,0.0,0.000008,0.0,0.000002,,,,,0.000022,,,0.000023,0.000021,,0.00002,0.000013,0.000007,,,,0.000011,,,,,,,,,,,,,,,0.000019,,,,,,0.0,,,,,,,,,,,,,,,,,,,,,0.000017,,,0.000004,,,,,,,,,,,,,,,,,,0.0,,,,0.000001,0.000001,,0.000036,0.00003,0.000019,0.00002,0.000016,0.000013,0.000016,0.000011,0.000007,0.000004,0.000002,0.000002,,,,,,,,,,,,
0.000457,0.0,0.0,0.0,0.000059,0.0,0.000456,0.016667,,,,,,,,,,,,,0.0,0.0,,,,,,,,0.000015,0.000009,,0.000009,0.000008,0.000004,,,,0.000005,,,,,,,,,,,,,,,0.000009,,,,,,0.0,,,,,,,,,,,,,,,,,,,,,0.000008,,,0.000002,,,,,,,,,,,,,,,,,,0.0,,,,0.0,0.0,,,,,,,,,,,,,,,,,,,,,,,,,
0.01146,0.0,0.0,0.000032,0.000058,0.0,0.01146,0.016667,,,,,,,,,,,,,0.000016,0.000016,,,,,,,,0.000013,0.000008,,0.000008,0.000007,0.000004,,,,0.000005,,,,,,,,,,,,,,,0.00001,,,,,,0.0,,,,,,,,,,,,,,,,,,,,,0.000009,,,0.000002,,,,,,,,,,,,,,,,,,0.000001,,,,0.0,0.0,,,,,,,,,,,,,,,,,,,,,,,,,
0.016138,0.000003,0.000138,0.000102,0.000161,0.000252,0.015884,0.016667,0.0,0.0,0.0,0.0,0.0,0.000003,0.000009,0.000003,0.000084,0.000035,0.0,0.000007,0.000071,0.000031,,,,,0.000018,,,0.000022,0.000017,,0.000012,0.000014,0.000004,,,,0.000007,,,,,,,,,,,,,,,0.000012,,,,,,0.0,,,,,,,,,,,,,,,,,,,,,0.00001,,,0.000002,,,,,,,,,,,,,,,,,,0.0,,,,0.0,0.0,,0.000025,0.000022,0.000012,0.000013,0.000011,0.00001,0.00001,0.000007,0.000006,0.000002,0.000002,0.000002,,,,,,,,,,,,
0.004239,0.000002,0.000068,0.000004,0.000163,0.000253,0.003984,0.016667,0.0,0.0,0.0,0.0,0.0,0.000002,0.000007,0.000002,0.000043,0.000015,0.0,0.000001,0.0,0.000004,,,,,0.000019,,,0.000021,0.000013,,0.000011,0.000012,0.000004,,,,0.000007,,,,,,,,,,,,,,,0.000011,,,,,,0.000001,,,,,,,,,,,,,,,,,,,,,0.000011,,,0.000003,,,,,,,,,,,,,,,,,,0.0,,,,0.000001,0.000001,,0.000025,0.000023,0.000013,0.000014,0.000012,0.00001,0.000011,0.000006,0.000005,0.000003,0.000002,0.000001,,,,,,,,,,,,
0.000732,0.0,0.0,0.0,0.0001,0.0,0.00073,0.016667,,,,,,,,,,,,,0.0,0.0,,,,,,,,0.000025,0.000015,,0.000012,0.000015,0.000006,,,,0.000008,,,,,,,,,,,,,,,0.000016,,,,,,0.0,,,,,,,,,,,,,,,,,,,,,0.000015,,,0.000004,,,,,,,,,,,,,,,,,,0.0,,,,0.0,0.000001,,,,,,,,,,,,,,,,,,,,,,,,,
0.013256,0.000002,0.000074,0.000121,0.000137,0.000237,0.013018,0.016667,0.0,0.0,0.0,0.0,0.0,0.000002,0.000006,0.000002,0.000047,0.000017,0.0,0.000002,0.000095,0.000026,,,,,0.000016,,,0.000015,0.000009,,0.000008,0.00001,0.000004,,,,0.000007,,,,,,,,,,,,,,,0.00001,,,,,,0.0,,,,,,,,,,,,,,,,,,,,,0.000008,,,0.000002,,,,,,,,,,,,,,,,,,0.0,,,,0.0,0.0,,0.000024,0.000021,0.000013,0.000013,0.000011,0.000009,0.00001,0.000007,0.000004,0.000003,0.000001,0.000002,,,,,,,,,,,,
0.014901,0.0,0.0,0.000041,0.000771,0.0,0.014898,0.016667,,,,,,,,,,,,,0.000012,0.000029,,,,,,,,0.000075,0.000517,,0.00004,0.000035,0.000014,,,,0.000032,,,,,,,,,,,,,,,0.000049,,,,,,0.0,,,,,,,,,,,,,,,,,,,,,0.000034,,,0.000015,,,,,,,,,,,,,,,,,,0.000001,,,,0.000001,0.000001,,,,,,,,,,,,,,,,,,,,,,,,,
0.004076,0.000003,0.00007,0.00001,0.000211,0.000349,0.003724,0.016667,0.0,0.0,0.0,0.0,0.0,0.000003,0.000007,0.000002,0.000042,0.000012,0.0,0.000007,0.0,0.00001,,,,,0.000022,,,0.000026,0.000017,,0.000014,0.000016,0.000007,,,,0.000009,,,,,,,,,,,,,,,0.000015,,,,,,0.0,,,,,,,,,,,,,,,,,,,,,0.000017,,,0.000003,,,,,,,,,,,,,,,,,,0.0,,,,0.0,0.0,,0.000036,0.00003,0.000018,0.00002,0.000017,0.000012,0.000015,0.000011,0.000007,0.000004,0.000003,0.000001,,,,,,,,,,,,
0.001364,0.0,0.0,0.000085,0.000098,0.0,0.001363,0.016667,,,,,,,,,,,,,0.000082,0.000003,,,,,,,,0.000022,0.000014,,0.000013,0.000014,0.000007,,,,0.000008,,,,,,,,,,,,,,,0.000014,,,,,,0.0,,,,,,,,,,,,,,,,,,,,,0.000016,,,0.000004,,,,,,,,,,,,,,,,,,0.0,,,,0.000001,0.000001,,,,,,,,,,,,,,,,,,,,,,,,,
0.0069,0.000003,0.000119,0.000005,0.000196,0.000312,0.006587,0.016667,0.0,0.0,0.0,0.0,0.0,0.000003,0.000011,0.000003,0.000062,0.000026,0.000001,0.000016,0.0,0.000005,,,,,0.000017,,,0.000025,0.000015,,0.000012,0.000015,0.000007,,,,0.000008,,,,,,,,,,,,,,,0.000013,,,,,,0.0,,0.000001,,,,,,,,,,,,,,,,,,,0.000016,,,0.000004,,,,,,,,,,,,,,,,,,0.0,,,,0.0,0.0,,0.000036,0.000026,0.000019,0.000018,0.000017,0.000011,0.000016,0.00001,0.000006,0.000004,0.000002,0.000001,,,,,,,,,,,,
0.006894,0.0,0.0,0.000048,0.000095,0.0,0.006893,0.016667,,,,,,,,,,,,,0.000026,0.000022,,,,,,,,0.000024,0.000014,,0.000012,0.000013,0.000006,,,,0.000008,,,,,,,,,,,,,,,0.000016,,,,,,0.0,,,,,,,,,,,,,,,,,,,,,0.000014,,,0.000003,,,,,,,,,,,,,,,,,,0.0,,,,0.0,0.000001,,,,,,,,,,,,,,,,,,,,,,,,,
0.014298,0.000003,0.000093,0.000118,0.000207,0.000314,0.01398,0.016667,0.0,0.0,0.0,0.0,0.0,0.000003,0.000011,0.000002,0.000048,0.000023,0.000001,0.000008,0.000086,0.000032,,,,,0.000024,,,0.000026,0.000017,,0.000015,0.000016,0.000007,,,,0.000009,,,,,,,,,,,,,,,0.000018,,,,,,0.0,,,,,,,,,,,,,,,,,,,,,0.000016,,,0.000004,,,,,,,,,,,,,,,,,,0.0,,,,0.0,0.0,,0.000029,0.00003,0.000016,0.000019,0.000016,0.000012,0.000011,0.000009,0.000007,0.000004,0.000002,0.000001,,,,,,,,,,,,
0.001144,0.0,0.0,0.000002,0.000096,0.0,0.001141,0.016667,,,,,,,,,,,,,0.0,0.000002,,,,,,,,0.000024,0.000014,,0.000011,0.000015,0.000005,,,,0.000007,,,,0.000004,,,,,,,0.000001,,,,0.000015,,,,,,0.0,,,,,,,,,,,,,,,,,,,,,0.000011,,,0.000004,,,,,,,,,,,,,,,,,,0.000001,,,,0.0,0.000001,,,,,,,,,,,,,,,,,,,,,,,,,
0.003025,0.000003,0.000088,0.000004,0.000179,0.000283,0.00274,0.016667,0.0,0.0,0.0,0.0,0.0,0.000003,0.000007,0.000003,0.000046,0.000025,0.000001,0.000006,0.0,0.000004,,,,,0.000018,,,0.000018,0.000011,,0.000015,0.000011,0.000005,,,,0.000007,,,,0.000006,,,,,,,0.000003,,,,0.000013,,,,,,0.0,,,,,,,,,,,,,,,,,,,,,0.000013,,,0.000003,,,,,,,,,,,,,,,,,,0.0,,,,0.0,0.0,,0.000031,0.000024,0.000016,0.000015,0.000014,0.00001,0.000012,0.000008,0.000006,0.000004,0.000002,0.000001,,,,,,,,,,,,
0.007182,0.0,0.0,0.000035,0.00009,0.0,0.007181,0.016667,,,,,,,,,,,,,0.000015,0.00002,,,,,,,,0.00002,0.000014,,0.000014,0.000012,0.000006,,,,0.000007,,,,,,,,,,,,,,,0.000014,,,,,,0.0,,,,,,,,,,,,,,,,,,,,,0.000014,,,0.000003,,,,,,,,,,,,,,,,,,0.0,,,,0.0,0.0,,,,,,,,,,,,,,,,,,,,,,,,,
0.005759,0.0,0.0,0.000117,0.000093,0.0,0.005756,0.016667,,,,,,,,,,,,,0.000099,0.000018,,,,,,,,0.000023,0.000013,,0.000011,0.000015,0.000004,,,,0.000006,,,,0.000004,,,,,,,0.000001,,,,0.000014,,,,,,0.0,,,,,,,,,,,,,,,,,,,,,0.000014,,,0.000004,,,,,,,,,,,,,,,,,,0.0,,,,0.0,0.0,,,,,,,,,,,,,,,,,,,,,,,,,
0.013612,0.000004,0.000098,0.000034,0.000173,0.000238,0.013371,0.016667,0.0,0.0,0.0,0.0,0.0,0.000004,0.000008,0.000003,0.000055,0.000031,0.0,0.000001,0.000012,0.000022,,,,,0.000018,,,0.000023,0.000015,,0.000012,0.000014,0.000005,,,,0.000007,,,,0.000004,,,,,,,0.000001,,,,0.000012,,,,,,0.0,,,,,,,,,,,,,,,,,,,,,0.000011,,,0.000003,,,,,,,,,,,,,,,,,,0.0,,,,0.0,0.0,,0.000025,0.000025,0.000013,0.000016,0.000012,0.00001,0.00001,0.000007,0.000006,0.000003,0.000002,0.000001,,,,,,,,,,,,
0.00075,0.0,0.0,0.000001,0.00012,0.0,0.000747,0.016667,,,,,,,,,,,,,0.0,0.000001,,,,,,,,0.000028,0.000018,,0.000014,0.000017,0.000007,,,,0.000009,,,,0.000005,,,,,,,0.000001,,,,0.000019,,,,,,0.0,,,,,,,,,,,,,,,,,,,,,0.000018,,,0.000005,,,,,,,,,,,,,,,,,,0.0,,,,0.0,0.0,,,,,,,,,,,,,,,,,,,,,,,,,
0.004264,0.000004,0.000068,0.000025,0.000153,0.000238,0.004025,0.016667,0.0,0.0,0.0,0.0,0.0,0.000004,0.000008,0.000002,0.000041,0.000016,0.0,0.000001,0.000016,0.000009,,,,,0.000017,,,0.000016,0.000011,,0.000009,0.000009,0.000005,,,,0.000005,,,,0.000004,,,,,,,0.000001,,,,0.000012,,,,,,0.000001,,,,,,,,,,,,,,,,,,,,,0.000011,,,0.000003,,,,,,,,,,,,,,,,,,0.0,,,,0.0,0.0,,0.000025,0.000024,0.000012,0.000016,0.000011,0.000009,0.000011,0.000007,0.000005,0.000004,0.000002,0.000002,,,,,,,,,,,,
0.006837,0.0,0.0,0.000006,0.000069,0.0,0.006836,0.016667,,,,,,,,,,,,,0.0,0.000006,,,,,,,,0.000019,0.00001,,0.00001,0.00001,0.000005,,,,0.000005,,,,,,,,,,,,,,,0.00001,,,,,,0.0,,,,,,,,,,,,,,,,,,,,,0.00001,,,0.000003,,,,,,,,,,,,,,,,,,0.0,,,,0.0,0.0,,,,,,,,,,,,,,,,,,,,,,,,,
0.02031,0.0,0.0,0.000132,0.000088,0.0,0.020307,0.016667,,,,,,,,,,,,,0.000097,0.000035,,,,,,,,0.000027,0.000014,,0.000011,0.000014,0.000004,,,,0.000007,,,,,,,,,,,,,,,0.000013,,,,,,0.0,,,,,,,,,,,,,,,,,,,,,0.000011,,,0.000004,,,,,,,,,,,,,,,,,,0.0,,,,0.0,0.000001,,,,,,,,,,,,,,,,,,,,,,,,,
0.001148,0.000003,0.000084,0.000002,0.000198,0.000356,0.000789,0.016667,0.0,0.0,0.0,0.0,0.0,0.000003,0.000008,0.000003,0.000038,0.000026,0.000001,0.000008,0.0,0.000002,,,,,0.000023,,,0.000023,0.000011,,0.000014,0.000014,0.000005,,,,0.000007,,,,,,,,,,,,,,,0.000012,,,,,,0.0,,,,,,,,,,,,,,,,,,,,,0.00001,,,0.000003,,,,,,,,,,,,,,,,,,0.0,,,,0.0,0.0,,0.000037,0.000036,0.000019,0.000025,0.000017,0.000013,0.000016,0.00001,0.000007,0.000004,0.000002,0.000002,,,,,,,,,,,,
0.000482,0.0,0.0,0.0,0.000069,0.0,0.000481,0.016667,,,,,,,,,,,,,0.0,0.0,,,,,,,,0.000016,0.000009,,0.000009,0.00001,0.000004,,,,0.000007,,,,,,,,,,,,,,,0.000011,,,,,,0.0,,,,,,,,,,,,,,,,,,,,,0.000011,,,0.000003,,,,,,,,,,,,,,,,,,0.0,,,,0.0,0.000001,,,,,,,,,,,,,,,,,,,,,,,,,
0.012668,0.000002,0.000098,0.000102,0.000125,0.000222,0.012445,0.016667,0.0,0.0,0.0,0.0,0.0,0.000002,0.000011,0.000003,0.00005,0.00003,0.000001,0.000003,0.00008,0.000022,,,,,0.00001,,,0.000016,0.000009,,0.000009,0.00001,0.000004,,,,0.000005,,,,,,,,,,,,,,,0.000009,,,,,,0.0,,,,,,,,,,,,,,,,,,,,,0.00001,,,0.000002,,,,,,,,,,,,,,,,,,0.0,,,,0.0,0.0,,0.000022,0.000021,0.000012,0.000016,0.00001,0.000007,0.000009,0.000006,0.000004,0.000002,0.000002,0.000001,,,,,,,,,,,,
0.013118,0.0,0.0,0.00008,0.000088,0.0,0.013081,0.016667,,,,,,,,,,,,,0.000061,0.000019,,,,,,,,0.000026,0.000014,,0.000012,0.000014,0.000005,,,,0.000007,,,,,,,,,,,,,,,0.000013,,,,,,0.0,,,,,,,,,,,,,,,,,,,,,0.000012,,,0.000003,,,,,,,,,,,,,,,,,,0.0,,,,0.0,0.0,,,,,,,,,,,,,,,,,,,,,,,,,
0.002213,0.000003,0.000083,0.000003,0.00023,0.000385,0.001825,0.016667,0.0,0.0,0.0,0.0,0.0,0.000003,0.000006,0.000002,0.000031,0.000034,0.0,0.00001,0.0,0.000003,,,,,0.000023,,,0.000027,0.000023,,0.000015,0.000017,0.000006,,,,0.000009,,,,,,,,,,,,,,,0.000014,,,,,,0.0,,,,,,,,,,,,,,,,,,,,,0.000017,,,0.000003,,,,,,,,,,,,,,,,,,0.000001,,,,0.0,0.0,,0.000037,0.000037,0.00002,0.000027,0.000016,0.000013,0.000015,0.00001,0.000007,0.000005,0.000002,0.000002,,,,,,,,,,,,
0.004747,0.0,0.0,0.000025,0.000071,0.0,0.004746,0.016667,,,,,,,,,,,,,0.000015,0.00001,,,,,,,,0.000015,0.000011,,0.000008,0.000009,0.000006,,,,0.000005,,,,,,,,,,,,,,,0.000012,,,,,,0.0,,,,,,,,,,,,,,,,,,,,,0.000012,,,0.000002,,,,,,,,,,,,,,,,,,0.0,,,,0.000001,0.0,,,,,,,,,,,,,,,,,,,,,,,,,
0.006535,0.0,0.0,0.000014,0.000096,0.0,0.006533,0.016667,,,,,,,,,,,,,0.0,0.000014,,,,,,,,0.000024,0.000013,,0.000013,0.000016,0.000004,,,,0.000006,,,,0.000004,,,,,,,0.000001,,,,0.000015,,,,,,0.0,,,,,,,,,,,,,,,,,,,,,0.000013,,,0.000005,,,,,,,,,,,,,,,,,,0.0,,,,0.0,0.0,,,,,,,,,,,,,,,,,,,,,,,,,
0.00601,0.000005,0.000131,0.000104,0.000172,0.000253,0.005754,0.016667,0.0,0.0,0.0,0.0,0.0,0.000005,0.000013,0.000002,0.000067,0.000042,0.000001,0.000006,0.000089,0.000015,,,,,0.000017,,,0.000022,0.000014,,0.000012,0.000013,0.000004,,,,0.000007,,,,0.000004,,,,,,,0.000001,,,,0.000012,,,,,,0.0,,,,,,,,,,,,,,,,,,,,,0.000014,,,0.000003,,,,,,,,,,,,,,,,,,0.0,,,,0.0,0.0,,0.000024,0.000027,0.000012,0.00002,0.000011,0.000011,0.000011,0.000006,0.000006,0.000003,0.000002,0.000001,,,,,,,,,,,,
0.014304,0.0,0.0,0.000095,0.000107,0.0,0.014302,0.016667,,,,,,,,,,,,,0.000068,0.000027,,,,,,,,0.00003,0.000017,,0.000013,0.000017,0.000006,,,,0.000008,,,,,,,,,,,,,,,0.000017,,,,,,0.000001,,,,,,,,,,,,,,,,,,,,,0.000012,,,0.000007,,,,,,,,,,,,,,,,,,0.0,,,,0.0,0.0,,,,,,,,,,,,,,,,,,,,,,,,,
0.00357,0.000002,0.000105,0.000003,0.000191,0.000299,0.003268,0.016667,0.0,0.0,0.0,0.0,0.0,0.000002,0.000009,0.000002,0.000045,0.000025,0.000001,0.000023,0.0,0.000003,,,,,0.000018,,,0.000028,0.000017,,0.000014,0.000017,0.000007,,,,0.000009,,,,,,,,,,,,,,,0.000016,,,,,,0.0,,,,,,,,,,,,,,,,,,,,,0.000016,,,0.000004,,,,,,,,,,,,,,,,,,0.000001,,,,0.000001,0.0,,0.000023,0.000028,0.000011,0.000021,0.000011,0.000011,0.00001,0.000006,0.000005,0.000003,0.000002,0.000001,,,,,,,,,,,,
0.002504,0.0,0.0,0.000009,0.000117,0.0,0.002502,0.016667,,,,,,,,,,,,,0.0,0.000009,,,,,,,,0.000027,0.000018,,0.000014,0.000015,0.000007,,,,0.000009,,,,,,,,,,,,,,,0.000019,,,,,,0.000001,,,,,,,,,,,,,,,,,,,,,0.000018,,,0.000005,,,,,,,,,,,,,,,,,,0.000001,,,,0.0,0.000001,,,,,,,,,,,,,,,,,,,,,,,,,
0.006902,0.0,0.0,0.000029,0.000102,0.0,0.0069,0.016667,,,,,,,,,,,,,0.000011,0.000018,,,,,,,,0.000026,0.000022,,0.000013,0.000014,0.000005,,,,0.000009,,,,,,,,,,,,,,,0.000014,,,,,,0.0,,,,,,,,,,,,,,,,,,,,,0.000013,,,0.000004,,,,,,,,,,,,,,,,,,0.0,,,,0.0,0.0,,,,,,,,,,,,,,,,,,,,,,,,,
0.007002,0.000003,0.0001,0.000079,0.000262,0.000364,0.006636,0.016667,0.0,0.0,0.0,0.0,0.0,0.000003,0.000008,0.000002,0.000047,0.000036,0.000001,0.000006,0.000064,0.000015,,,,,0.000021,,,0.000031,0.000017,,0.000014,0.000021,0.000007,,,,0.000008,,,,,,,,,,,,,,,0.000015,,,,,,0.0,,,,,,,,,,,,,,,,,,,,,0.000015,,,0.000004,,,,,,,,,,,,,,,,,,0.0,,,,0.0,0.0,,0.000056,0.000061,0.000011,0.000021,0.000012,0.00001,0.000042,0.000007,0.000037,0.000004,0.000002,0.000002,,,,,,,,,,,,
0.014825,0.0,0.0,0.000023,0.000098,0.0,0.014823,0.016667,,,,,,,,,,,,,0.000003,0.00002,,,,,,,,0.000026,0.000014,,0.000012,0.000015,0.000005,,,,0.000008,,,,,,,,,,,,,,,0.000015,,,,,,0.0,,,,,,,,,,,,,,,,,,,,,0.000013,,,0.000005,,,,,,,,,,,,,,,,,,0.0,,,,0.0,0.000001,,,,,,,,,,,,,,,,,,,,,,,,,
0.001702,0.000006,0.000113,0.000011,0.0003,0.000743,0.000955,0.016667,0.0,0.0,0.0,0.0,0.0,0.000006,0.00001,0.000002,0.000037,0.00004,0.000001,0.000023,0.0,0.000011,,,,,0.000052,,,0.000028,0.00001,,0.000014,0.000016,0.000007,,,,0.000009,,,,,,,,,,,,,,,0.000014,,,,,,0.0,,,,,,,,,,,,,,,,,,,,,0.000013,,,0.000003,,,,,,,,,,,,,,,,,,0.000001,,,,0.0,0.000001,,0.000052,0.000069,0.000022,0.000048,0.000024,0.000028,0.000025,0.000011,0.000016,0.000008,0.000005,0.000004,,,,,,,,,,,,
0.003947,0.0,0.0,0.000019,0.000042,0.0,0.003946,0.016667,,,,,,,,,,,,,0.000011,0.000008,,,,,,,,0.000009,0.000007,,0.000005,0.000005,0.000004,,,,0.000004,,,,,,,,,,,,,,,0.000006,,,,,,0.0,,,,,,,,,,,,,,,,,,,,,0.000008,,,0.000001,,,,,,,,,,,,,,,,,,0.0,,,,0.0,0.0,,,,,,,,,,,,,,,,,,,,,,,,,
0.006917,0.000005,0.0002,0.000039,0.000221,0.000391,0.006523,0.016667,0.0,0.0,0.0,0.0,0.0,0.000005,0.000018,0.000008,0.000145,0.000028,0.0,0.000001,0.000016,0.000023,,,,,0.000019,,,0.000032,0.000023,,0.000019,0.000021,0.000009,,,,0.000012,,,,,,,,,,,,,,,0.000021,,,,,,0.0,,,,,,,,,,,,,,,,,,,,,0.000019,,,0.000005,,,,,,,,,,,,,,,,,,0.0,,,,0.0,0.000001,,0.000023,0.00003,0.000011,0.000021,0.000011,0.00001,0.00001,0.000007,0.000006,0.000003,0.000001,0.000001,,,,,,,,,,,,
0.006754,0.0,0.0,0.000011,0.000209,0.0,0.006752,0.016667,,,,,,,,,,,,,0.0,0.000011,,,,,,,,0.000034,0.000057,,0.000017,0.000018,0.000007,,,,0.00001,,,,,,,,,,,,,,,0.00002,,,,,,0.000001,,,,,,,,,,,,,,,,,,,,,0.000016,,,0.00005,,,,,,,,,,,,,,,,,,0.000001,,,,0.0,0.0,,,,,,,,,,,,,,,,,,,,,,,,,
0.014187,0.0,0.0,0.000103,0.000101,0.0,0.014185,0.016667,,,,,,,,,,,,,0.000074,0.000029,,,,,,,,0.000028,0.000015,,0.000014,0.000015,0.000006,,,,0.000008,,,,,,,,,,,,,,,0.000014,,,,,,0.0,,,,,,,,,,,,,,,,,,,,,0.000014,,,0.000004,,,,,,,,,,,,,,,,,,0.0,,,,0.0,0.0,,,,,,,,,,,,,,,,,,,,,,,,,
0.000958,0.000002,0.000097,0.0,0.000201,0.000362,0.000592,0.016667,0.0,0.0,0.0,0.0,0.0,0.000002,0.000008,0.000002,0.000046,0.000038,0.000001,0.000002,0.0,0.0,,,,,0.000023,,,0.00002,0.000014,,0.000013,0.000012,0.000005,,,,0.000007,,,,,,,,,,,,,,,0.000012,,,,,,0.000001,,,,,,,,,,,,,,,,,,,,,0.000011,,,0.000003,,,,,,,,,,,,,,,,,,0.0,,,,0.0,0.000001,,0.000034,0.000039,0.000017,0.000028,0.000016,0.000013,0.000016,0.00001,0.000008,0.000004,0.000002,0.000002,,,,,,,,,,,,
0.005826,0.0,0.0,0.000005,0.000045,0.0,0.005825,0.016667,,,,,,,,,,,,,0.0,0.000005,,,,,,,,0.000011,0.000007,,0.000006,0.000006,0.000004,,,,0.000003,,,,,,,,,,,,,,,0.000006,,,,,,0.0,,,,,,,,,,,,,,,,,,,,,0.000008,,,0.000002,,,,,,,,,,,,,,,,,,0.0,,,,0.0,0.0,,,,,,,,,,,,,,,,,,,,,,,,,
0.006562,0.000003,0.000112,0.000076,0.000258,0.000252,0.006308,0.016667,0.0,0.0,0.0,0.0,0.0,0.000003,0.00001,0.000002,0.000057,0.000037,0.0,0.000006,0.000068,0.000008,,,,,0.000017,,,0.000021,0.000104,,0.000015,0.000013,0.000006,,,,0.000008,,,,,,,,,,,,,,,0.000012,,,,,,0.0,,,,,,,,,,,,,,,,,,,,,0.00001,,,0.000003,,,,,,,,,,,,,,,,,,0.0,,,,0.0,0.000001,,0.000023,0.000025,0.000011,0.000017,0.00001,0.00001,0.00001,0.000007,0.000005,0.000003,0.000002,0.000002,,,,,,,,,,,,
0.020511,0.0,0.0,0.000111,0.00009,0.0,0.020509,0.016667,,,,,,,,,,,,,0.00008,0.000031,,,,,,,,0.000026,0.000013,,0.000011,0.000015,0.000005,,,,0.000007,,,,,,,,,,,,,,,0.000015,,,,,,0.0,,,,,,,,,,,,,,,,,,,,,0.000011,,,0.000004,,,,,,,,,,,,,,,,,,0.0,,,,0.0,0.0,,,,,,,,,,,,,,,,,,,,,,,,,
0.000939,0.000004,0.000082,0.000001,0.00018,0.000309,0.000627,0.016667,0.0,0.0,0.0,0.0,0.0,0.000004,0.000006,0.000002,0.000048,0.000021,0.0,0.000005,0.0,0.000001,,,,,0.000017,,,0.000022,0.00002,,0.000011,0.000013,0.000005,,,,0.000006,,,,0.000004,,,,,,,0.000001,,,,0.000014,,,,,,0.000001,,,,,,,,,,,,,,,,,,,,,0.000012,,,0.000003,,,,,,,,,,,,,,,,,,0.0,,,,0.0,0.000001,,0.000023,0.000026,0.000011,0.000018,0.000012,0.00001,0.000011,0.000006,0.000006,0.000003,0.000002,0.000001,,,,,,,,,,,,
0.000393,0.0,0.0,0.000002,0.000041,0.0,0.000392,0.016667,,,,,,,,,,,,,0.0,0.000002,,,,,,,,0.000009,0.000007,,0.000005,0.000006,0.000003,,,,0.000003,,,,,,,,,,,,,,,0.000006,,,,,,0.0,,,,,,,,,,,,,,,,,,,,,0.000007,,,0.000001,,,,,,,,,,,,,,,,,,0.0,,,,0.0,0.0,,,,,,,,,,,,,,,,,,,,,,,,,
0.011738,0.0,0.0,0.000029,0.000035,0.0,0.011737,0.016667,,,,,,,,,,,,,0.000014,0.000015,,,,,,,,0.000008,0.000006,,0.000004,0.000005,0.000003,,,,0.000003,,,,,,,,,,,,,,,0.000005,,,,,,0.0,,,,,,,,,,,,,,,,,,,,,0.000006,,,0.000001,,,,,,,,,,,,,,,,,,0.0,,,,0.0,0.0,,,,,,,,,,,,,,,,,,,,,,,,,
0.015061,0.000003,0.00014,0.000107,0.000203,0.000425,0.014634,0.016667,0.0,0.0,0.0,0.0,0.0,0.000003,0.000006,0.000002,0.000108,0.000022,0.0,0.000002,0.000082,0.000025,,,,,0.000024,,,0.000023,0.000014,,0.000016,0.000014,0.000005,,,,0.000007,,,,,,,,,,,,,,,0.000012,,,,,,0.0,,,,,,,,,,,,,,,,,,,,,0.000012,,,0.000003,,,,,,,,,,,,,,,,,,0.0,,,,0.000001,0.0,,0.000033,0.000035,0.000016,0.000024,0.000016,0.000014,0.000015,0.00001,0.000008,0.000004,0.000002,0.000002,,,,,,,,,,,,
0.004095,0.0,0.0,0.000004,0.000094,0.0,0.004093,0.016667,,,,,,,,,,,,,0.0,0.000004,,,,,,,,0.000026,0.000015,,0.000011,0.000015,0.000005,,,,0.000007,,,,,,,,,,,,,,,0.000015,,,,,,0.0,,,,,,,,,,,,,,,,,,,,,0.000011,,,0.000004,,,,,,,,,,,,,,,,,,0.0,,,,0.0,0.000001,,,,,,,,,,,,,,,,,,,,,,,,,
0.001357,0.000003,0.000081,0.0,0.000229,0.000354,0.001002,0.016667,0.0,0.0,0.0,0.0,0.0,0.000003,0.00001,0.000003,0.000053,0.000008,0.0,0.000007,0.0,0.0,,,,,0.000019,,,0.000031,0.000017,,0.000015,0.000016,0.000008,,,,0.00001,,,,,,,,,,,,,,,0.00002,,,,,,0.0,,,,,,,,,,,,,,,,,,,,,0.000022,,,0.000004,,,,,,,,,,,,,,,,,,0.0,,,,0.000001,0.000001,,0.000034,0.000032,0.000016,0.000022,0.000016,0.000012,0.000016,0.00001,0.000006,0.000004,0.000002,0.000002,,,,,,,,,,,,
0.00734,0.0,0.0,0.000084,0.000071,0.0,0.007339,0.016667,,,,,,,,,,,,,0.000068,0.000016,,,,,,,,0.000018,0.00001,,0.00001,0.00001,0.000004,,,,0.000006,,,,,,,,,,,,,,,0.000012,,,,,,0.0,,,,,,,,,,,,,,,,,,,,,0.00001,,,0.000003,,,,,,,,,,,,,,,,,,0.0,,,,0.000001,0.0,,,,,,,,,,,,,,,,,,,,,,,,,
0.006509,0.000002,0.000146,0.000024,0.00016,0.000278,0.006228,0.016667,0.0,0.0,0.0,0.0,0.0,0.000002,0.000009,0.000003,0.000065,0.000049,0.000001,0.000019,0.000015,0.000009,,,,,0.000018,,,0.000022,0.000013,,0.000011,0.000012,0.000004,,,,0.000007,,,,,,,,,,,,,,,0.000012,,,,,,0.0,,,,,,,,,,,,,,,,,,,,,0.00001,,,0.000003,,,,,,,,,,,,,,,,,,0.0,,,,0.0,0.0,,0.000023,0.000025,0.00001,0.000016,0.000011,0.000011,0.000011,0.000007,0.000005,0.000003,0.000002,0.000001,,,,,,,,,,,,
0.014229,0.0,0.0,0.000191,0.000086,0.0,0.014228,0.016667,,,,,,,,,,,,,0.000153,0.000038,,,,,,,,0.000024,0.000012,,0.000011,0.000013,0.000005,,,,0.000006,,,,,,,,,,,,,,,0.000014,,,,,,0.0,,,,,,,,,,,,,,,,,,,,,0.000014,,,0.000003,,,,,,,,,,,,,,,,,,0.0,,,,0.0,0.0,,,,,,,,,,,,,,,,,,,,,,,,,
0.004115,0.000003,0.000084,0.000026,0.000212,0.000416,0.003696,0.016667,0.0,0.0,0.0,0.0,0.0,0.000003,0.000007,0.000002,0.000047,0.000025,0.000001,0.000002,0.000015,0.000011,,,,,0.000024,,,0.000026,0.000019,,0.000016,0.000014,0.000006,,,,0.00001,,,,,,,,,,,,,,,0.000017,,,,,,0.0,,,,,,,,,,,,,,,,,,,,,0.000013,,,0.000005,,,,,,,,,,,,,,,,,,0.0,,,,0.0,0.000001,,0.000033,0.000034,0.000015,0.000022,0.000015,0.000013,0.000015,0.000008,0.000007,0.000004,0.000002,0.000002,,,,,,,,,,,,
0.002223,0.0,0.0,0.000004,0.000079,0.0,0.002221,0.016667,,,,,,,,,,,,,0.0,0.000004,,,,,,,,0.000019,0.000012,,0.00001,0.000011,0.000005,,,,0.000007,,,,,,,,,,,,,,,0.000014,,,,,,0.0,,,,,,,,,,,,,,,,,,,,,0.000011,,,0.000003,,,,,,,,,,,,,,,,,,0.0,,,,0.0,0.0,,,,,,,,,,,,,,,,,,,,,,,,,
0.006824,0.0,0.0,0.00004,0.000095,0.0,0.006822,0.016667,,,,,,,,,,,,,0.000016,0.000024,,,,,,,,0.000022,0.000013,,0.000012,0.000012,0.000005,,,,0.000009,,,,,,,,,,,,,,,0.000017,,,,,,0.0,,,,,,,,,,,,,,,,,,,,,0.000014,,,0.000004,,,,,,,,,,,,,,,,,,0.0,,,,0.0,0.000001,,,,,,,,,,,,,,,,,,,,,,,,,
0.007124,0.000003,0.000113,0.000004,0.000213,0.000318,0.006804,0.016667,0.0,0.0,0.0,0.0,0.0,0.000003,0.000009,0.000003,0.00006,0.000038,0.000001,0.000002,0.0,0.000004,,,,,0.000021,,,0.000025,0.00002,,0.000024,0.000015,0.000006,,,,0.000011,,,,,,,,,,,,,,,0.000015,,,,,,0.0,,,,,,,,,,,,,,,,,,,,,0.000013,,,0.000003,,,,,,,,,,,,,,,,,,0.0,,,,0.000001,0.0,,0.00003,0.000033,0.000013,0.000022,0.000014,0.000013,0.000015,0.000008,0.000007,0.000004,0.000002,0.000001,,,,,,,,,,,,
0.013735,0.0,0.0,0.00012,0.000094,0.0,0.013734,0.016667,,,,,,,,,,,,,0.000086,0.000034,,,,,,,,0.000026,0.000015,,0.000012,0.000014,0.000005,,,,0.000007,,,,,,,,,,,,,,,0.000013,,,,,,0.0,,,,,,,,,,,,,,,,,,,,,0.000012,,,0.000005,,,,,,,,,,,,,,,,,,0.0,,,,0.0,0.000001,,,,,,,,,,,,,,,,,,,,,,,,,
0.002432,0.000002,0.000091,0.000002,0.000185,0.000281,0.002148,0.016667,0.0,0.0,0.0,0.0,0.0,0.000002,0.00001,0.000005,0.000049,0.00002,0.0,0.000007,0.0,0.000002,,,,,0.000018,,,0.00003,0.000017,,0.000013,0.000018,0.000007,,,,0.000008,,,,,,,,,,,,,,,0.000017,,,,,,0.0,,,,,,,,,,,,,,,,,,,,,0.000017,,,0.000003,,,,,,,,,,,,,,,,,,0.0,,,,0.0,0.0,,0.000022,0.000024,0.00001,0.000016,0.00001,0.00001,0.000011,0.000006,0.000006,0.000003,0.000001,0.000002,,,,,,,,,,,,
0.004057,0.0,0.0,0.000004,0.000074,0.0,0.004055,0.016667,,,,,,,,,,,,,0.0,0.000004,,,,,,,,0.000016,0.000012,,0.000008,0.000009,0.000005,,,,0.000005,,,,,,,,,,,,,,,0.000012,,,,,,0.000001,,,,,,,,,,,,,,,,,,,,,0.000013,,,0.000002,,,,,,,,,,,,,,,,,,0.0,,,,0.000001,0.0,,,,,,,,,,,,,,,,,,,,,,,,,
0.006813,0.000004,0.000105,0.000029,0.00016,0.0003,0.006511,0.016667,0.0,0.0,0.0,0.0,0.0,0.000004,0.000009,0.000002,0.000046,0.000041,0.000001,0.000006,0.000011,0.000018,,,,,0.000018,,,0.000021,0.000013,,0.000016,0.000011,0.000004,,,,0.000007,,,,,,,,,,,,,,,0.000011,,,,,,0.0,,,,,,,,,,,,,,,,,,,,,0.00001,,,0.000002,,,,,,,,,,,,,,,,,,0.0,,,,0.000001,0.000001,,0.000021,0.000025,0.000009,0.000016,0.00001,0.000011,0.000011,0.000006,0.000006,0.000003,0.000002,0.000001,,,,,,,,,,,,
0.007272,0.0,0.0,0.000072,0.000071,0.0,0.007271,0.016667,,,,,,,,,,,,,0.000059,0.000013,,,,,,,,0.000017,0.00001,,0.000009,0.00001,0.000005,,,,0.000006,,,,,,,,,,,,,,,0.000012,,,,,,0.0,,,,,,,,,,,,,,,,,,,,,0.00001,,,0.000003,,,,,,,,,,,,,,,,,,0.0,,,,0.0,0.000001,,,,,,,,,,,,,,,,,,,,,,,,,
0.013931,0.0,0.0,0.000037,0.000111,0.0,0.013929,0.016667,,,,,,,,,,,,,0.000017,0.00002,,,,,,,,0.00002,0.000015,,0.000011,0.000013,0.000006,,,,0.00001,,,,0.000004,,,,,,,0.000003,,,,0.00002,,,,,,0.000001,,,,,,,,,,,,,,,,,,,,,0.000016,,,0.000006,,,,,,,,,,,,,,,,,,0.0,,,,0.000001,0.0,,,,,,,,,,,,,,,,,,,,,,,,,
0.001513,0.000003,0.00009,0.000002,0.000211,0.000386,0.001125,0.016667,0.0,0.0,0.0,0.0,0.0,0.000003,0.000007,0.000002,0.000047,0.000031,0.000001,0.000002,0.0,0.000002,,,,,0.00002,,,0.000024,0.000014,,0.000014,0.000014,0.000005,,,,0.00001,,,,,,,,,,,,,,,0.000018,,,,,,0.0,,,,,,,,,,,,,,,,,,,,,0.000013,,,0.000004,,,,,,,,,,,,,,,,,,0.0,,,,0.0,0.0,,0.00004,0.000033,0.000015,0.000023,0.000015,0.000012,0.000022,0.000008,0.000008,0.000005,0.000002,0.000002,,,,,,,,,,,,
0.004589,0.0,0.0,0.000122,0.000165,0.0,0.004585,0.016667,,,,,,,,,,,,,0.000105,0.000017,,,,,,,,0.000052,0.000024,,0.000025,0.000029,0.000009,,,,0.000015,,,,,,,,,,,,,,,0.000017,,,,,,0.000001,,,,,,,,,,,,,,,,,,,,,0.000018,,,0.000005,,,,,,,,,,,,,,,,,,0.000001,,,,0.0,0.000001,,,,,,,,,,,,,,,,,,,,,,,,,
0.007092,0.000003,0.000125,0.00003,0.000172,0.000328,0.006762,0.016667,0.0,0.0,0.0,0.0,0.0,0.000003,0.000012,0.000003,0.000053,0.000051,0.0,0.000006,0.000017,0.000013,,,,,0.000017,,,0.000019,0.00001,,0.000012,0.000011,0.000004,,,,0.000005,,,,,,,,,,,,,,,0.000017,,,,,,0.0,,,,,,,,,,,,,,,,,,,,,0.00001,,,0.000002,,,,,,,,,,,,,,,,,,0.000001,,,,0.0,0.0,,0.000031,0.000032,0.000014,0.000022,0.000014,0.000012,0.000015,0.000008,0.000006,0.000005,0.000001,0.000002,,,,,,,,,,,,
0.015852,0.0,0.0,0.000122,0.000132,0.0,0.01585,0.016667,,,,,,,,,,,,,0.000096,0.000026,,,,,,,,0.000031,0.000017,,0.000014,0.000017,0.000007,,,,0.000009,,,,,,,,,,,,,,,0.00002,,,,,,0.0,,,,,,,,,,,,,,,,,,,,,0.000018,,,0.000019,,,,,,,,,,,,,,,,,,0.0,,,,0.0,0.000001,,,,,,,,,,,,,,,,,,,,,,,,,
0.004762,0.000002,0.000111,0.000056,0.000226,0.000256,0.004503,0.016667,0.0,0.0,0.0,0.0,0.0,0.000002,0.000008,0.000002,0.000051,0.000047,0.000001,0.000002,0.000026,0.00003,,,,,0.000017,,,0.000075,0.000014,,0.000013,0.000064,0.000005,,,,0.000008,,,,0.000004,,,,,,,0.000003,,,,0.000015,,,,,,0.0,,,,,,,,,,,,,,,,,,,,,0.000011,,,0.000003,,,,,,,,,,,,,,,,,,0.0,,,,0.0,0.0,,0.000023,0.000027,0.000011,0.000019,0.00001,0.00001,0.000011,0.000005,0.000006,0.000003,0.000002,0.000001,,,,,,,,,,,,
0.000628,0.0,0.0,0.000004,0.000095,0.0,0.000626,0.016667,,,,,,,,,,,,,0.0,0.000004,,,,,,,,0.000027,0.000013,,0.000012,0.000016,0.000005,,,,0.000007,,,,,,,,,,,,,,,0.000016,,,,,,0.000001,,,,,,,,,,,,,,,,,,,,,0.000011,,,0.000005,,,,,,,,,,,,,,,,,,0.0,,,,0.0,0.0,,,,,,,,,,,,,,,,,,,,,,,,,
0.00603,0.0,0.0,0.000016,0.000059,0.0,0.006029,0.016667,,,,,,,,,,,,,0.0,0.000016,,,,,,,,0.000015,0.000007,,0.000008,0.000009,0.000004,,,,0.000004,,,,,,,,,,,,,,,0.00001,,,,,,0.0,,,,,,,,,,,,,,,,,,,,,0.000009,,,0.000003,,,,,,,,,,,,,,,,,,0.0,,,,0.0,0.0,,,,,,,,,,,,,,,,,,,,,,,,,
0.006814,0.000003,0.000081,0.000071,0.000194,0.000262,0.00655,0.016667,0.0,0.0,0.0,0.0,0.0,0.000003,0.000006,0.000002,0.000043,0.000029,0.0,0.000001,0.000058,0.000013,,,,,0.000019,,,0.000021,0.000014,,0.000012,0.000013,0.000005,,,,0.000007,,,,,,,,,,,,,,,0.000037,,,,,,0.0,,,,,,,,,,,,,,,,,,,,,0.000016,,,0.000003,,,,,,,,,,,,,,,,,,0.0,,,,0.000001,0.000001,,0.000022,0.000028,0.00001,0.000019,0.00001,0.000011,0.00001,0.000005,0.000006,0.000003,0.000002,0.000001,,,,,,,,,,,,
0.014487,0.0,0.0,0.000036,0.000098,0.0,0.014485,0.016667,,,,,,,,,,,,,0.000011,0.000025,,,,,,,,0.000021,0.000014,,0.000011,0.000014,0.000005,,,,0.000008,,,,0.000004,,,,,,,0.000003,,,,0.000014,,,,,,0.0,,,,,,,,,,,,,,,,,,,,,0.000013,,,0.000004,,,,,,,,,,,,,,,,,,0.000001,,,,0.000001,0.0,,,,,,,,,,,,,,,,,,,,,,,,,
0.003616,0.000014,0.000081,0.000034,0.000219,0.000359,0.003247,0.016667,0.0,0.0,0.0,0.0,0.0,0.000014,0.000006,0.000002,0.00004,0.000027,0.000001,0.000005,0.000016,0.000018,,,,,0.000032,,,0.000026,0.000015,,0.000013,0.000016,0.000005,,,,0.000009,,,,0.000011,,,,,,,0.000004,,,,0.000014,,,,,,0.0,,,,,,,,,,,,,,,,,,,,,0.000011,,,0.000003,,,,,,,,,,,,,,,,,,0.000001,,,,0.0,0.0,,0.000032,0.000033,0.000017,0.000023,0.000011,0.000012,0.000014,0.000005,0.000007,0.000004,0.000002,0.000001,,,,,,,,,,,,
0.000717,0.0,0.0,0.000002,0.00009,0.0,0.000715,0.016667,,,,,,,,,,,,,0.0,0.000002,,,,,,,,0.000018,0.000012,,0.00001,0.000012,0.000005,,,,0.000006,,,,0.000008,,,,,,,0.000003,,,,0.000016,,,,,,0.0,,,,,0.000001,,,,,,,,,,,,,,,,0.00001,,,0.000004,,,,,,,,,,,,,,,,,,0.000001,,,,0.0,0.0,,,,,,,,,,,,,,,,,,,,,,,,,
0.006541,0.000002,0.000106,0.000132,0.000153,0.000248,0.006292,0.016667,0.0,0.0,0.0,0.0,0.0,0.000002,0.000007,0.000003,0.000058,0.000032,0.000001,0.000005,0.000114,0.000018,,,,,0.000017,,,0.000018,0.000011,,0.00001,0.000011,0.000004,,,,0.000007,,,,,,,,,,,,,,,0.000014,,,,,,0.0,,,,,,,,,,,,,,,,,,,,,0.000012,,,0.000002,,,,,,,,,,,,,,,,,,0.000001,,,,0.0,0.000001,,0.000022,0.000024,0.000009,0.000016,0.000009,0.00001,0.000011,0.000005,0.000005,0.000003,0.000001,0.000001,,,,,,,,,,,,
0.006308,0.0,0.0,0.000004,0.000094,0.0,0.006306,0.016667,,,,,,,,,,,,,0.0,0.000004,,,,,,,,0.000022,0.000014,,0.000011,0.000014,0.000005,,,,0.000008,,,,0.000004,,,,,,,0.000001,,,,0.000016,,,,,,0.0,,,,,,,,,,,,,,,,,,,,,0.000011,,,0.000004,,,,,,,,,,,,,,,,,,0.0,,,,0.0,0.000001,,,,,,,,,,,,,,,,,,,,,,,,,
0.017596,0.0,0.0,0.000151,0.000099,0.0,0.017593,0.016667,,,,,,,,,,,,,0.000114,0.000037,,,,,,,,0.000023,0.000015,,0.000011,0.000015,0.000005,,,,0.000008,,,,0.000004,,,,,,,0.000001,,,,0.000017,,,,,,0.000001,,,,,,,,,,,,,,,,,,,,,0.000012,,,0.000004,,,,,,,,,,,,,,,,,,0.0,,,,0.0,0.0,,,,,,,,,,,,,,,,,,,,,,,,,
0.00149,0.000004,0.000101,0.000016,0.000268,0.000271,0.001216,0.016667,0.0,0.0,0.0,0.0,0.0,0.000004,0.000007,0.000002,0.000038,0.000045,0.0,0.000009,0.00001,0.000006,,,,,0.000017,,,0.000032,0.000017,,0.000017,0.000022,0.000008,,,,0.000012,,,,0.000003,,,,,,,0.000001,,,,0.000078,,,,,,0.0,,,,,,,,,,,,,,,,,,,,,0.00002,,,0.000005,,,,,,,,,,,,,,,,,,0.0,,,,0.0,0.0,,0.000022,0.000026,0.00001,0.000018,0.000011,0.00001,0.00001,0.000005,0.000006,0.000003,0.000002,0.000001,,,,,,,,,,,,
0.000558,0.0,0.0,0.0,0.000077,0.0,0.000557,0.016667,,,,,,,,,,,,,0.0,0.0,,,,,,,,0.000018,0.000011,,0.00001,0.000011,0.000005,,,,0.000006,,,,,,,,,,,,,,,0.000014,,,,,,0.0,,,,,,,,,,,,,,,,,,,,,0.000011,,,0.000003,,,,,,,,,,,,,,,,,,0.0,,,,0.000001,0.0,,,,,,,,,,,,,,,,,,,,,,,,,
0.007086,0.000002,0.000104,0.000011,0.000145,0.000268,0.006817,0.016667,0.0,0.0,0.0,0.0,0.0,0.000002,0.000008,0.000003,0.000048,0.00004,0.000001,0.000004,0.0,0.000011,,,,,0.000013,,,0.000018,0.00001,,0.00001,0.000011,0.000005,,,,0.000006,,,,,,,,,,,,,,,0.000013,,,,,,0.0,,,,,,,,,,,,,,,,,,,,,0.000011,,,0.000003,,,,,,,,,,,,,,,,,,0.0,,,,0.0,0.000001,,0.000022,0.000022,0.00001,0.000016,0.00001,0.000009,0.00001,0.000005,0.000004,0.000003,0.000002,0.000002,,,,,,,,,,,,
0.005955,0.0,0.0,0.000018,0.000092,0.0,0.005952,0.016667,,,,,,,,,,,,,0.000003,0.000015,,,,,,,,0.000022,0.000014,,0.000012,0.000015,0.000005,,,,0.000007,,,,0.000004,,,,,,,0.000001,,,,0.000015,,,,,,0.0,,,,,,,,,,,,,,,,,,,,,0.000011,,,0.000003,,,,,,,,,,,,,,,,,,0.0,,,,0.0,0.0,,,,,,,,,,,,,,,,,,,,,,,,,
0.013882,0.000005,0.000075,0.000122,0.000211,0.000257,0.013623,0.016667,0.0,0.0,0.0,0.0,0.0,0.000005,0.000006,0.000001,0.000036,0.00003,0.0,0.000002,0.000082,0.00004,,,,,0.000019,,,0.000022,0.000016,,0.000014,0.000013,0.000007,,,,0.000008,,,,0.000005,,,,,,,0.000002,,,,0.000019,,,,,,0.0,,,,,,,,,,,,,,,,,,,,,0.000031,,,0.000005,,,,,,,,,,,,,,,,,,0.000001,,,,0.0,0.000001,,0.000024,0.000027,0.000011,0.000018,0.00001,0.000011,0.000011,0.000006,0.000006,0.000003,0.000002,0.000001,,,,,,,,,,,,
0.002451,0.0,0.0,0.000003,0.000101,0.0,0.002448,0.016667,,,,,,,,,,,,,0.0,0.000003,,,,,,,,0.000023,0.000014,,0.000012,0.000016,0.000005,,,,0.000008,,,,0.000004,,,,,,,0.000001,,,,0.000016,,,,,,0.0,,,,,,,,,,,,,,,,,,,,,0.000013,,,0.000004,,,,,,,,,,,,,,,,,,0.000001,,,,0.000001,0.000001,,,,,,,,,,,,,,,,,,,,,,,,,
0.002994,0.0,0.0,0.000004,0.000117,0.0,0.002991,0.016667,,,,,,,,,,,,,0.0,0.000004,,,,,,,,0.000025,0.000016,,0.000013,0.000016,0.000006,,,,0.000008,,,,0.000005,,,,,,,0.000002,,,,0.000019,,,,,,0.0,,,,,,,,,,,,,,,,,,,,,0.00002,,,0.000023,,,,,,,,,,,,,,,,,,0.0,,,,0.000001,0.000001,,,,,,,,,,,,,,,,,,,,,,,,,
0.005781,0.000006,0.000084,0.000078,0.000353,0.000283,0.005495,0.016667,0.0,0.0,0.0,0.0,0.0,0.000006,0.000006,0.000003,0.000039,0.000033,0.0,0.000003,0.000057,0.000021,,,,,0.000023,,,0.000064,0.00004,,0.00004,0.000039,0.000011,,,,0.000023,,,,0.000005,,,,,,,0.000001,,,,0.000041,,,,,,0.0,,,,,,,,,,,,,,,,,,,,,0.000025,,,0.000017,,,,,,,,,,,,,,,,,,0.000001,,,,0.0,0.0,,0.000029,0.00003,0.000013,0.00002,0.000012,0.000012,0.000014,0.000006,0.000007,0.000004,0.000002,0.000001,,,,,,,,,,,,
0.006421,0.0,0.0,0.00001,0.00009,0.0,0.006418,0.016667,,,,,,,,,,,,,0.0,0.00001,,,,,,,,0.000021,0.000014,,0.000011,0.000014,0.000004,,,,0.000006,,,,0.000004,,,,,,,0.000001,,,,0.000015,,,,,,0.0,,,,,,,,,,,,,,,,,,,,,0.000011,,,0.000004,,,,,,,,,,,,,,,,,,0.0,,,,0.0,0.0,,,,,,,,,,,,,,,,,,,,,,,,,
0.014102,0.000004,0.000074,0.000125,0.000169,0.00023,0.01387,0.016667,0.0,0.0,0.0,0.0,0.0,0.000004,0.000006,0.000002,0.000041,0.000024,0.0,0.000001,0.000097,0.000028,,,,,0.000018,,,0.000021,0.000013,,0.000012,0.000012,0.000004,,,,0.000007,,,,0.000005,,,,,,,0.000001,,,,0.000013,,,,,,0.0,,,,,,,,,,,,,,,,,,,,,0.000011,,,0.000003,,,,,,,,,,,,,,,,,,0.0,,,,0.0,0.0,,0.000027,0.000025,0.000015,0.000016,0.00001,0.00001,0.000011,0.000005,0.000006,0.000004,0.000002,0.000001,,,,,,,,,,,,
0.000617,0.0,0.0,0.000001,0.000095,0.0,0.000614,0.016667,,,,,,,,,,,,,0.0,0.000001,,,,,,,,0.000023,0.000013,,0.000013,0.000015,0.000004,,,,0.000007,,,,0.000004,,,,,,,0.000001,,,,0.000016,,,,,,0.0,,,,,,,,,,,,,,,,,,,,,0.000012,,,0.000004,,,,,,,,,,,,,,,,,,0.0,,,,0.0,0.0,,,,,,,,,,,,,,,,,,,,,,,,,
0.004542,0.000003,0.000067,0.000026,0.000143,0.000217,0.004324,0.016667,0.0,0.0,0.0,0.0,0.0,0.000003,0.000005,0.000002,0.000042,0.000013,0.0,0.000005,0.000015,0.000011,,,,,0.000014,,,0.000018,0.000009,,0.000008,0.000013,0.000004,,,,0.000006,,,,0.000003,,,,,,,0.000001,,,,0.000012,,,,,,0.0,,,,,,,,,,,,,,,,,,,,,0.000011,,,0.000003,,,,,,,,,,,,,,,,,,0.0,,,,0.0,0.0,,0.000022,0.000022,0.00001,0.000015,0.00001,0.000008,0.00001,0.000005,0.000005,0.000003,0.000001,0.000001,,,,,,,,,,,,
0.007077,0.0,0.0,0.000007,0.000102,0.0,0.007075,0.016667,,,,,,,,,,,,,0.0,0.000007,,,,,,,,0.000024,0.000017,,0.000012,0.000013,0.000006,,,,0.000008,,,,,,,,,,,,,,,0.000018,,,,,,0.0,,,,,,,,,,,,,,,,,,,,,0.000015,,,0.000004,,,,,,,,,,,,,,,,,,0.0,,,,0.0,0.000001,,,,,,,,,,,,,,,,,,,,,,,,,
0.019897,0.0,0.0,0.000117,0.000081,0.0,0.019895,0.016667,,,,,,,,,,,,,0.000072,0.000045,,,,,,,,0.000018,0.000012,,0.000009,0.000011,0.000004,,,,0.000006,,,,0.000003,,,,,,,0.000001,,,,0.000015,,,,,,0.0,,,,,,,,,,,,,,,,,,,,,0.000011,,,0.000003,,,,,,,,,,,,,,,,,,0.0,,,,0.0,0.000001,,,,,,,,,,,,,,,,,,,,,,,,,
0.001726,0.000007,0.000072,0.000022,0.000461,0.00078,0.000939,0.016667,0.0,0.0,0.0,0.0,0.0,0.000007,0.000005,0.000002,0.000038,0.000022,0.0,0.000005,0.000012,0.00001,,,,,0.000067,,,0.000075,0.000035,,0.000039,0.000041,0.000014,,,,0.000025,,,,,,,,,,,,,,,0.000021,,,,,,0.0,,,,,,,,,,,,,,,,,,,,,0.000028,,,0.000005,,,,,,,,,,,,,,,,,,0.000001,,,,0.0,0.0,,0.000056,0.000069,0.000025,0.000045,0.000024,0.00003,0.000026,0.000012,0.000019,0.000008,0.000005,0.000004,,,,,,,,,,,,
0.000415,0.0,0.0,0.0,0.000064,0.0,0.000414,0.016667,,,,,,,,,,,,,0.0,0.0,,,,,,,,0.000015,0.000009,,0.000008,0.000009,0.000003,,,,0.000005,,,,,,,,,,,,,,,0.000013,,,,,,0.0,,,,,,,,,,,,,,,,,,,,,0.00001,,,0.000003,,,,,,,,,,,,,,,,,,0.0,,,,0.0,0.0,,,,,,,,,,,,,,,,,,,,,,,,,
0.011509,0.000002,0.000307,0.0001,0.000111,0.000187,0.011321,0.016667,0.0,0.0,0.0,0.0,0.0,0.000002,0.000018,0.000007,0.000236,0.000043,0.000002,0.000001,0.000084,0.000016,,,,,0.000009,,,0.000012,0.000008,,0.000006,0.000007,0.000005,,,,0.000004,,,,,,,,,,,,,,,0.000008,,,,,,0.0,,,,,,,,,,,,,,,,,,,,,0.000011,,,0.000002,,,,,,,,,,,,,,,,,,0.0,,,,0.0,0.0,,0.000018,0.000017,0.000008,0.000012,0.00001,0.000008,0.000009,0.000005,0.000003,0.000003,0.000001,0.000002,,,,,,,,,,,,
0.020638,0.0,0.0,0.00014,0.00012,0.0,0.020635,0.016667,,,,,,,,,,,,,0.000096,0.000044,,,,,,,,0.000029,0.000018,,0.000014,0.000017,0.000007,,,,0.000009,,,,,,,,,,,,,,,0.000021,,,,,,0.0,,,,,,,,,,,,,,,,,,,,,0.000017,,,0.000005,,,,,,,,,,,,,,,,,,0.000001,,,,0.000001,0.0,,,,,,,,,,,,,,,,,,,,,,,,,
0.000935,0.000006,0.000066,0.000004,0.00017,0.000271,0.000661,0.016667,0.0,0.0,0.0,0.0,0.0,0.000006,0.000005,0.000001,0.000032,0.000021,0.000001,0.000006,0.0,0.000004,,,,,0.000015,,,0.000019,0.000013,,0.000016,0.000011,0.000005,,,,0.000007,,,,0.000008,,,,,,,0.000003,,,,0.000014,,,,,,0.0,,,,,0.000001,,,,,,,,,,,,,,,,0.000012,,,0.000003,,,,,,,,,,,,,,,,,,0.000001,,,,0.0,0.0,,0.000021,0.000024,0.00001,0.000015,0.00001,0.00001,0.00001,0.000005,0.000005,0.000004,0.000002,0.000001,,,,,,,,,,,,
0.000443,0.0,0.0,0.0,0.000076,0.0,0.000442,0.016667,,,,,,,,,,,,,0.0,0.0,,,,,,,,0.000019,0.000012,,0.000011,0.000012,0.000006,,,,0.000006,,,,,,,,,,,,,,,0.000015,,,,,,0.0,,,,,,,,,,,,,,,,,,,,,0.000008,,,0.000001,,,,,,,,,,,,,,,,,,0.0,,,,0.0,0.0,,,,,,,,,,,,,,,,,,,,,,,,,
0.012316,0.0,0.0,0.000028,0.000041,0.0,0.012314,0.016667,,,,,,,,,,,,,0.000014,0.000014,,,,,,,,0.000008,0.000006,,0.000005,0.000005,0.000002,,,,0.000003,,,,,,,,,,,,,,,0.000008,,,,,,0.0,,,,,,,,,,,,,,,,,,,,,0.000007,,,0.000002,,,,,,,,,,,,,,,,,,0.0,,,,0.0,0.000001,,,,,,,,,,,,,,,,,,,,,,,,,
0.019154,0.000006,0.000098,0.000111,0.000388,0.000653,0.018492,0.016667,0.0,0.0,0.0,0.0,0.0,0.000006,0.000007,0.000001,0.000046,0.000038,0.000001,0.000005,0.00007,0.000041,,,,,0.00005,,,0.000064,0.000042,,0.000029,0.000037,0.000008,,,,0.000013,,,,,,,,,,,,,,,0.000025,,,,,,0.000001,,,,,,,,,,,,,,,,,,,,,0.000016,,,0.000005,,,,,,,,,,,,,,,,,,0.0,,,,0.000001,0.000001,,0.000039,0.000067,0.000016,0.00004,0.000019,0.000031,0.000019,0.00001,0.000017,0.000007,0.000006,0.000005,,,,,,,,,,,,
0.001176,0.000005,0.000173,0.000002,0.00042,0.000289,0.000883,0.016667,0.0,0.0,0.0,0.0,0.0,0.000005,0.000007,0.000004,0.000115,0.000044,0.000001,0.000002,0.0,0.000002,,,,,0.000018,,,0.000045,0.000017,,0.000014,,0.000006,,,,0.000008,,,,0.000005,,,,,,,0.000001,,,,0.000141,,,,,,0.000001,,,,,,,0.00006,,,,,,,,,,,,,,0.000021,,,0.000005,,,,,,,,,,,,,,,,,,0.0,,,,0.0,0.000001,,0.000032,0.000033,0.000014,0.000022,0.000014,0.000013,0.000016,0.000007,0.000007,0.000005,0.000003,0.000001,,0.000031,0.000015,0.000004,,,,,,,,
0.000533,0.0,0.0,0.000002,0.000067,0.0,0.000532,0.016667,,,,,,,,,,,,,0.0,0.000002,,,,,,,,0.000015,0.000009,,0.000009,,0.000004,,,,0.000005,,,,,,,,,,,,,,,0.000012,,,,,,0.0,,,,,,,,,,,,,,,,,,,,,0.00001,,,0.000002,,,,,,,,,,,,,,,,,,0.0,,,,0.0,0.000001,,,,,,,,,,,,,,,,,,,,,,,,,
0.000776,0.000002,0.000086,0.0,0.000122,0.000329,0.000446,0.016667,0.0,0.0,0.0,0.0,0.0,0.000002,0.000005,0.000002,0.000053,0.000015,0.0,0.000011,0.0,0.0,,,,,0.000009,,,0.000015,0.000008,,0.000008,,0.000004,,,,0.000005,,,,,,,,,,,,,,,0.000011,,,,,,0.0,,,,,,,,,,,,,,,,,,,,,0.000009,,,0.000002,,,,,,,,,,,,,,,,,,0.0,,,,0.0,0.0,,0.000018,0.000018,0.000008,0.000013,0.000009,0.000009,0.000009,0.000004,0.000004,0.000003,0.000001,0.000001,,,,,,,,,,,,
0.011615,0.0,0.0,0.000101,0.000045,0.0,0.011614,0.016667,,,,,,,,,,,,,0.000071,0.00003,,,,,,,,0.000009,0.000006,,0.000006,,0.000003,,,,0.000003,,,,,,,,,,,,,,,0.000007,,,,,,0.0,,,,,,,,,,,,,,,,,,,,,0.000009,,,0.000001,,,,,,,,,,,,,,,,,,0.0,,,,0.0,0.000001,,,,,,,,,,,,,,,,,,,,,,,,,
0.017539,0.000002,0.000099,0.000065,0.000152,0.000287,0.01725,0.016667,0.0,0.0,0.0,0.0,0.0,0.000002,0.000003,0.000001,0.000034,0.000043,0.0,0.000018,0.000032,0.000033,,,,,0.000016,,,0.000019,0.000013,,0.000011,,0.000004,,,,0.000006,,,,,,,,,,,,,,,0.000011,,,,,,0.0,,,,,,,,,,,,,,,,,,,,,0.000011,,,0.000003,,,,,,,,,,,,,,,,,,0.0,,,,0.0,0.0,,0.000022,0.000024,0.000009,0.000016,0.00001,0.000011,0.000011,0.000005,0.000005,0.000004,0.000002,0.000002,,,,,,,,,,,,
0.000791,0.0,0.0,0.0,0.000111,0.0,0.000789,0.016667,,,,,,,,,,,,,0.0,0.0,,,,,,,,0.000026,0.000015,,0.000013,,0.000007,,,,0.000009,,,,,,,,,,,,,,,0.00002,,,,,,0.0,,,,,,,,,,,,,,,,,,,,,0.000017,,,0.000005,,,,,,,,,,,,,,,,,,0.0,,,,0.0,0.0,,,,,,,,,,,,,,,,,,,,,,,,,
0.002458,0.000003,0.000087,0.000104,0.000173,0.000336,0.002121,0.016667,0.0,0.0,0.0,0.0,0.0,0.000003,0.000005,0.000002,0.000053,0.000025,0.0,0.000002,0.000095,0.000009,,,,,0.000015,,,0.000016,0.000016,,0.000009,,0.000004,,,,0.000005,,,,,,,,,,,,,,,0.000011,,,,,,0.0,,,,,,,,,,,,,,,,,,,,,0.000014,,,0.000005,,,,,,,,,,,,,,,,,,0.0,,,,0.0,0.000001,,0.000031,0.00003,0.000014,0.00002,0.000014,0.000012,0.000015,0.000008,0.000007,0.000004,0.000002,0.000001,,,,,,,,,,,,
0.006945,0.0,0.0,0.000006,0.000062,0.0,0.006944,0.016667,,,,,,,,,,,,,0.0,0.000006,,,,,,,,0.000013,0.000009,,0.000008,,0.000004,,,,0.000005,,,,,,,,,,,,,,,0.00001,,,,,,0.0,,,,,,,,,,,,,,,,,,,,,0.00001,,,0.000003,,,,,,,,,,,,,,,,,,0.0,,,,0.0,0.000001,,,,,,,,,,,,,,,,,,,,,,,,,
0.00704,0.0,0.0,0.000038,0.000103,0.0,0.007038,0.016667,,,,,,,,,,,,,0.000024,0.000014,,,,,,,,0.000023,0.000016,,0.000012,,0.000006,,,,0.000008,,,,,,,,,,,,,,,0.000017,,,,,,0.0,,,,,,,,,,,,,,,,,,,,,0.000017,,,0.000004,,,,,,,,,,,,,,,,,,0.000001,,,,0.0,0.0,,,,,,,,,,,,,,,,,,,,,,,,,
0.014309,0.000002,0.000117,0.000134,0.000166,0.000258,0.014049,0.016667,0.0,0.0,0.0,0.0,0.0,0.000002,0.000006,0.000002,0.000074,0.000034,0.0,0.000001,0.000105,0.000029,,,,,0.000017,,,0.000023,0.000014,,0.000011,,0.000004,,,,0.000007,,,,,,,,,,,,,,,0.000013,,,,,,0.000001,,,,,,,,,,,,,,,,,,,,,0.000011,,,0.000003,,,,,,,,,,,,,,,,,,0.0,,,,0.0,0.0,,0.000022,0.000027,0.000009,0.000017,0.00001,0.000012,0.000011,0.000005,0.000006,0.000003,0.000002,0.000002,,,,,,,,,,,,
0.000828,0.0,0.0,0.0,0.000119,0.0,0.000825,0.016667,,,,,,,,,,,,,0.0,0.0,,,,,,,,0.000029,0.000018,,0.000013,,0.000007,,,,0.000009,,,,,,,,,,,,,,,0.000019,,,,,,0.0,,,,,,,,,,,,,,,,,,,,,0.000018,,,0.000005,,,,,,,,,,,,,,,,,,0.0,,,,0.000001,0.000001,,,,,,,,,,,,,,,,,,,,,,,,,
0.005285,0.000002,0.000071,0.000002,0.00014,0.000286,0.004998,0.016667,0.0,0.0,0.0,0.0,0.0,0.000002,0.000006,0.000002,0.000043,0.000015,0.0,0.000005,0.0,0.000002,,,,,0.000014,,,0.000017,0.000014,,0.000009,,0.000004,,,,0.000006,,,,,,,,,,,,,,,0.00001,,,,,,0.0,,,,,,,,,,,,,,,,,,,,,0.000009,,,0.000003,,,,,,,,,,,,,,,,,,0.0,,,,0.0,0.0,,0.000021,0.000022,0.000009,0.000015,0.00001,0.000013,0.000011,0.000005,0.000005,0.000003,0.000001,0.000002,,,,,,,,,,,,
0.006697,0.0,0.0,0.000033,0.00011,0.0,0.006696,0.016667,,,,,,,,,,,,,0.000019,0.000014,,,,,,,,0.000018,0.000013,,0.00001,,0.000006,,,,0.000008,,,,,,,,,,,,,,,0.000036,,,,,,0.0,,,,,,,,,,,,,,,,,,,,,0.000017,,,0.000003,,,,,,,,,,,,,,,,,,0.0,,,,0.0,0.0,,,,,,,,,,,,,,,,,,,,,,,,,
0.015646,0.0,0.0,0.000089,0.00009,0.0,0.015644,0.016667,,,,,,,,,,,,,0.000071,0.000018,,,,,,,,0.000024,0.000014,,0.000011,,0.000005,,,,0.000006,,,,,,,,,,,,,,,0.000014,,,,,,0.0,,,,,,,,,,,,,,,,,,,,,0.000013,,,0.000004,,,,,,,,,,,,,,,,,,0.0,,,,0.0,0.0,,,,,,,,,,,,,,,,,,,,,,,,,
0.001342,0.000003,0.000089,0.000025,0.000165,0.000281,0.001059,0.016667,0.0,0.0,0.0,0.0,0.0,0.000003,0.000004,0.000002,0.000035,0.000032,0.000001,0.000015,0.000019,0.000006,,,,,0.000016,,,0.000022,0.000013,,0.000019,,0.000004,,,,0.000006,,,,,,,,,,,,,,,0.000013,,,,,,0.0,,,,,,,,,,,,,,,,,,,,,0.00001,,,0.000003,,,,,,,,,,,,,,,,,,0.0,,,,0.000001,0.0,,0.00002,0.000024,0.00001,0.000017,0.00001,0.000011,0.00001,0.000005,0.000006,0.000004,0.000002,0.000001,,,,,,,,,,,,
0.004044,0.0,0.0,0.000004,0.000051,0.0,0.004043,0.016667,,,,,,,,,,,,,0.0,0.000004,,,,,,,,0.000011,0.000007,,0.000007,,0.000004,,,,0.000004,,,,,,,,,,,,,,,0.000008,,,,,,0.0,,,,,,,,,,,,,,,,,,,,,0.000008,,,0.000002,,,,,,,,,,,,,,,,,,0.0,,,,0.000001,0.0,,,,,,,,,,,,,,,,,,,,,,,,,
0.006709,0.000003,0.000113,0.000074,0.000159,0.000314,0.006393,0.016667,0.0,0.0,0.0,0.0,0.0,0.000003,0.000004,0.000002,0.000062,0.000018,0.000001,0.000026,0.000064,0.00001,,,,,0.00001,,,0.00002,0.000014,,0.000011,,0.000006,,,,0.000007,,,,,,,,,,,,,,,0.000015,,,,,,0.000001,,,,,,0.000004,,,,,,,,,,,,,,,0.000015,,,0.000003,,,,,,,,,,,,,,,,,,0.000001,,,,0.0,0.0,,0.00002,0.00002,0.000009,0.000013,0.00001,0.000009,0.00001,0.000005,0.000004,0.000003,0.000001,0.000001,,,,,,,,,,,,
0.006643,0.0,0.0,0.000005,0.000115,0.0,0.00664,0.016667,,,,,,,,,,,,,0.0,0.000005,,,,,,,,0.000027,0.000018,,0.000014,,0.000007,,,,0.000008,,,,,,,,,,,,,,,0.00002,,,,,,0.0,,,,,,,,,,,,,,,,,,,,,0.000016,,,0.000005,,,,,,,,,,,,,,,,,,0.0,,,,0.000001,0.000001,,,,,,,,,,,,,,,,,,,,,,,,,
0.019622,0.000003,0.000093,0.000225,0.000218,0.000379,0.019239,0.016667,0.0,0.0,0.0,0.0,0.0,0.000003,0.000004,0.000002,0.000057,0.000023,0.000001,0.000006,0.00019,0.000035,,,,,0.000018,,,0.000024,0.000017,,0.000018,,0.000009,,,,0.00001,,,,,,,,,,,,,,,0.00002,,,,,,0.0,,,,,,,,,,,,,,,,,,,,,0.000017,,,0.000004,,,,,,,,,,,,,,,,,,0.0,,,,0.0,0.000001,,0.000031,0.000031,0.000014,0.000021,0.000014,0.000013,0.000015,0.000008,0.000006,0.000004,0.000002,0.000002,,,,,,,,,,,,
0.000912,0.0,0.0,0.000003,0.000113,0.0,0.00091,0.016667,,,,,,,,,,,,,0.0,0.000003,,,,,,,,0.000028,0.000015,,0.000013,,0.000007,,,,0.000008,,,,,,,,,,,,,,,0.000018,,,,,,0.0,,,,,,,,,,,,,,,,,,,,,0.000018,,,0.000005,,,,,,,,,,,,,,,,,,0.000001,,,,0.0,0.000001,,,,,,,,,,,,,,,,,,,,,,,,,
0.000761,0.0,0.0,0.0,0.000178,0.0,0.000759,0.016667,,,,,,,,,,,,,0.0,0.0,,,,,,,,0.000041,0.000017,,0.000017,,0.000005,,,,0.000009,,,,,,,,,,,,,,,0.000072,,,,,,0.0,,,,,,,,,,,,,,,,,,,,,0.000012,,,0.000005,,,,,,,,,,,,,,,,,,0.000001,,,,0.000001,0.0,,,,,,,,,,,,,,,,,,,,,,,,,
0.006409,0.000002,0.000142,0.000046,0.000144,0.000257,0.00615,0.016667,0.0,0.0,0.0,0.0,0.0,0.000002,0.000006,0.000002,0.00009,0.000041,0.000001,0.000002,0.000025,0.000021,,,,,0.000014,,,0.000018,0.00001,,0.000009,,0.000005,,,,0.000007,,,,,,,,,,,,,,,0.000011,,,,,,0.0,,,,,,,,,,,,,,,,,,,,,0.000011,,,0.000002,,,,,,,,,,,,,,,,,,0.0,,,,0.0,0.0,,0.000022,0.000022,0.000009,0.000015,0.00001,0.00001,0.00001,0.000005,0.000005,0.000003,0.000001,0.000001,,,,,,,,,,,,
0.006607,0.0,0.0,0.000132,0.000109,0.0,0.006605,0.016667,,,,,,,,,,,,,0.000118,0.000014,,,,,,,,0.000027,0.000017,,0.000013,,0.000007,,,,0.000008,,,,,,,,,,,,,,,0.000017,,,,,,0.0,,,,,,,,,,,,,,,,,,,,,0.000017,,,0.000004,,,,,,,,,,,,,,,,,,0.0,,,,0.0,0.0,,,,,,,,,,,,,,,,,,,,,,,,,
0.013746,0.000003,0.00009,0.00006,0.000166,0.000271,0.013472,0.016667,0.0,0.0,0.0,0.0,0.0,0.000003,0.000007,0.000002,0.00005,0.000028,0.000001,0.000002,0.000032,0.000028,,,,,0.000016,,,0.000019,0.000013,,0.000011,,0.000005,,,,0.000007,,,,0.000004,,,,,,,0.000001,,,,0.000014,,,,,,0.0,,,,,,,,,,,,,,,,,,,,,0.00001,,,0.000003,,,,,,,,,,,,,,,,,,0.0,,,,0.0,0.0,,0.000021,0.000027,0.000009,0.000018,0.00001,0.000012,0.00001,0.000005,0.000006,0.000004,0.000002,0.000002,,,,,,,,,,,,
0.003409,0.0,0.0,0.000008,0.000093,0.0,0.003406,0.016667,,,,,,,,,,,,,0.000002,0.000006,,,,,,,,0.000022,0.000013,,0.00001,,0.000005,,,,0.000007,,,,0.000004,,,,,,,0.000002,,,,0.000014,,,,,,0.0,,,,,,,,,,,,,,,,,,,,,0.000012,,,0.000004,,,,,,,,,,,,,,,,,,0.0,,,,0.0,0.000001,,,,,,,,,,,,,,,,,,,,,,,,,
0.002874,0.0,0.0,0.000003,0.000079,0.0,0.002873,0.016667,,,,,,,,,,,,,0.0,0.000003,,,,,,,,0.00002,0.000011,,0.000009,,0.000005,,,,0.000006,,,,,,,,,,,,,,,0.000014,,,,,,0.0,,,,,,,,,,,,,,,,,,,,,0.000011,,,0.000003,,,,,,,,,,,,,,,,,,0.0,,,,0.0,0.000001,,,,,,,,,,,,,,,,,,,,,,,,,
0.006857,0.000003,0.000208,0.000109,0.000313,0.000544,0.006311,0.016667,0.0,0.0,0.0,0.0,0.0,0.000003,0.000009,0.000002,0.000062,0.000029,0.0,0.000106,0.000092,0.000017,,,,,0.000018,,,0.000025,0.000017,,0.000015,,0.000005,,,,0.000009,,,,,,,,,,,,,,,0.000018,,,,,,0.0,,,,,,,0.000084,,,,,,,,,,,,,,0.000013,,,0.000003,,,,,,,,,,,,,,,,,,0.0,,,,0.0,0.000001,,0.000047,0.000031,0.000022,0.00002,0.000021,0.00008,0.000022,0.00001,0.000007,0.000007,0.000003,0.000002,,,,,,,,,,,,
0.006992,0.0,0.0,0.000006,0.000119,0.0,0.006989,0.016667,,,,,,,,,,,,,0.0,0.000006,,,,,,,,0.000029,0.000018,,0.000014,,0.000007,,,,0.000009,,,,,,,,,,,,,,,0.00002,,,,,,0.0,,,,,,,,,,,,,,,,,,,,,0.000018,,,0.000005,,,,,,,,,,,,,,,,,,0.0,,,,0.0,0.000001,,,,,,,,,,,,,,,,,,,,,,,,,
0.014294,0.000002,0.000127,0.000115,0.00017,0.000295,0.013996,0.016667,0.0,0.0,0.0,0.0,0.0,0.000002,0.000009,0.000003,0.000061,0.000036,0.000001,0.000017,0.000062,0.000053,,,,,0.000017,,,0.000021,0.000016,,0.000012,,0.000006,,,,0.000009,,,,,,,,,,,,,,,0.000016,,,,,,0.0,,,,,,,,,,,,,,,,,,,,,0.00001,,,0.000004,,,,,,,,,,,,,,,,,,0.0,,,,0.0,0.0,,0.000022,0.000024,0.000009,0.000016,0.000011,0.000012,0.00001,0.000005,0.000006,0.000004,0.000002,0.000001,,,,,,,,,,,,
0.002862,0.0,0.0,0.000003,0.000118,0.0,0.00286,0.016667,,,,,,,,,,,,,0.0,0.000003,,,,,,,,0.000029,0.000018,,0.000013,,0.000007,,,,0.000009,,,,,,,,,,,,,,,0.000019,,,,,,0.000001,,,,,,,,,,,,,,,,,,,,,0.000018,,,0.000005,,,,,,,,,,,,,,,,,,0.0,,,,0.000001,0.0,,,,,,,,,,,,,,,,,,,,,,,,,
0.00352,0.000002,0.000095,0.000003,0.000165,0.000243,0.003275,0.016667,0.0,0.0,0.0,0.0,0.0,0.000002,0.000006,0.000002,0.000055,0.000026,0.0,0.000006,0.0,0.000003,,,,,0.000012,,,0.000022,0.000015,,0.000014,,0.000007,,,,0.000008,,,,,,,,,,,,,,,0.000015,,,,,,0.0,,,,,,,,,,,,,,,,,,,,,0.000016,,,0.000003,,,,,,,,,,,,,,,,,,0.0,,,,0.0,0.0,,0.000021,0.000022,0.000009,0.000014,0.000009,0.000009,0.00001,0.000005,0.000005,0.000003,0.000002,0.000001,,,,,,,,,,,,
0.006744,0.0,0.0,0.000109,0.00011,0.0,0.006742,0.016667,,,,,,,,,,,,,0.000097,0.000012,,,,,,,,0.000026,0.000017,,0.000013,,0.000007,,,,0.000008,,,,,,,,,,,,,,,0.000018,,,,,,0.0,,,,,,,,,,,,,,,,,,,,,0.000018,,,0.000005,,,,,,,,,,,,,,,,,,0.0,,,,0.0,0.0,,,,,,,,,,,,,,,,,,,,,,,,,
0.007144,0.0,0.0,0.00003,0.000078,0.0,0.007143,0.016667,,,,,,,,,,,,,0.000022,0.000008,,,,,,,,0.000021,0.000012,,0.00001,,0.000004,,,,0.000006,,,,,,,,,,,,,,,0.000013,,,,,,0.0,,,,,,,,,,,,,,,,,,,,,0.00001,,,0.000004,,,,,,,,,,,,,,,,,,0.0,,,,0.0,0.0,,,,,,,,,,,,,,,,,,,,,,,,,
0.014551,0.000005,0.000096,0.000092,0.000355,0.000608,0.013937,0.016667,0.0,0.0,0.0,0.0,0.0,0.000005,0.000006,0.000002,0.000054,0.000013,0.0,0.000021,0.000069,0.000023,,,,,0.000034,,,0.000053,0.000038,,0.000023,,0.000012,,,,0.000018,,,,,,,,,,,,,,,0.000034,,,,,,0.0,,,,,,,,,,,,,,,,,,,,,0.000013,,,0.000003,,,,,,,,,,,,,,,,,,0.000001,,,,0.0,0.0,,0.000048,0.000055,0.000015,0.000032,0.000019,0.000025,0.000028,0.00001,0.000015,0.000006,0.000005,0.000003,,,,,,,,,,,,
0.001157,0.0,0.0,0.000003,0.000083,0.0,0.001156,0.016667,,,,,,,,,,,,,0.0,0.000003,,,,,,,,0.000022,0.000011,,0.000011,,0.000005,,,,0.000006,,,,,,,,,,,,,,,0.000014,,,,,,0.0,,,,,,,,,,,,,,,,,,,,,0.000012,,,0.000003,,,,,,,,,,,,,,,,,,0.0,,,,0.0,0.0,,,,,,,,,,,,,,,,,,,,,,,,,
0.004413,0.000002,0.000163,0.000113,0.000136,0.000261,0.004151,0.016667,0.0,0.0,0.0,0.0,0.0,0.000002,0.00002,0.000006,0.000101,0.000028,0.0,0.000008,0.000105,0.000008,,,,,0.000013,,,0.000017,0.00001,,0.000009,,0.000005,,,,0.000005,,,,,,,,,,,,,,,0.000011,,,,,,0.0,,,,,,,,,,,,,,,,,,,,,0.00001,,,0.000002,,,,,,,,,,,,,,,,,,0.0,,,,0.0,0.0,,0.000021,0.000022,0.000009,0.000015,0.00001,0.00001,0.00001,0.000005,0.000005,0.000003,0.000002,0.000001,,,,,,,,,,,,
0.007075,0.0,0.0,0.000165,0.000105,0.0,0.007073,0.016667,,,,,,,,,,,,,0.000152,0.000013,,,,,,,,0.000023,0.000016,,0.000013,,0.000006,,,,0.000008,,,,,,,,,,,,,,,0.000018,,,,,,0.0,,,,,,,,,,,,,,,,,,,,,0.000017,,,0.000004,,,,,,,,,,,,,,,,,,0.0,,,,0.000001,0.0,,,,,,,,,,,,,,,,,,,,,,,,,
0.006674,0.0,0.0,0.000012,0.000121,0.0,0.006671,0.016667,,,,,,,,,,,,,0.0,0.000012,,,,,,,,0.000029,0.000019,,0.000015,,0.000006,,,,0.000008,,,,,,,,,,,,,,,0.000018,,,,,,0.0,,,,,,,,,,,,,,,,,,,,,0.000018,,,0.000006,,,,,,,,,,,,,,,,,,0.000001,,,,0.000001,0.000001,,,,,,,,,,,,,,,,,,,,,,,,,
0.014957,0.000003,0.000086,0.000203,0.000173,0.000282,0.014672,0.016667,0.0,0.0,0.0,0.0,0.0,0.000003,0.000005,0.000002,0.00005,0.000028,0.0,0.000001,0.000164,0.000039,,,,,0.000017,,,0.000022,0.000017,,0.000014,,0.000005,,,,0.000007,,,,,,,,,,,,,,,0.000013,,,,,,0.0,,,,,,,,,,,,,,,,,,,,,0.000012,,,0.000003,,,,,,,,,,,,,,,,,,0.0,,,,0.0,0.000001,,0.000023,0.000025,0.00001,0.000017,0.00001,0.000011,0.000012,0.000005,0.000006,0.000003,0.000002,0.000001,,,,,,,,,,,,
0.000639,0.0,0.0,0.0,0.000117,0.0,0.000636,0.016667,,,,,,,,,,,,,0.0,0.0,,,,,,,,0.000038,0.000017,,0.000016,,0.000005,,,,0.00001,,,,,,,,,,,,,,,0.000015,,,,,,0.000001,,,,,,,,,,,,,,,,,,,,,0.000011,,,0.000005,,,,,,,,,,,,,,,,,,0.0,,,,0.0,0.0,,,,,,,,,,,,,,,,,,,,,,,,,
0.005028,0.000002,0.000091,0.000002,0.000137,0.000264,0.004763,0.016667,0.0,0.0,0.0,0.0,0.0,0.000002,0.000005,0.000002,0.000051,0.000032,0.0,0.000001,0.0,0.000002,,,,,0.000009,,,0.000016,0.000012,,0.000008,,0.000006,,,,0.000005,,,,,,,,,,,,,,,0.000013,,,,,,0.0,,,,,,,,,,,,,,,,,,,,,0.000013,,,0.000002,,,,,,,,,,,,,,,,,,0.0,,,,0.0,0.0,,0.000021,0.00002,0.000009,0.000013,0.000009,0.000009,0.00001,0.000005,0.000004,0.000003,0.000002,0.000002,,,,,,,,,,,,
0.007871,0.0,0.0,0.000035,0.000108,0.0,0.007869,0.016667,,,,,,,,,,,,,0.00002,0.000015,,,,,,,,0.000015,0.000012,,0.000008,,0.000006,,,,0.000005,,,,,,,,,,,,,,,0.000012,,,,,,0.0,,,,,,,,,,,,,,,,,,,,,0.000048,,,0.000003,,,,,,,,,,,,,,,,,,0.0,,,,0.0,0.0,,,,,,,,,,,,,,,,,,,,,,,,,
0.014396,0.000003,0.000118,0.000091,0.000212,0.00038,0.014013,0.016667,0.0,0.0,0.0,0.0,0.0,0.000003,0.000005,0.000002,0.000078,0.000031,0.000001,0.000001,0.000069,0.000022,,,,,0.000066,,,0.000022,0.000014,,0.000012,,0.000005,,,,0.000007,,,,,,,,,,,,,,,0.000012,,,,,,0.0,,,,,,,,,,,,,,,,,,,,,0.000011,,,0.000003,,,,,,,,,,,,,,,,,,0.0,,,,0.0,0.0,,0.000021,0.000027,0.000009,0.000017,0.00001,0.000011,0.00001,0.000005,0.000007,0.000003,0.000001,0.000002,,,,,,,,,,,,
0.004129,0.0,0.0,0.000053,0.000108,0.0,0.004126,0.016667,,,,,,,,,,,,,0.000038,0.000015,,,,,,,,0.000029,0.000015,,0.000022,,0.000005,,,,0.000006,,,,,,,,,,,,,,,0.000015,,,,,,0.0,,,,,,,,,,,,,,,,,,,,,0.000014,,,0.000003,,,,,,,,,,,,,,,,,,0.0,,,,0.0,0.0,,,,,,,,,,,,,,,,,,,,,,,,,
0.000589,0.0,0.0,0.0,0.000088,0.0,0.000584,0.016667,,,,,,,,,,,,,0.0,0.0,,,,,,,,0.000022,0.000013,,0.00001,,0.000006,,,,0.000007,,,,,,,,,,,,,,,0.000015,,,,,,0.0,,,,,,,,,,,,,,,,,,,,,0.000013,,,0.000003,,,,,,,,,,,,,,,,,,0.0,,,,0.0,0.0,,,,,,,,,,,,,,,,,,,,,,,,,
0.007185,0.000002,0.000074,0.000112,0.000127,0.000206,0.006977,0.016667,0.0,0.0,0.0,0.0,0.0,0.000002,0.000005,0.000001,0.000054,0.000013,0.0,0.000001,0.000097,0.000015,,,,,0.000011,,,0.000014,0.000008,,0.000008,,0.000004,,,,0.00001,,,,,,,,,,,,,,,0.000009,,,,,,0.0,,,,,,,,,,,,,,,,,,,,,0.000008,,,0.000002,,,,,,,,,,,,,,,,,,0.0,,,,0.000001,0.0,,0.000021,0.00002,0.000009,0.000014,0.00001,0.000009,0.00001,0.000005,0.000004,0.000003,0.000002,0.000002,,,,,,,,,,,,
0.006811,0.0,0.0,0.000095,0.000093,0.0,0.006809,0.016667,,,,,,,,,,,,,0.000048,0.000047,,,,,,,,0.000022,0.000014,,0.000011,,0.000006,,,,0.000007,,,,,,,,,,,,,,,0.000016,,,,,,0.0,,,,,,,,,,,,,,,,,,,,,0.000014,,,0.000004,,,,,,,,,,,,,,,,,,0.0,,,,0.0,0.0,,,,,,,,,,,,,,,,,,,,,,,,,
0.014523,0.000003,0.000056,0.000029,0.00028,0.000338,0.014182,0.016667,0.0,0.0,0.0,0.0,0.0,0.000003,0.000005,0.000002,0.000039,0.000007,0.000001,0.000002,0.000003,0.000026,,,,,0.000021,,,0.000021,0.000014,,0.000071,,0.000042,,,,0.000007,,,,,,,,,,,,,,,0.000014,,,,,,0.000001,,,,,,,,,,,,,,,,,,,,,0.00001,,,0.000002,,,,,,,,,,,,,,,,,,0.000001,,,,0.0,0.000001,,0.000029,0.000031,0.000013,0.00002,0.000012,0.000013,0.000015,0.000006,0.000007,0.000004,0.000002,0.000002,,,,,,,,,,,,
0.003798,0.0,0.0,0.000005,0.000089,0.0,0.003796,0.016667,,,,,,,,,,,,,0.0,0.000005,,,,,,,,0.000025,0.000013,,0.00001,,0.000005,,,,0.000007,,,,,,,,,,,,,,,0.000014,,,,,,0.0,,,,,,,,,,,,,,,,,,,,,0.000012,,,0.000004,,,,,,,,,,,,,,,,,,0.0,,,,0.0,0.000001,,,,,,,,,,,,,,,,,,,,,,,,,
0.002255,0.0,0.0,0.000052,0.0001,0.0,0.002253,0.016667,,,,,,,,,,,,,0.000039,0.000013,,,,,,,,0.000024,0.000014,,0.000012,,0.000006,,,,0.000008,,,,,,,,,,,,,,,0.000016,,,,,,0.0,,,,,,,,,,,,,,,,,,,,,0.000017,,,0.000004,,,,,,,,,,,,,,,,,,0.0,,,,0.0,0.0,,,,,,,,,,,,,,,,,,,,,,,,,
0.007491,0.000003,0.000109,0.000007,0.000199,0.000329,0.00716,0.016667,0.0,0.0,0.0,0.0,0.0,0.000003,0.000006,0.000003,0.000058,0.000035,0.0,0.000007,0.0,0.000007,,,,,0.000018,,,0.000023,0.000015,,0.000016,,0.000007,,,,0.000008,,,,,,,,,,,,,,,0.000015,,,,,,0.0,,,,,,,,,,,,,,,,,,,,,0.000015,,,0.000003,,,,,,,,,,,,,,,,,,0.000001,,,,0.000001,0.0,,0.000031,0.00003,0.000014,0.000021,0.000014,0.000013,0.000015,0.000008,0.000007,0.000005,0.000002,0.000001,,,,,,,,,,,,
0.006433,0.0,0.0,0.000066,0.000089,0.0,0.006431,0.016667,,,,,,,,,,,,,0.000057,0.000009,,,,,,,,0.000025,0.000013,,0.000011,,0.000004,,,,0.000007,,,,,,,,,,,,,,,0.000014,,,,,,0.0,,,,,,,,,,,,,,,,,,,,,0.00001,,,0.000004,,,,,,,,,,,,,,,,,,0.000001,,,,0.0,0.000001,,,,,,,,,,,,,,,,,,,,,,,,,
0.016129,0.000002,0.00009,0.000226,0.000357,0.000464,0.015662,0.016667,0.0,0.0,0.0,0.0,0.0,0.000002,0.000007,0.000003,0.000057,0.000021,0.000001,0.000001,0.000186,0.00004,,,,,0.000163,,,0.000021,0.000015,,0.000012,,0.000005,,,,0.000007,,,,,,,,,,,,,,,0.000012,,,,,,0.000001,,,,,,,,,,,,,,,,,,,,,0.000011,,,0.000003,,,,,,,,,,,,,,,,,,0.0,,,,0.0,0.000001,,0.000022,0.000074,0.000009,0.000017,0.00001,0.000011,0.00001,0.000006,0.000054,0.000004,0.000001,0.000002,,,,,,,,,,,,
0.000728,0.0,0.0,0.0,0.000093,0.0,0.000726,0.016667,,,,,,,,,,,,,0.0,0.0,,,,,,,,0.000025,0.000014,,0.000011,,0.000004,,,,0.000007,,,,,,,,,,,,,,,0.000015,,,,,,0.0,,,,,,,,,,,,,,,,,,,,,0.000014,,,0.000004,,,,,,,,,,,,,,,,,,0.0,,,,0.0,0.0,,,,,,,,,,,,,,,,,,,,,,,,,
0.003557,0.000002,0.000079,0.000005,0.000169,0.000327,0.003229,0.016667,0.0,0.0,0.0,0.0,0.0,0.000002,0.000005,0.000003,0.000042,0.000027,0.0,0.000002,0.0,0.000005,,,,,0.000015,,,0.000017,0.000012,,0.00001,,0.000006,,,,0.000006,,,,,,,,,,,,,,,0.000014,,,,,,0.0,,,,,,,,,,,,,,,,,,,,,0.000014,,,0.000003,,,,,,,,,,,,,,,,,,0.000001,,,,0.0,0.0,,0.00003,0.000028,0.000013,0.000018,0.000014,0.000011,0.000015,0.000007,0.000005,0.000004,0.000002,0.000001,,,,,,,,,,,,
0.006895,0.0,0.0,0.000046,0.000082,0.0,0.006893,0.016667,,,,,,,,,,,,,0.000023,0.000023,,,,,,,,0.000017,0.000013,,0.00001,,0.000005,,,,0.000007,,,,,,,,,,,,,,,0.000014,,,,,,0.0,,,,,,,,,,,,,,,,,,,,,0.000014,,,0.000003,,,,,,,,,,,,,,,,,,0.0,,,,0.0,0.0,,,,,,,,,,,,,,,,,,,,,,,,,
0.007233,0.0,0.0,0.000108,0.000111,0.0,0.007231,0.016667,,,,,,,,,,,,,0.000089,0.000019,,,,,,,,0.00003,0.000016,,0.000015,,0.000006,,,,0.000008,,,,,,,,,,,,,,,0.000019,,,,,,0.0,,,,,,,,,,,,,,,,,,,,,0.000013,,,0.000005,,,,,,,,,,,,,,,,,,0.0,,,,0.0,0.0,,,,,,,,,,,,,,,,,,,,,,,,,
0.01429,0.000003,0.000139,0.00005,0.000274,0.00033,0.013958,0.016667,0.0,0.0,0.0,0.0,0.0,0.000003,0.000007,0.000002,0.000063,0.00005,0.0,0.000017,0.000025,0.000025,,,,,0.00002,,,0.000087,0.000019,,0.000016,,0.00001,,,,0.000012,,,,,,,,,,,,,,,0.000017,,,,,,0.000001,,,,,,,,,,,,,,,,,,,,,0.000011,,,0.000004,,,,,,,,,,,,,,,,,,0.0,,,,0.0,0.0,,0.000033,0.000031,0.000013,0.00002,0.000013,0.000013,0.000018,0.000007,0.000008,0.000004,0.000002,0.000002,,,,,,,,,,,,
0.001252,0.0,0.0,0.000001,0.000091,0.0,0.001249,0.016667,,,,,,,,,,,,,0.0,0.000001,,,,,,,,0.000026,0.000013,,0.000012,,0.000004,,,,0.000007,,,,,,,,,,,,,,,0.000013,,,,,,0.0,,,,,,,,,,,,,,,,,,,,,0.000011,,,0.000004,,,,,,,,,,,,,,,,,,0.0,,,,0.000001,0.000001,,,,,,,,,,,,,,,,,,,,,,,,,
0.004925,0.000002,0.000089,0.0001,0.000146,0.000251,0.004673,0.016667,0.0,0.0,0.0,0.0,0.0,0.000002,0.000009,0.000003,0.000046,0.000016,0.0,0.000015,0.00009,0.00001,,,,,0.000011,,,0.000017,0.000012,,0.00001,,0.000006,,,,0.000006,,,,,,,,,,,,,,,0.000014,,,,,,0.0,,,,,,0.000003,,,,,,,,,,,,,,,0.000014,,,0.000003,,,,,,,,,,,,,,,,,,0.0,,,,0.0,0.0,,0.00002,0.00002,0.000009,0.000014,0.000009,0.000008,0.00001,0.000005,0.000005,0.000003,0.000001,0.000001,,,,,,,,,,,,
0.006643,0.0,0.0,0.000017,0.000146,0.0,0.006641,0.016667,,,,,,,,,,,,,0.0,0.000017,,,,,,,,0.000032,0.000023,,0.000017,,0.000009,,,,0.000011,,,,,,,,,,,,,,,0.000027,,,,,,0.0,,,,,,,,,,,,,,,,,,,,,0.000023,,,0.000006,,,,,,,,,,,,,,,,,,0.0,,,,0.0,0.0,,,,,,,,,,,,,,,,,,,,,,,,,
0.015186,0.0,0.0,0.000134,0.00013,0.0,0.015184,0.016667,,,,,,,,,,,,,0.000107,0.000027,,,,,,,,0.000028,0.000018,,0.000014,,0.000008,,,,0.00001,,,,,,,,,,,,,,,0.000021,,,,,,0.0,,,,,,,,,,,,,,,,,,,,,0.000022,,,0.000008,,,,,,,,,,,,,,,,,,0.000001,,,,0.000001,0.0,,,,,,,,,,,,,,,,,,,,,,,,,
0.005278,0.000003,0.000096,0.000004,0.000225,0.000373,0.004902,0.016667,0.0,0.0,0.0,0.0,0.0,0.000003,0.000006,0.000002,0.000043,0.000036,0.000001,0.000008,0.0,0.000004,,,,,0.00002,,,0.000024,0.000018,,0.000013,,0.000007,,,,0.000009,,,,,,,,,,,,,,,0.000016,,,,,,0.000001,,,,,,,,,,,,,,,,,,,,,0.000015,,,0.000004,,,,,,,,,,,,,,,,,,0.0,,,,0.000001,0.0,,0.000031,0.000046,0.000013,0.000035,0.000018,0.000013,0.000015,0.000009,0.000008,0.000006,0.000002,0.000002,,,,,,,,,,,,
0.000607,0.0,0.0,0.0,0.000088,0.0,0.000605,0.016667,,,,,,,,,,,,,0.0,0.0,,,,,,,,0.000021,0.000016,,0.00001,,0.000004,,,,0.000007,,,,,,,,,,,,,,,0.000014,,,,,,0.0,,,,,,,,,,,,,,,,,,,,,0.000013,,,0.000003,,,,,,,,,,,,,,,,,,0.0,,,,0.0,0.0,,,,,,,,,,,,,,,,,,,,,,,,,
0.013182,0.000002,0.000118,0.000101,0.000164,0.000255,0.012925,0.016667,0.0,0.0,0.0,0.0,0.0,0.000002,0.000009,0.000002,0.000062,0.000037,0.000001,0.000007,0.000078,0.000023,,,,,0.000013,,,0.000023,0.000014,,0.000011,,0.000007,,,,0.000008,,,,,,,,,,,,,,,0.000016,,,,,,0.0,,,,,,,,,,,,,,,,,,,,,0.000015,,,0.000004,,,,,,,,,,,,,,,,,,0.000001,,,,0.0,0.0,,0.000021,0.000022,0.000009,0.000014,0.00001,0.000009,0.00001,0.000005,0.000005,0.000003,0.000002,0.000001,,,,,,,,,,,,
0.01979,0.0,0.0,0.000105,0.000102,0.0,0.019788,0.016667,,,,,,,,,,,,,0.000056,0.000049,,,,,,,,0.000024,0.000023,,0.000011,,0.000005,,,,0.000007,,,,,,,,,,,,,,,0.000015,,,,,,0.000001,,,,,,,,,,,,,,,,,,,,,0.000012,,,0.000004,,,,,,,,,,,,,,,,,,0.0,,,,0.0,0.000001,,,,,,,,,,,,,,,,,,,,,,,,,
0.001039,0.000003,0.000109,0.0,0.000213,0.000342,0.000693,0.016667,0.0,0.0,0.0,0.0,0.0,0.000003,0.000007,0.000002,0.000044,0.000046,0.0,0.00001,0.0,0.0,,,,,0.000021,,,0.000027,0.00002,,0.000017,,0.000007,,,,0.000009,,,,,,,,,,,,,,,0.000016,,,,,,0.0,,,,,,,,,,,,,,,,,,,,,0.000014,,,0.000004,,,,,,,,,,,,,,,,,,0.000001,,,,0.0,0.0,,0.00003,0.000032,0.000013,0.000021,0.000014,0.000013,0.000016,0.000008,0.000007,0.000004,0.000002,0.000002,,,,,,,,,,,,
0.000468,0.0,0.0,0.0,0.000067,0.0,0.000466,0.016667,,,,,,,,,,,,,0.0,0.0,,,,,,,,0.000014,0.000009,,0.000009,,0.000004,,,,0.000005,,,,,,,,,,,,,,,0.000011,,,,,,0.0,,,,,,,,,,,,,,,,,,,,,0.000012,,,0.000003,,,,,,,,,,,,,,,,,,0.000001,,,,0.0,0.0,,,,,,,,,,,,,,,,,,,,,,,,,
0.006413,0.0,0.0,0.00011,0.00005,0.0,0.006412,0.016667,,,,,,,,,,,,,0.000099,0.000011,,,,,,,,0.00001,0.000007,,0.000007,,0.000003,,,,0.000004,,,,,,,,,,,,,,,0.000007,,,,,,0.0,,,,,,,,,,,,,,,,,,,,,0.00001,,,0.000002,,,,,,,,,,,,,,,,,,0.0,,,,0.000001,0.0,,,,,,,,,,,,,,,,,,,,,,,,,
0.007386,0.000002,0.000125,0.000006,0.00019,0.000367,0.007017,0.016667,0.0,0.0,0.0,0.0,0.0,0.000002,0.000009,0.000003,0.000054,0.000031,0.0,0.000028,0.0,0.000006,,,,,0.000017,,,0.000024,0.000016,,0.000012,,0.000007,,,,0.000008,,,,,,,,,,,,,,,0.000016,,,,,,0.0,,,,,,,,,,,,,,,,,,,,,0.000015,,,0.000003,,,,,,,,,,,,,,,,,,0.0,,,,0.0,0.0,,0.00003,0.000029,0.000014,0.00002,0.000013,0.000012,0.000014,0.000007,0.000005,0.000004,0.000002,0.000001,,,,,,,,,,,,
0.01542,0.0,0.0,0.000088,0.000343,0.0,0.015408,0.016667,,,,,,,,,,,,,0.000035,0.000053,,,,,,,,0.000108,0.000064,,0.000037,,0.000011,,,,0.000042,,,,,,,,,,,,,,,0.000046,,,,,,0.0,,,,,,,,,,,,,,,,,,,,,0.000027,,,0.00001,,,,,,,,,,,,,,,,,,0.000001,,,,0.0,0.000001,,,,,,,,,,,,,,,,,,,,,,,,,
0.004159,0.000007,0.000127,0.000002,0.000178,0.000326,0.00383,0.016667,0.0,0.0,0.0,0.0,0.0,0.000007,0.000008,0.000002,0.000053,0.000061,0.000001,0.000002,0.0,0.000002,,,,,0.00002,,,0.000018,0.000013,,0.000012,,0.000005,,,,0.000007,,,,,,,,,,,,,,,0.000011,,,,,,0.0,,,,,,,,,,,,,,,,,,,,,0.000011,,,0.000003,,,,,,,,,,,,,,,,,,0.0,,,,0.000001,0.000001,,0.000029,0.000032,0.000017,0.000021,0.000014,0.000012,0.00001,0.000008,0.000008,0.000004,0.000002,0.000001,,,,,,,,,,,,
0.000708,0.0,0.0,0.0,0.000092,0.0,0.000706,0.016667,,,,,,,,,,,,,0.0,0.0,,,,,,,,0.000021,0.000013,,0.00001,,0.000006,,,,0.000008,,,,,,,,,,,,,,,0.000016,,,,,,0.0,,,,,,,,,,,,,,,,,,,,,0.000014,,,0.000004,,,,,,,,,,,,,,,,,,0.0,,,,0.0,0.000001,,,,,,,,,,,,,,,,,,,,,,,,,
0.013316,0.0,0.0,0.000146,0.000061,0.0,0.013315,0.016667,,,,,,,,,,,,,0.000109,0.000037,,,,,,,,0.000014,0.000011,,0.000008,,0.000003,,,,0.000009,,,,,,,,,,,,,,,0.000008,,,,,,0.0,,,,,,,,,,,,,,,,,,,,,0.000007,,,0.000001,,,,,,,,,,,,,,,,,,0.0,,,,0.0,0.0,,,,,,,,,,,,,,,,,,,,,,,,,
0.013965,0.000002,0.000083,0.000113,0.000235,0.000356,0.013606,0.016667,0.0,0.0,0.0,0.0,0.0,0.000002,0.000003,0.000002,0.000045,0.00003,0.000001,0.000002,0.000084,0.000029,,,,,0.000085,,,0.000021,0.000013,,0.000012,,0.000004,,,,0.000006,,,,,,,,,,,,,,,0.000012,,,,,,0.0,,,,,,,,,,,,,,,,,,,,,0.00001,,,0.000003,,,,,,,,,,,,,,,,,,0.0,,,,0.0,0.0,,0.000022,0.000035,0.00001,0.000021,0.00001,0.000011,0.000011,0.000006,0.00001,0.000004,0.000002,0.000001,,,,,,,,,,,,
0.003913,0.000002,0.000063,0.000004,0.000159,0.000247,0.003663,0.016667,0.0,0.0,0.0,0.0,0.0,0.000002,0.000004,0.000002,0.000035,0.000021,0.0,0.000001,0.0,0.000004,,,,,0.000018,,,0.000021,0.000013,,0.000012,,0.000005,,,,0.000007,,,,,,,,,,,,,,,0.000012,,,,,,0.0,,,,,,,,,,,,,,,,,,,,,0.000011,,,0.000002,,,,,,,,,,,,,,,,,,0.0,,,,0.0,0.0,,0.000021,0.000026,0.000009,0.000017,0.00001,0.00001,0.00001,0.000006,0.000006,0.000003,0.000002,0.000002,,,,,,,,,,,,
0.002531,0.0,0.0,0.000026,0.000101,0.0,0.002529,0.016667,,,,,,,,,,,,,0.000015,0.000011,,,,,,,,0.000028,0.000013,,0.000012,,0.000005,,,,0.000008,,,,,,,,,,,,,,,0.000016,,,,,,0.0,,,,,,,,,,,,,,,,,,,,,0.000011,,,0.000004,,,,,,,,,,,,,,,,,,0.0,,,,0.0,0.000001,,,,,,,,,,,,,,,,0.000004,,,,,,,,,
0.007156,0.000003,0.000068,0.00001,0.000198,0.00031,0.006844,0.016667,0.0,0.0,0.0,0.0,0.0,0.000003,0.000004,0.000002,0.000039,0.00002,0.000001,0.000002,0.0,0.00001,,,,,0.000021,,,0.000023,0.000015,,0.000014,0.000013,0.000005,,,,0.000009,,,,,,,,,,,,,,,0.000015,,,,,,0.0,,,,,,,,,,,,,,,,,,,,,0.000011,,,0.000003,,,,,,,,,,,,,,,,,,0.0,,,,0.0,0.000001,,0.000031,0.000034,0.000014,0.000023,0.000015,0.000013,0.000016,0.000008,0.000008,0.000004,0.000003,0.000002,,,,,,,,,,,,
0.006741,0.0,0.0,0.000144,0.000182,0.0,0.006739,0.016667,,,,,,,,,,,,,0.000111,0.000033,,,,,,,,0.000027,0.000015,,0.000013,0.000013,0.000005,,,,0.000008,,,,,,,,,,,,,,,0.00002,,,,,,0.0,,,,,,,,,,,,,,,,,,,,,0.000015,,,0.000082,,,,,,,,,,,,,,,,,,0.0,,,,0.000001,0.0,,,,,,,,,,,,,,,,,,,,,,,,,
0.014166,0.000005,0.000067,0.000122,0.000386,0.000557,0.013605,0.016667,0.0,0.0,0.0,0.0,0.0,0.000005,0.000005,0.000002,0.000044,0.000014,0.0,0.000002,0.000087,0.000035,,,,,0.000023,,,0.000107,0.000027,,0.000041,0.00008,0.00001,,,,0.00002,,,,,,,,,,,,,,,0.000043,,,,,,0.0,,,,,,,,,,,,,,,,,,,,,0.00002,,,0.000009,,,,,,,,,,,,,,,,,,0.0,,,,0.0,0.000001,,0.000038,0.000043,0.000017,0.000027,0.000016,0.000019,0.00002,0.000008,0.000011,0.000005,0.000003,0.000002,,,,,,,,,,,,
0.001149,0.0,0.0,0.000003,0.000099,0.0,0.001147,0.016667,,,,,,,,,,,,,0.0,0.000003,,,,,,,,0.000026,0.000016,,0.000012,0.000014,0.000005,,,,0.000007,,,,,,,,,,,,,,,0.000018,,,,,,0.0,,,,,,,,,,,,,,,,,,,,,0.000014,,,0.000004,,,,,,,,,,,,,,,,,,0.0,,,,0.0,0.0,,,,,,,,,,,,,,,,,,,,,,,,,
0.00501,0.000002,0.000182,0.000006,0.000166,0.000257,0.004752,0.016667,0.0,0.0,0.0,0.0,0.0,0.000002,0.000012,0.000008,0.000153,0.000007,0.000001,0.000001,0.0,0.000006,,,,,0.000013,,,0.000022,0.000015,,0.000012,0.000013,0.000006,,,,0.000008,,,,,,,,,,,,,,,0.000016,,,,,,0.0,,,,,,,,,,,,,,,,,,,,,0.000016,,,0.000003,,,,,,,,,,,,,,,,,,0.0,,,,0.0,0.000001,,0.000021,0.000022,0.00001,0.000015,0.00001,0.000009,0.00001,0.000005,0.000004,0.000003,0.000002,0.000002,,,,,,,,,,,,
0.006571,0.0,0.0,0.000043,0.000131,0.0,0.006569,0.016667,,,,,,,,,,,,,0.000025,0.000018,,,,,,,,0.000027,0.000038,,0.000013,0.000014,0.000007,,,,0.000008,,,,,,,,,,,,,,,0.00002,,,,,,0.0,,,,,,,,,,,,,,,,,,,,,0.000017,,,0.000005,,,,,,,,,,,,,,,,,,0.0,,,,0.0,0.0,,,,,,,,,,,,,,,,,,,,,,,,,
0.020812,0.0,0.0,0.00012,0.000116,0.0,0.02081,0.016667,,,,,,,,,,,,,0.000076,0.000044,,,,,,,,0.000025,0.000015,,0.000012,0.000013,0.000005,,,,0.000007,,,,,,,,,,,,,,,0.000033,,,,,,0.0,,,,,,,,,,,,,,,,,,,,,0.000015,,,0.000005,,,,,,,,,,,,,,,,,,0.0,,,,0.0,0.000001,,,,,,,,,,,,,,,,,,,,,,,,,
0.001343,0.000003,0.000097,0.000002,0.00026,0.000404,0.000936,0.016667,0.0,0.0,0.0,0.0,0.0,0.000003,0.000003,0.000002,0.000062,0.000027,0.000001,0.000002,0.0,0.000002,,,,,0.000022,,,0.000028,0.000021,,0.000017,0.000016,0.000009,,,,0.000011,,,,,,,,,,,,,,,0.000025,,,,,,0.0,,,,,,,,,,,,,,,,,,,,,0.000022,,,0.000004,,,,,,,,,,,,,,,,,,0.0,,,,0.000001,0.000001,,0.000041,0.000036,0.000019,0.000024,0.000025,0.000013,0.00002,0.000013,0.000008,0.000008,0.000002,0.000002,,,,,,,,,,,,
0.000529,0.0,0.0,0.0,0.000082,0.0,0.000528,0.016667,,,,,,,,,,,,,0.0,0.0,,,,,,,,0.000019,0.000012,,0.000011,0.000009,0.000005,,,,0.000006,,,,,,,,,,,,,,,0.000015,,,,,,0.0,,,,,,,,,,,,,,,,,,,,,0.000012,,,0.000003,,,,,,,,,,,,,,,,,,0.0,,,,0.0,0.000001,,,,,,,,,,,,,,,,,,,,,,,,,
0.011856,0.000002,0.000108,0.000045,0.000147,0.000211,0.011644,0.016667,0.0,0.0,0.0,0.0,0.0,0.000002,0.000004,0.000003,0.000051,0.000048,0.000001,0.000001,0.000018,0.000027,,,,,0.000011,,,0.000018,0.000012,,0.000011,0.00001,0.000005,,,,0.000007,,,,,,,,,,,,,,,0.000014,,,,,,0.0,,,,,,,,,,,,,,,,,,,,,0.000012,,,0.000003,,,,,,,,,,,,,,,,,,0.0,,,,0.000001,0.0,,0.000022,0.000021,0.00001,0.000013,0.00001,0.000009,0.000011,0.000005,0.000005,0.000004,0.000002,0.000001,,,,,,,,,,,,
0.015132,0.0,0.0,0.000126,0.000118,0.0,0.015129,0.016667,,,,,,,,,,,,,0.000075,0.000051,,,,,,,,0.000043,0.000015,,0.000013,0.000022,0.000005,,,,0.000007,,,,,,,,,,,,,,,0.000018,,,,,,0.0,,,,,,,,,,,,,,,,,,,,,0.000015,,,0.000004,,,,,,,,,,,,,,,,,,0.000001,,,,0.0,0.000001,,,,,,,,,,,,,,,,,,,,,,,,,
0.004202,0.000002,0.000063,0.000006,0.000166,0.000249,0.003951,0.016667,0.0,0.0,0.0,0.0,0.0,0.000002,0.000003,0.000001,0.000034,0.000023,0.000001,0.000001,0.0,0.000006,,,,,0.000019,,,0.000022,0.000014,,0.000014,0.000013,0.000004,,,,0.000007,,,,,,,,,,,,,,,0.000014,,,,,,0.0,,,,,,,,,,,,,,,,,,,,,0.00001,,,0.000003,,,,,,,,,,,,,,,,,,0.000001,,,,0.0,0.0,,0.000022,0.000027,0.000009,0.000017,0.00001,0.000011,0.000011,0.000005,0.000006,0.000003,0.000002,0.000001,,,,,,,,,,,,
0.001275,0.0,0.0,0.000096,0.000107,0.0,0.001273,0.016667,,,,,,,,,,,,,0.000086,0.00001,,,,,,,,0.000023,0.000017,,0.000014,0.000013,0.000007,,,,0.000009,,,,,,,,,,,,,,,0.000017,,,,,,0.000001,,,,,,,,,,,,,,,,,,,,,0.000017,,,0.000004,,,,,,,,,,,,,,,,,,0.000001,,,,0.0,0.0,,,,,,,,,,,,,,,,,,,,,,,,,
0.006932,0.000002,0.000066,0.000017,0.000143,0.000242,0.006689,0.016667,0.0,0.0,0.0,0.0,0.0,0.000002,0.000003,0.000002,0.000035,0.000024,0.000001,0.000001,0.0,0.000017,,,,,0.000014,,,0.00002,0.00001,,0.00001,0.000011,0.000005,,,,0.000006,,,,,,,,,,,,,,,0.000013,,,,,,0.0,,,,,,,,,,,,,,,,,,,,,0.000009,,,0.000003,,,,,,,,,,,,,,,,,,0.0,,,,0.0,0.0,,0.000022,0.000022,0.000009,0.000015,0.00001,0.00001,0.000011,0.000005,0.000004,0.000003,0.000002,0.000002,,,,,,,,,,,,
0.007117,0.0,0.0,0.000021,0.000112,0.0,0.007115,0.016667,,,,,,,,,,,,,0.000002,0.000019,,,,,,,,0.000027,0.000016,,0.000013,0.000014,0.000006,,,,0.000009,,,,,,,,,,,,,,,0.000022,,,,,,0.0,,,,,,,,,,,,,,,,,,,,,0.000016,,,0.000005,,,,,,,,,,,,,,,,,,0.000001,,,,0.0,0.0,,,,,,,,,,,,,,,,,,,,,,,,,
0.014134,0.000005,0.000087,0.000041,0.000188,0.000336,0.013795,0.016667,0.0,0.0,0.0,0.0,0.0,0.000005,0.000002,0.000002,0.000043,0.000037,0.000001,0.000002,0.000016,0.000025,,,,,0.000022,,,0.000022,0.000016,,0.000014,0.000012,0.000007,,,,0.000009,,,,,,,,,,,,,,,0.000017,,,,,,0.0,,,,,,,,,,,,,,,,,,,,,0.000014,,,0.000004,,,,,,,,,,,,,,,,,,0.000001,,,,0.0,0.000001,,0.000025,0.000027,0.000011,0.000018,0.00001,0.000011,0.000012,0.000006,0.000006,0.000004,0.000002,0.000002,,,,,,,,,,,,
0.003865,0.0,0.0,0.000096,0.000092,0.0,0.003862,0.016667,,,,,,,,,,,,,0.000085,0.000011,,,,,,,,0.000025,0.000014,,0.000011,0.000013,0.000005,,,,0.000007,,,,,,,,,,,,,,,0.000016,,,,,,0.0,,,,,,,,,,,,,,,,,,,,,0.000012,,,0.000004,,,,,,,,,,,,,,,,,,0.0,,,,0.0,0.000001,,,,,,,,,,,,,,,,,,,,,,,,,
0.002393,0.0,0.0,0.000002,0.000104,0.0,0.002391,0.016667,,,,,,,,,,,,,0.0,0.000002,,,,,,,,0.000025,0.000015,,0.000012,0.000013,0.000006,,,,0.000008,,,,,,,,,,,,,,,0.000019,,,,,,0.000001,,,,,,,,,,,,,,,,,,,,,0.000017,,,0.000004,,,,,,,,,,,,,,,,,,0.0,,,,0.0,0.000001,,,,,,,,,,,,,,,,,,,,,,,,,
0.007806,0.000004,0.000058,0.000037,0.000355,0.000505,0.007299,0.016667,0.0,0.0,0.0,0.0,0.0,0.000004,0.000003,0.000002,0.000036,0.000014,0.0,0.000003,0.000018,0.000019,,,,,0.000025,,,0.000069,0.000046,,0.000041,0.000037,0.000009,,,,0.000024,,,,,,,,,,,,,,,0.000039,,,,,,0.0,,,,,,,,,,,,,,,,,,,,,0.000022,,,0.00001,,,,,,,,,,,,,,,,,,0.000001,,,,0.000001,0.0,,0.000028,0.000033,0.000012,0.000022,0.000013,0.000012,0.000014,0.000007,0.000007,0.000004,0.000003,0.000001,,,,,,,,,,,,
0.006107,0.0,0.0,0.000005,0.000213,0.0,0.006103,0.016667,,,,,,,,,,,,,0.0,0.000005,,,,,,,,0.000025,0.000014,,0.000012,0.000013,0.000115,,,,0.000008,,,,,,,,,,,,,,,0.000022,,,,,,0.0,,,,,,,,,,,,,,,,,,,,,0.000014,,,0.000004,,,,,,,,,,,,,,,,,,0.000001,,,,0.0,0.000001,,,,,,,,,,,,,,,,,,,,,,,,,
0.013898,0.000003,0.000238,0.000108,0.000193,0.000426,0.013469,0.016667,0.0,0.0,0.0,0.0,0.0,0.000003,0.000006,0.000006,0.000126,0.000097,0.000001,0.000002,0.000075,0.000033,,,,,0.000018,,,0.000023,0.000017,,0.000014,0.000013,0.000007,,,,0.000008,,,,,,,,,,,,,,,0.000024,,,,,,0.0,,,,,,,,,,,,,,,,,,,,,0.000014,,,0.000005,,,,,,,,,,,,,,,,,,0.000001,,,,0.0,0.0,,0.000027,0.000026,0.000011,0.000017,0.000011,0.000011,0.000014,0.000006,0.000006,0.000003,0.000002,0.000001,,,,,,,,,,,,
0.00244,0.0,0.0,0.000002,0.000116,0.0,0.002436,0.016667,,,,,,,,,,,,,0.0,0.000002,,,,,,,,0.00003,0.000019,,0.000014,0.000015,0.000007,,,,0.000009,,,,,,,,,,,,,,,0.00002,,,,,,0.0,,,,,,,,,,,,,,,,,,,,,0.000015,,,0.000005,,,,,,,,,,,,,,,,,,0.000001,,,,0.0,0.0,,,,,,,,,,,,,,,,,,,,,,,,,
0.003865,0.000004,0.000078,0.000009,0.000225,0.000341,0.003523,0.016667,0.0,0.0,0.0,0.0,0.0,0.000004,0.000007,0.000003,0.000051,0.000014,0.000001,0.000002,0.0,0.000009,,,,,0.000022,,,0.000031,0.000018,,0.000014,0.000019,0.000008,,,,0.000009,,,,,,,,,,,,,,,0.00002,,,,,,0.0,,,,,,,,,,,,,,,,,,,,,0.000017,,,0.000003,,,,,,,,,,,,,,,,,,0.000001,,,,0.0,0.0,,0.000033,0.000034,0.000015,0.000024,0.000015,0.000015,0.000015,0.000008,0.000008,0.000005,0.000003,0.000002,,,,,,,,,,,,
0.006892,0.0,0.0,0.000093,0.000092,0.0,0.00689,0.016667,,,,,,,,,,,,,0.000079,0.000014,,,,,,,,0.000022,0.000013,,0.000011,0.000011,0.000005,,,,0.000006,,,,,,,,,,,,,,,0.000021,,,,,,0.0,,,,,,,,,,,,,,,,,,,,,0.000013,,,0.000003,,,,,,,,,,,,,,,,,,0.000001,,,,0.0,0.0,,,,,,,,,,,,,,,,,,,,,,,,,
0.006991,0.0,0.0,0.000036,0.000116,0.0,0.006989,0.016667,,,,,,,,,,,,,0.000019,0.000017,,,,,,,,0.000028,0.000019,,0.000014,0.000015,0.000007,,,,0.000008,,,,,,,,,,,,,,,0.00002,,,,,,0.0,,,,,,,,,,,,,,,,,,,,,0.000017,,,0.000004,,,,,,,,,,,,,,,,,,0.000001,,,,0.0,0.000001,,,,,,,,,,,,,,,,,,,,,,,,,
0.014208,0.000004,0.000093,0.000036,0.000183,0.000283,0.01392,0.016667,0.0,0.0,0.0,0.0,0.0,0.000004,0.000004,0.000003,0.000056,0.000028,0.000001,0.000001,0.000012,0.000024,,,,,0.000017,,,0.000022,0.000015,,0.000013,0.000014,0.000006,,,,0.000007,,,,0.000006,,,,,,,0.000003,,,,0.000017,,,,,,0.0,,,,,,,,,,,,,,,,,,,,,0.000013,,,0.000004,,,,,,,,,,,,,,,,,,0.000001,,,,0.0,0.0,,0.000026,0.000025,0.000011,0.000017,0.00001,0.000011,0.000013,0.000005,0.000006,0.000003,0.000002,0.000001,,,,,,,,,,,,
0.001296,0.0,0.0,0.000007,0.000295,0.0,0.00129,0.016667,,,,,,,,,,,,,0.0,0.000007,,,,,,,,0.000072,0.000044,,0.000042,0.000039,0.000016,,,,0.000021,,,,,,,,,,,,,,,0.000058,,,,,,0.0,,,,,,,,,,,,,,,,,,,,,0.000032,,,0.000014,,,,,,,,,,,,,,,,,,0.0,,,,0.000001,0.000001,,,,,,,,,,,,,,,,,,,,,,,,,
0.004673,0.000003,0.000093,0.000062,0.000181,0.000286,0.004386,0.016667,0.0,0.0,0.0,0.0,0.0,0.000003,0.000004,0.000002,0.000046,0.000038,0.000001,0.000002,0.000053,0.000009,,,,,0.000017,,,0.000023,0.000014,,0.000012,0.000014,0.000007,,,,0.000008,,,,,,,,,,,,,,,0.000017,,,,,,0.0,,,,,,,,,,,,,,,,,,,,,0.000014,,,0.000003,,,,,,,,,,,,,,,,,,0.0,,,,0.0,0.0,,0.000025,0.000028,0.00001,0.000017,0.000011,0.000012,0.000012,0.000006,0.000006,0.000003,0.000002,0.000002,,,,,,,,,,,,
0.006872,0.0,0.0,0.000041,0.000113,0.0,0.006871,0.016667,,,,,,,,,,,,,0.000023,0.000018,,,,,,,,0.000025,0.000011,,0.000017,0.000017,0.000007,,,,0.000013,,,,,,,,,,,,,,,0.000022,,,,,,0.0,,,,,,,,,,,,,,,,,,,,,0.000015,,,0.000005,,,,,,,,,,,,,,,,,,0.0,,,,0.000001,0.0,,,,,,,,,,,,,,,,,,,,,,,,,
0.015708,0.000002,0.000102,0.000076,0.000211,0.000317,0.015389,0.016667,0.0,0.0,0.0,0.0,0.0,0.000002,0.000006,0.000002,0.000042,0.00005,0.000001,0.000001,0.000056,0.00002,,,,,0.000019,,,0.000027,0.000019,,0.000016,0.000016,0.000008,,,,0.00001,,,,,,,,,,,,,,,0.00002,,,,,,0.0,,,,,,,,,,,,,,,,,,,,,0.000021,,,0.000004,,,,,,,,,,,,,,,,,,0.0,,,,0.000001,0.0,,0.000027,0.000029,0.000012,0.00002,0.000013,0.000012,0.000012,0.000006,0.000006,0.000005,0.000002,0.000001,,,,,,,,,,,,
0.004909,0.0,0.0,0.000028,0.000127,0.0,0.004905,0.016667,,,,,,,,,,,,,0.000013,0.000015,,,,,,,,0.000033,0.000019,,0.000015,0.000018,0.000007,,,,0.00001,,,,,,,,,,,,,,,0.000022,,,,,,0.0,,,,,,,,,,,,,,,,,,,,,0.000018,,,0.000006,,,,,,,,,,,,,,,,,,0.0,,,,0.0,0.000001,,,,,,,,,,,,,,,,,,,,,,,,,
0.000756,0.0,0.0,0.000003,0.00013,0.0,0.000754,0.016667,,,,,,,,,,,,,0.0,0.000003,,,,,,,,0.00003,0.000018,,0.000015,0.000017,0.000007,,,,0.000009,,,,,,,,,,,,,,,0.00002,,,,,,0.0,,,,,,,,,,,,,,,,,,,,,0.000028,,,0.000005,,,,,,,,,,,,,,,,,,0.0,,,,0.0,0.000001,,,,,,,,,,,,,,,,,,,,,,,,,
0.006142,0.000002,0.000105,0.000004,0.000125,0.000216,0.005925,0.016667,0.0,0.0,0.0,0.0,0.0,0.000002,0.000005,0.000003,0.00004,0.000055,0.000001,0.000001,0.0,0.000004,,,,,0.000011,,,0.000013,0.000007,,0.000007,0.000007,0.000004,,,,0.000005,,,,,,,,,,,,,,,0.000015,,,,,,0.0,,,,,,,,,,,,,,,,,,,,,0.000009,,,0.000002,,,,,,,,,,,,,,,,,,0.0,,,,0.0,0.0,,0.000022,0.000021,0.00001,0.000014,0.000009,0.000009,0.00001,0.000005,0.000004,0.000003,0.000001,0.000001,,,,,,,,,,,,
0.006701,0.0,0.0,0.000067,0.000089,0.0,0.006699,0.016667,,,,,,,,,,,,,0.000054,0.000013,,,,,,,,0.000025,0.000012,,0.000011,0.000014,0.000004,,,,0.000007,,,,,,,,,,,,,,,0.000015,,,,,,0.0,,,,,,,,,,,,,,,,,,,,,0.000011,,,0.000004,,,,,,,,,,,,,,,,,,0.000001,,,,0.0,0.000001,,,,,,,,,,,,,,,,,,,,,,,,,
0.018929,0.000004,0.000072,0.000116,0.000205,0.00025,0.018678,0.016667,0.0,0.0,0.0,0.0,0.0,0.000004,0.000005,0.000002,0.00005,0.000013,0.0,0.000002,0.00007,0.000046,,,,,0.000017,,,0.000019,0.000012,,0.00001,0.000011,0.000056,,,,0.000006,,,,,,,,,,,,,,,0.000013,,,,,,0.0,,,,,,,,,,,,,,,,,,,,,0.000011,,,0.000003,,,,,,,,,,,,,,,,,,0.0,,,,0.0,0.000001,,0.000022,0.000026,0.00001,0.000018,0.00001,0.00001,0.000011,0.000005,0.000006,0.000003,0.000001,0.000001,,,,,,,,,,,,
0.000929,0.0,0.0,0.000002,0.000137,0.0,0.000926,0.016667,,,,,,,,,,,,,0.0,0.000002,,,,,,,,0.000043,0.000018,,0.000014,,0.000007,,,,0.000009,,,,0.000006,,,,,,,0.000003,,,,0.000019,,,,,,0.0,,,,,,,,,,,,,,,,,0.000014,,,,0.000016,,,0.000004,,,,,,,,,,,,,,,,,,0.0,,,,0.000001,0.0,,,,,,,,,,,,,,,,,,,,,,,,,
0.000903,0.000002,0.000071,0.0,0.000151,0.000285,0.000617,0.016667,0.0,0.0,0.0,0.0,0.0,0.000002,0.000005,0.000001,0.000037,0.000027,0.0,0.000001,0.0,0.0,,,,,0.000014,,,0.000016,0.000012,,0.000012,,0.000005,,,,0.000007,,,,,,,,,,,,,,,0.000016,,,,,,0.0,,,,,,,,,,,,,,,,,,,,,0.000013,,,0.000002,,,,,,,,,,,,,,,,,,0.0,,,,0.0,0.0,,0.000021,0.000022,0.00001,0.000015,0.000009,0.000009,0.00001,0.000005,0.000005,0.000003,0.000002,0.000001,,,,,,,,,,,,
0.006326,0.0,0.0,0.000015,0.000049,0.0,0.006325,0.016667,,,,,,,,,,,,,0.000003,0.000012,,,,,,,,0.000008,0.000007,,0.000006,,0.000003,,,,0.000004,,,,,,,,,,,,,,,0.000009,,,,,,0.0,,,,,,,,,,,,,,,,,,,,,0.00001,,,0.000002,,,,,,,,,,,,,,,,,,0.0,,,,0.0,0.0,,,,,,,,,,,,,,,,,,,,,,,,,
0.006794,0.0,0.0,0.000028,0.000262,0.0,0.006792,0.016667,,,,,,,,,,,,,0.000018,0.00001,,,,,,,,0.000077,0.000039,,0.000036,,0.00001,,,,0.000021,,,,,,,,,,,,,,,0.000039,,,,,,0.0,,,,,,,,,,,,,,,,,,,,,0.000027,,,0.000015,,,,,,,,,,,,,,,,,,0.000001,,,,0.0,0.000001,,,,,,,,,,,,,,,,,,,,,,,,,
0.014291,0.000002,0.000087,0.000191,0.000253,0.000301,0.013988,0.016667,0.0,0.0,0.0,0.0,0.0,0.000002,0.000005,0.000002,0.000042,0.000026,0.0,0.000012,0.000153,0.000038,,,,,0.000019,,,0.000021,0.000015,,0.000012,,0.000005,,,,0.000009,,,,,,,,,,,,,,,0.000013,,,,,,0.0,,,,,,,,,,,,,,,,,,,,,0.000079,,,0.000003,,,,,,,,,,,,,,,,,,0.0,,,,0.0,0.0,,0.000029,0.00003,0.000013,0.000019,0.000013,0.000013,0.000013,0.000008,0.000008,0.000004,0.000003,0.000002,,,,,,,,,,,,
0.00326,0.0,0.0,0.000002,0.000121,0.0,0.003257,0.016667,,,,,,,,,,,,,0.0,0.000002,,,,,,,,0.000026,0.000022,,0.000014,,0.000007,,,,0.00001,,,,,,,,,,,,,,,0.000019,,,,,,0.0,,,,,,,,,,,,,,,,,,,,,0.000019,,,0.000005,,,,,,,,,,,,,,,,,,0.0,,,,0.0,0.0,,,,,,,,,,,,,,,,,,,,,,,,,
0.002815,0.000002,0.000072,0.000033,0.000159,0.000261,0.002553,0.016667,0.0,0.0,0.0,0.0,0.0,0.000002,0.000006,0.000002,0.00004,0.000023,0.0,0.000001,0.000025,0.000008,,,,,0.000014,,,0.000018,0.000013,,0.000015,,0.000006,,,,0.000008,,,,,,,,,,,,,,,0.000015,,,,,,0.0,,,,,,,,,,,,,,,,,,,,,0.000013,,,0.000004,,,,,,,,,,,,,,,,,,0.0,,,,0.0,0.0,,0.000021,0.000021,0.00001,0.000013,0.00001,0.000009,0.00001,0.000005,0.000005,0.000003,0.000002,0.000002,,,,,,,,,,,,
0.006916,0.0,0.0,0.000007,0.000086,0.0,0.006915,0.016667,,,,,,,,,,,,,0.0,0.000007,,,,,,,,0.000016,0.000014,,0.000011,,0.000006,,,,0.000007,,,,,,,,,,,,,,,0.000015,,,,,,0.0,,,,,,,,,,,,,,,,,,,,,0.000014,,,0.000003,,,,,,,,,,,,,,,,,,0.0,,,,0.0,0.0,,,,,,,,,,,,,,,,,,,,,,,,,
0.007248,0.0,0.0,0.00011,0.000092,0.0,0.007246,0.016667,,,,,,,,,,,,,0.000096,0.000014,,,,,,,,0.000024,0.000013,,0.000012,,0.000005,,,,0.000006,,,,,,,,,,,,,,,0.000016,,,,,,0.0,,,,,,,,,,,,,,,,,,,,,0.000013,,,0.000005,,,,,,,,,,,,,,,,,,0.0,,,,0.0,0.0,,,,,,,,,,,,,,,,,,,,,,,,,
0.016551,0.000002,0.000111,0.000068,0.000159,0.000249,0.016298,0.016667,0.0,0.0,0.0,0.0,0.0,0.000002,0.000005,0.000002,0.000061,0.000041,0.000001,0.000001,0.000042,0.000026,,,,,0.000019,,,0.000019,0.000013,,0.000011,,0.000004,,,,0.000006,,,,,,,,,,,,,,,0.000012,,,,,,0.0,,,,,,,,,,,,,,,,,,,,,0.000011,,,0.000003,,,,,,,,,,,,,,,,,,0.0,,,,0.0,0.000001,,0.000022,0.000025,0.00001,0.000016,0.00001,0.00001,0.000011,0.000006,0.000006,0.000003,0.000002,0.000002,,,,,,,,,,,,
0.000797,0.0,0.0,0.000002,0.000121,0.0,0.000795,0.016667,,,,,,,,,,,,,0.0,0.000002,,,,,,,,0.000028,0.000018,,0.000015,,0.000007,,,,0.000008,,,,,,,,,,,,,,,0.000021,,,,,,0.000001,,,,,,,,,,,,,,,,,,,,,0.000017,,,0.000005,,,,,,,,,,,,,,,,,,0.000001,,,,0.000001,0.0,,,,,,,,,,,,,,,,,,,,,,,,,
0.00298,0.000002,0.000067,0.000002,0.000178,0.000316,0.002663,0.016667,0.0,0.0,0.0,0.0,0.0,0.000002,0.000005,0.000004,0.00004,0.000016,0.000001,0.000001,0.0,0.000002,,,,,0.000015,,,0.000016,0.000016,,0.000011,,0.000006,,,,0.000006,,,,,,,,,,,,,,,0.000014,,,,,,0.000001,,,,,,,,,,,,,,,,,,,,,0.000014,,,0.000003,,,,,,,,,,,,,,,,,,0.0,,,,0.0,0.0,,0.000032,0.000027,0.000015,0.000018,0.000015,0.000012,0.000015,0.000008,0.000006,0.000004,0.000002,0.000002,,,,,,,,,,,,
0.00692,0.0,0.0,0.000105,0.000074,0.0,0.006919,0.016667,,,,,,,,,,,,,0.000091,0.000014,,,,,,,,0.000017,0.00001,,0.000009,,0.000005,,,,0.000006,,,,,,,,,,,,,,,0.000014,,,,,,0.0,,,,,,,,,,,,,,,,,,,,,0.000011,,,0.000003,,,,,,,,,,,,,,,,,,0.0,,,,0.0,0.0,,,,,,,,,,,,,,,,,,,,,,,,,
0.006768,0.0,0.0,0.000011,0.000126,0.0,0.006766,0.016667,,,,,,,,,,,,,0.0,0.000011,,,,,,,,0.000024,0.000019,,0.000026,,0.000009,,,,0.000011,,,,,,,,,,,,,,,0.000016,,,,,,0.0,,,,,,,,,,,,,,,,,,,,,0.000017,,,0.000005,,,,,,,,,,,,,,,,,,0.0,,,,0.0,0.0,,,,,,,,,,,,,,,,,,,,,,,,,
0.015105,0.000003,0.000112,0.000138,0.000175,0.000301,0.014802,0.016667,0.0,0.0,0.0,0.0,0.0,0.000003,0.000007,0.000002,0.000046,0.000054,0.000001,0.000002,0.000111,0.000027,,,,,0.000022,,,0.000018,0.000014,,0.000012,,0.000005,,,,0.000007,,,,,,,,,,,,,,,0.000014,,,,,,0.0,,,,,,,,,,,,,,,,,,,,,0.00001,,,0.000003,,,,,,,,,,,,,,,,,,0.0,,,,0.0,0.0,,0.000027,0.00003,0.000012,0.000019,0.000013,0.000012,0.000012,0.000007,0.000008,0.000004,0.000002,0.000001,,,,,,,,,,,,
0.000609,0.0,0.0,0.0,0.000113,0.0,0.000606,0.016667,,,,,,,,,,,,,0.0,0.0,,,,,,,,0.000036,0.000013,,0.000017,,0.000005,,,,0.000007,,,,,,,,,,,,,,,0.000016,,,,,,0.0,,,,,,,,,,,,,,,,,,,,,0.000014,,,0.000005,,,,,,,,,,,,,,,,,,0.000001,,,,0.0,0.0,,,,,,,,,,,,,,,,,,,,,,,,,
0.00504,0.000002,0.000078,0.000003,0.000144,0.000243,0.004796,0.016667,0.0,0.0,0.0,0.0,0.0,0.000002,0.000006,0.000002,0.000039,0.000029,0.000001,0.000001,0.0,0.000003,,,,,0.000012,,,0.000016,0.000012,,0.000009,,0.000006,,,,0.000006,,,,,,,,,,,,,,,0.000014,,,,,,0.000001,,,,,,,,,,,,,,,,,,,,,0.000014,,,0.000003,,,,,,,,,,,,,,,,,,0.0,,,,0.0,0.0,,0.000021,0.000019,0.00001,0.000013,0.00001,0.000009,0.00001,0.000006,0.000004,0.000003,0.000001,0.000001,,,,,,,,,,,,
0.006754,0.0,0.0,0.000038,0.000111,0.0,0.006752,0.016667,,,,,,,,,,,,,0.000025,0.000013,,,,,,,,0.000028,0.000016,,0.000013,,0.000007,,,,0.000008,,,,,,,,,,,,,,,0.000019,,,,,,0.0,,,,,,,,,,,,,,,,,,,,,0.000016,,,0.000004,,,,,,,,,,,,,,,,,,0.0,,,,0.0,0.000001,,,,,,,,,,,,,,,,,,,,,,,,,
0.021718,0.0,0.0,0.000314,0.000089,0.0,0.021716,0.016667,,,,,,,,,,,,,0.00026,0.000054,,,,,,,,0.000019,0.000013,,0.000011,,0.000006,,,,0.000007,,,,,,,,,,,,,,,0.000016,,,,,,0.0,,,,,,,,,,,,,,,,,,,,,0.000014,,,0.000004,,,,,,,,,,,,,,,,,,0.0,,,,0.0,0.0,,,,,,,,,,,,,,,,,,,,,,,,,
0.001202,0.000003,0.000094,0.000002,0.000163,0.000274,0.000926,0.016667,0.0,0.0,0.0,0.0,0.0,0.000003,0.000004,0.000002,0.000065,0.000021,0.000001,0.000001,0.0,0.000002,,,,,0.000017,,,0.00002,0.000014,,0.000012,,0.000004,,,,0.000007,,,,,,,,,,,,,,,0.000012,,,,,,0.0,,,,,,,,,,,,,,,,,,,,,0.000011,,,0.000003,,,,,,,,,,,,,,,,,,0.0,,,,0.0,0.000001,,0.000023,0.000026,0.00001,0.000018,0.00001,0.00001,0.000011,0.000005,0.000007,0.000004,0.000002,0.000002,,,,,,,,,,,,
0.000456,0.0,0.0,0.0,0.000063,0.0,0.000455,0.016667,,,,,,,,,,,,,0.0,0.0,,,,,,,,0.000014,0.000009,,0.000009,,0.000004,,,,0.000006,,,,,,,,,,,,,,,0.000011,,,,,,0.0,,,,,,,,,,,,,,,,,,,,,0.000008,,,0.000002,,,,,,,,,,,,,,,,,,0.0,,,,0.000001,0.0,,,,,,,,,,,,,,,,,,,,,,,,,
0.011346,0.000002,0.000082,0.00004,0.000101,0.000158,0.011187,0.016667,0.0,0.0,0.0,0.0,0.0,0.000002,0.000005,0.000002,0.000055,0.000019,0.0,0.000001,0.000026,0.000014,,,,,0.000008,,,0.000008,0.000007,,0.000006,,0.000003,,,,0.000003,,,,,,,,,,,,,,,0.000007,,,,,,0.0,,,,,,,,,,,,,,,,,,,,,0.000011,,,0.000002,,,,,,,,,,,,,,,,,,0.0,,,,0.0,0.0,,0.000018,0.000016,0.000008,0.000012,0.000008,0.000007,0.000009,0.000005,0.000003,0.000003,0.000002,0.000001,,,,,,,,,,,,
0.01999,0.0,0.0,0.000084,0.0001,0.0,0.019988,0.016667,,,,,,,,,,,,,0.000042,0.000042,,,,,,,,0.00002,0.000014,,0.000013,,0.000007,,,,0.000008,,,,,,,,,,,,,,,0.000022,,,,,,0.0,,,,,,,,,,,,,,,,,,,,,0.000013,,,0.000004,,,,,,,,,,,,,,,,,,0.0,,,,0.0,0.0,,,,,,,,,,,,,,,,,,,,,,,,,
0.001186,0.000003,0.000045,0.000002,0.000226,0.000392,0.000789,0.016667,0.0,0.0,0.0,0.0,0.0,0.000003,0.000004,0.000001,0.000027,0.00001,0.000001,0.000002,0.0,0.000002,,,,,0.000023,,,0.000023,0.000017,,0.000014,,0.000007,,,,0.000008,,,,0.000007,,,,,,,0.000005,,,,0.000018,,,,,,0.000001,,,,,,,,,,,,,,,,,,,,,0.000015,,,0.000004,,,,,,,,,,,,,,,,,,0.0,,,,0.000001,0.000001,,0.000032,0.000036,0.000014,0.000025,0.000014,0.000013,0.000015,0.000008,0.000008,0.000004,0.000002,0.000002,,,,,,,,,,,,
0.000372,0.0,0.0,0.0,0.000039,0.0,0.000371,0.016667,,,,,,,,,,,,,0.0,0.0,,,,,,,,0.000008,0.000006,,0.000005,,0.000003,,,,0.000003,,,,,,,,,,,,,,,0.000007,,,,,,0.0,,,,,,,,,,,,,,,,,,,,,0.000006,,,0.000001,,,,,,,,,,,,,,,,,,0.0,,,,0.0,0.0,,,,,,,,,,,,,,,,,,,,,,,,,
0.012633,0.0,0.0,0.000032,0.000045,0.0,0.012632,0.016667,,,,,,,,,,,,,0.000017,0.000015,,,,,,,,0.000009,0.000007,,0.000004,,0.000003,,,,0.000003,,,,,,,,,,,,,,,0.000008,,,,,,0.0,,,,,,,,,,,,,,,,,,,,,0.000009,,,0.000002,,,,,,,,,,,,,,,,,,0.0,,,,0.0,0.0,,,,,,,,,,,,,,,,,,,,,,,,,
0.014662,0.000002,0.000149,0.000184,0.000205,0.000256,0.014404,0.016667,0.0,0.0,0.0,0.0,0.0,0.000002,0.000007,0.000002,0.000065,0.000074,0.0,0.000001,0.000146,0.000038,,,,,0.000019,,,0.000019,0.000014,,0.000016,,0.000005,,,,0.000007,,,,,,,,,,,,,,,0.000048,,,,,,0.000001,,,,,,,,,,,,,,,,,,,,,0.000011,,,0.000003,,,,,,,,,,,,,,,,,,0.0,,,,0.0,0.0,,0.000022,0.000027,0.00001,0.000017,0.00001,0.00001,0.000011,0.000006,0.000006,0.000003,0.000001,0.000002,,,,,,,,,,,,
0.004137,0.000002,0.000072,0.000005,0.000157,0.000247,0.003888,0.016667,0.0,0.0,0.0,0.0,0.0,0.000002,0.000005,0.000001,0.000034,0.000029,0.000001,0.000002,0.0,0.000005,,,,,0.000017,,,0.000019,0.000013,,0.000012,,0.000005,,,,0.000007,,,,,,,,,,,,,,,0.000012,,,,,,0.0,,,,,,,,,,,,,,,,,,,,,0.00001,,,0.000003,,,,,,,,,,,,,,,,,,0.0,,,,0.0,0.0,,0.000022,0.000024,0.00001,0.000017,0.00001,0.00001,0.00001,0.000005,0.000005,0.000003,0.000002,0.000002,,,,,,,,,,,,
0.001451,0.0,0.0,0.000002,0.000086,0.0,0.001449,0.016667,,,,,,,,,,,,,0.0,0.000002,,,,,,,,0.000014,0.000012,,0.000008,,0.000006,,,,0.000006,,,,,,,,,,,,,,,0.000013,,,,,,0.0,,,,,,,,,,,,,,,,,0.000011,,,,0.000014,,,0.000003,,,,,,,,,,,,,,,,,,0.0,,,,0.0,0.0,,,,,,,,,,,,,,,,,,,,,,,,,
0.007084,0.000005,0.000062,0.000108,0.000146,0.000288,0.006795,0.016667,0.0,0.0,0.0,0.0,0.0,0.000005,0.000005,0.000002,0.000038,0.000016,0.0,0.000001,0.000097,0.000011,,,,,0.000014,,,0.000016,0.000008,,0.000008,0.000009,0.000004,,,,0.000005,,,,,,,,,,,,,,,0.000009,,,,,,0.0,,,,,,,,,,,,,,,,,,,,,0.000007,,,0.000002,,,,,,,,,,,,,,,,,,0.000001,,,,0.0,0.0,,0.000031,0.000028,0.000014,0.000019,0.000015,0.00001,0.000015,0.000009,0.000005,0.000004,0.000001,0.000001,,,,,,,,,,,,
0.006826,0.0,0.0,0.000126,0.000105,0.0,0.006824,0.016667,,,,,,,,,,,,,0.000109,0.000017,,,,,,,,0.000026,0.000016,,0.000012,0.000014,0.000006,,,,0.000007,,,,,,,,,,,,,,,0.000019,,,,,,0.0,,,,,,,,,,,,,,,,,,,,,0.000017,,,0.000004,,,,,,,,,,,,,,,,,,0.000001,,,,0.0,0.0,,,,,,,,,,,,,,,,,,,,,,,,,
0.012369,0.000003,0.00005,0.000047,0.000298,0.000352,0.012014,0.016667,0.0,0.0,0.0,0.0,0.0,0.000003,0.000006,0.000001,0.000028,0.000013,0.0,0.000002,0.000019,0.000028,,,,,0.000022,,,0.000135,0.000013,,0.000013,0.000119,0.000005,,,,0.000008,,,,,,,,,,,,,,,0.000013,,,,,,0.0,,,,,,,,,,,,,,,,,,,,,0.00001,,,0.00001,,,,,,,,,,,,,,,,,,0.000001,,,,0.0,0.0,,0.000023,0.000035,0.000011,0.000023,0.000017,0.000013,0.000011,0.000012,0.000008,0.000003,0.000002,0.000002,,,,,,,,,,,,
0.001921,0.0,0.0,0.000002,0.000086,0.0,0.001919,0.016667,,,,,,,,,,,,,0.0,0.000002,,,,,,,,0.000025,0.000013,,0.000011,0.000014,0.000004,,,,0.000007,,,,,,,,,,,,,,,0.000013,,,,,,0.0,,,,,,,,,,,,,,,,,,,,,0.00001,,,0.000004,,,,,,,,,,,,,,,,,,0.0,,,,0.000001,0.0,,,,,,,,,,,,,,,,,,,,,,,,,
0.006251,0.000002,0.000124,0.000113,0.000146,0.000267,0.005982,0.016667,0.0,0.0,0.0,0.0,0.0,0.000002,0.000004,0.000002,0.000065,0.000039,0.000001,0.000013,0.000104,0.000009,,,,,0.000013,,,0.000018,0.000011,,0.000011,0.000011,0.000004,,,,0.000009,,,,,,,,,,,,,,,0.000012,,,,,,0.0,,0.0,,,,,,,,,,,,,,,,,,,0.00001,,,0.000003,,,,,,,,,,,,,,,,,,0.0,,,,0.0,0.0,,0.000022,0.000022,0.000009,0.000015,0.000011,0.000009,0.000011,0.000006,0.000004,0.000003,0.000002,0.000001,,,,,,,,,,,,
0.006937,0.0,0.0,0.000011,0.000077,0.0,0.006936,0.016667,,,,,,,,,,,,,0.0,0.000011,,,,,,,,0.000022,0.00001,,0.000011,0.000012,0.000004,,,,0.000007,,,,,,,,,,,,,,,0.000013,,,,,,0.0,,,,,,,,,,,,,,,,,,,,,0.00001,,,0.000003,,,,,,,,,,,,,,,,,,0.0,,,,0.0,0.0,,,,,,,,,,,,,,,,,,,,,,,,,
0.007015,0.0,0.0,0.000029,0.000087,0.0,0.007013,0.016667,,,,,,,,,,,,,0.000017,0.000012,,,,,,,,0.000024,0.000012,,0.000011,0.000013,0.000004,,,,0.000007,,,,,,,,,,,,,,,0.000016,,,,,,0.0,,,,,,,,,,,,,,,,,,,,,0.00001,,,0.000003,,,,,,,,,,,,,,,,,,0.0,,,,0.0,0.000001,,,,,,,,,,,,,,,,,,,,,,,,,
0.015223,0.000004,0.000092,0.000144,0.000165,0.000271,0.014949,0.016667,0.0,0.0,0.0,0.0,0.0,0.000004,0.000007,0.000002,0.000049,0.000031,0.000001,0.000002,0.000113,0.000031,,,,,0.000019,,,0.000021,0.000014,,0.000012,0.000013,0.000005,,,,0.000007,,,,,,,,,,,,,,,0.000013,,,,,,0.0,,,,,,,,,,,,,,,,,,,,,0.00001,,,0.000003,,,,,,,,,,,,,,,,,,0.0,,,,0.0,0.0,,0.000023,0.000026,0.00001,0.000017,0.000011,0.00001,0.000011,0.000006,0.000006,0.000004,0.000002,0.000002,,,,,,,,,,,,
0.000677,0.0,0.0,0.0,0.000133,0.0,0.000674,0.016667,,,,,,,,,,,,,0.0,0.0,,,,,,,,0.000039,0.000018,,0.000014,0.000024,0.000006,,,,0.000009,,,,,,,,,,,,,,,0.000022,,,,,,0.0,,,,,,,,,,,,,,,,,,,,,0.000023,,,0.000005,,,,,,,,,,,,,,,,,,0.000001,,,,0.0,0.000001,,,,,,,,,,,,,,,,,,,,,,,,,
0.004368,0.000002,0.000066,0.000003,0.00014,0.000229,0.004139,0.016667,0.0,0.0,0.0,0.0,0.0,0.000002,0.000005,0.000002,0.000035,0.000022,0.000001,0.000001,0.0,0.000003,,,,,0.00001,,,0.000018,0.000012,,0.000009,0.000011,0.000006,,,,0.000006,,,,,,,,,,,,,,,0.000014,,,,,,0.0,,,,,,,,,,,,,,,,,,,,,0.000015,,,0.000002,,,,,,,,,,,,,,,,,,0.000001,,,,0.0,0.0,,0.000022,0.00002,0.00001,0.000013,0.00001,0.000008,0.000011,0.000005,0.000004,0.000003,0.000001,0.000001,,,,,,,,,,,,
0.00701,0.0,0.0,0.000131,0.000074,0.0,0.007009,0.016667,,,,,,,,,,,,,0.000114,0.000017,,,,,,,,0.000015,0.000012,,0.000007,0.000009,0.000006,,,,0.000006,,,,,,,,,,,,,,,0.000014,,,,,,0.0,,,,,,,,,,,,,,,,,,,,,0.000014,,,0.000003,,,,,,,,,,,,,,,,,,0.0,,,,0.0,0.0,,,,,,,,,,,,,,,,,,,,,,,,,
0.015383,0.0,0.0,0.000043,0.000107,0.0,0.01538,0.016667,,,,,,,,,,,,,0.000019,0.000024,,,,,,,,0.00003,0.000022,,0.000014,0.000016,0.000005,,,,0.000007,,,,,,,,,,,,,,,0.000016,,,,,,0.0,,,,,,,,,,,,,,,,,,,,,0.000011,,,0.000003,,,,,,,,,,,,,,,,,,0.0,,,,0.0,0.000001,,,,,,,,,,,,,,,,,,,,,,,,,
0.005067,0.000002,0.000083,0.000122,0.000187,0.000326,0.004738,0.016667,0.0,0.0,0.0,0.0,0.0,0.000002,0.000004,0.000002,0.000046,0.000029,0.000001,0.000001,0.000106,0.000016,,,,,0.000017,,,0.000027,0.000017,,0.000014,0.000015,0.000007,,,,0.000009,,,,,,,,,,,,,,,0.000017,,,,,,0.000001,,,,,,,,,,,,,,,,,,,,,0.000016,,,0.000004,,,,,,,,,,,,,,,,,,0.000001,,,,0.0,0.0,,0.000023,0.000023,0.000011,0.000015,0.00001,0.00001,0.000011,0.000006,0.000006,0.000003,0.000002,0.000002,,,,,,,,,,,,
0.000798,0.0,0.0,0.0,0.00012,0.0,0.000796,0.016667,,,,,,,,,,,,,0.0,0.0,,,,,,,,0.000031,0.000017,,0.000017,0.000017,0.000007,,,,0.000009,,,,,,,,,,,,,,,0.000019,,,,,,0.0,,,,,,,,,,,,,,,,,0.000001,,,,0.000016,,,0.000004,,,,,,,,,,,,,,,,,,0.000001,,,,0.000001,0.000001,,,,,,,,,,,,,,,,,,,,,,,,,
0.012997,0.000002,0.000151,0.000038,0.000142,0.000238,0.012758,0.016667,0.0,0.0,0.0,0.0,0.0,0.000002,0.000005,0.000002,0.00011,0.000031,0.000001,0.000002,0.000021,0.000017,,,,,0.000013,,,0.000013,0.000008,,0.000008,0.000009,0.000004,,,,0.000005,,,,,,,,,,,,,,,0.000011,,,,,,0.0,,,,,,,,,,,,,,,,,,,,,0.000009,,,0.000002,,,,,,,,,,,,,,,,,,0.0,,,,0.0,0.0,,0.00003,0.000025,0.000014,0.000016,0.000014,0.000011,0.000014,0.000008,0.000005,0.000003,0.000002,0.000002,,,,,,,,,,,,
0.019513,0.0,0.0,0.000054,0.000108,0.0,0.019511,0.016667,,,,,,,,,,,,,0.00002,0.000034,,,,,,,,0.000027,0.000016,,0.000013,0.000016,0.000006,,,,0.000008,,,,,,,,,,,,,,,0.000019,,,,,,0.000001,,,,,,,,,,,,,,,,,,,,,0.000016,,,0.000004,,,,,,,,,,,,,,,,,,0.0,,,,0.0,0.0,,,,,,,,,,,,,,,,,,,,,,,,,
0.001288,0.000003,0.000053,0.000002,0.000225,0.000446,0.000837,0.016667,0.0,0.0,0.0,0.0,0.0,0.000003,0.000004,0.000001,0.000031,0.000014,0.000001,0.000002,0.0,0.000002,,,,,0.000019,,,0.000027,0.000016,,0.000015,0.000016,0.000008,,,,0.00001,,,,,,,,,,,,,,,0.00002,,,,,,0.0,,,,,,,,,,,,,,,,,,,,,0.00002,,,0.000004,,,,,,,,,,,,,,,,,,0.0,,,,0.0,0.0,,0.000033,0.000025,0.000015,0.000016,0.000019,0.00002,0.000016,0.000009,0.000006,0.000008,0.000004,0.000002,,,,,,,,,,,,
0.000436,0.0,0.0,0.0,0.000065,0.0,0.000435,0.016667,,,,,,,,,,,,,0.0,0.0,,,,,,,,0.000015,0.00001,,0.000009,0.000009,0.000004,,,,0.000006,,,,,,,,,,,,,,,0.000011,,,,,,0.0,,,,,,,,,,,,,,,,,,,,,0.000009,,,0.000003,,,,,,,,,,,,,,,,,,0.0,,,,0.0,0.0,,,,,,,,,,,,,,,,,,,,,,,,,
0.006403,0.0,0.0,0.000068,0.00004,0.0,0.006401,0.016667,,,,,,,,,,,,,0.000055,0.000013,,,,,,,,0.000009,0.000006,,0.000004,0.000006,0.000003,,,,0.000003,,,,,,,,,,,,,,,0.000007,,,,,,0.0,,,,,,,,,,,,,,,,,,,,,0.000007,,,0.000001,,,,,,,,,,,,,,,,,,0.0,,,,0.0,0.0,,,,,,,,,,,,,,,,,,,,,,,,,
0.007032,0.000004,0.000101,0.000031,0.000163,0.00032,0.006709,0.016667,0.0,0.0,0.0,0.0,0.0,0.000004,0.000007,0.000002,0.000045,0.000044,0.000001,0.000002,0.000022,0.000009,,,,,0.000021,,,0.000017,0.000011,,0.000008,0.000009,0.000004,,,,0.000005,,,,,,,,,,,,,,,0.000011,,,,,,0.0,,,,,,,,,,,,,,,,,,,,,0.000009,,,0.000002,,,,,,,,,,,,,,,,,,0.000001,,,,0.0,0.0,,0.000028,0.000034,0.000013,0.000022,0.000013,0.000014,0.000013,0.000007,0.000008,0.000004,0.000002,0.000002,,,,,,,,,,,,
0.019003,0.0,0.0,0.000127,0.00021,0.0,0.019001,0.016667,,,,,,,,,,,,,0.000088,0.000039,,,,,,,,0.000027,0.000015,,0.000013,0.000015,0.000006,,,,0.000008,,,,,,,,,,,,,,,0.000025,,,,,,0.0,,,,,,,,,,,,,,,,,,,,,0.000021,,,0.000098,,,,,,,,,,,,,,,,,,0.0,,,,0.0,0.0,,,,,,,,,,,,,,,,,,,,,,,,,
0.001351,0.000006,0.000089,0.000003,0.000212,0.000312,0.001036,0.016667,0.0,0.0,0.0,0.0,0.0,0.000006,0.000005,0.000002,0.000041,0.000038,0.000001,0.000002,0.0,0.000003,,,,,0.00002,,,0.00003,0.000019,,0.000015,0.000018,0.000007,,,,0.00001,,,,,,,,,,,,,,,0.000019,,,,,,0.0,,,,,,,,,,,,,,,,,,,,,0.000018,,,0.000004,,,,,,,,,,,,,,,,,,0.0,,,,0.0,0.000001,,0.000029,0.00003,0.000015,0.000019,0.000012,0.000012,0.000012,0.000006,0.000007,0.000004,0.000002,0.000001,,,,,,,,,,,,
0.000655,0.0,0.0,0.000004,0.000092,0.0,0.000653,0.016667,,,,,,,,,,,,,0.0,0.000004,,,,,,,,0.000024,0.000012,,0.000013,0.000014,0.000005,,,,0.000007,,,,,,,,,,,,,,,0.000017,,,,,,0.0,,,,,,,,,,,,,,,,,,,,,0.000012,,,0.000004,,,,,,,,,,,,,,,,,,0.000001,,,,0.0,0.0,,,,,,,,,,,,,,,,,,,,,,,,,
0.006345,0.0,0.0,0.000083,0.00009,0.0,0.006344,0.016667,,,,,,,,,,,,,0.00007,0.000013,,,,,,,,0.000024,0.000012,,0.000013,0.000013,0.000005,,,,0.000007,,,,,,,,,,,,,,,0.000016,,,,,,0.0,,,,,,,,,,,,,,,,,,,,,0.000012,,,0.000003,,,,,,,,,,,,,,,,,,0.0,,,,0.000001,0.0,,,,,,,,,,,,,,,,,,,,,,,,,
0.007694,0.000003,0.000089,0.000058,0.000194,0.000307,0.007384,0.016667,0.0,0.0,0.0,0.0,0.0,0.000003,0.000005,0.000002,0.000054,0.000026,0.0,0.000002,0.000024,0.000034,,,,,0.000021,,,0.000027,0.000015,,0.000013,0.000015,0.000005,,,,0.000007,,,,,,,,,,,,,,,0.000016,,,,,,0.0,,,,,,,,,,,,,,,,,,,,,0.000013,,,0.000004,,,,,,,,,,,,,,,,,,0.0,,,,0.0,0.0,,0.000031,0.00003,0.000018,0.000019,0.000011,0.000013,0.000011,0.000007,0.000008,0.000004,0.000002,0.000001,,,,,,,,,,,,
0.017488,0.0,0.0,0.000096,0.000099,0.0,0.017485,0.016667,,,,,,,,,,,,,0.000059,0.000037,,,,,,,,0.000028,0.000014,,0.000013,0.000016,0.000005,,,,0.000007,,,,,,,,,,,,,,,0.000016,,,,,,0.0,,,,,,,,,,,,,,,,,,,,,0.000013,,,0.000004,,,,,,,,,,,,,,,,,,0.0,,,,0.0,0.000001,,,,,,,,,,,,,,,,,,,,,,,,,
0.001133,0.000002,0.000087,0.000003,0.000232,0.000349,0.00078,0.016667,0.0,0.0,0.0,0.0,0.0,0.000002,0.000005,0.000002,0.00005,0.000027,0.000001,0.000002,0.0,0.000003,,,,,0.000021,,,0.00003,0.000019,,0.000014,0.000018,0.000007,,,,0.000009,,,,,,,,,,,,,,,0.00002,,,,,,0.0,,,,,,,,,,,,,,,,,,,,,0.000016,,,0.000004,,,,,,,,,,,,,,,,,,0.0,,,,0.0,0.0,,0.000043,0.000033,0.000025,0.000022,0.000015,0.000013,0.000016,0.000009,0.000007,0.000004,0.000002,0.000001,,,,,,,,,,,,
0.000831,0.0,0.0,0.0,0.000052,0.0,0.00083,0.016667,,,,,,,,,,,,,0.0,0.0,,,,,,,,0.000011,0.000007,,0.000007,0.000007,0.000004,,,,0.000004,,,,,,,,,,,,,,,0.000009,,,,,,0.0,,,,,,,,,,,,,,,,,,,,,0.000007,,,0.000002,,,,,,,,,,,,,,,,,,0.0,,,,0.000001,0.0,,,,,,,,,,,,,,,,,,,,,,,,,
0.00715,0.000002,0.000083,0.000033,0.000191,0.000266,0.006883,0.016667,0.0,0.0,0.0,0.0,0.0,0.000002,0.000007,0.000002,0.000047,0.000026,0.0,0.000001,0.000016,0.000017,,,,,0.000011,,,0.000023,0.000014,,0.000012,0.000014,0.000007,,,,0.000008,,,,,,,,,,,,,,,0.000015,,,,,,0.0,,,,,,,,,,,,,,,,,,,,,0.000016,,,0.000004,,,,,,,,,,,,,,,,,,0.0,,,,0.0,0.0,,0.000053,0.00002,0.000036,0.000014,0.00001,0.000009,0.000014,0.000006,0.000004,0.000003,0.000002,0.0,,,,,,,,,,,,
0.006774,0.0,0.0,0.000152,0.000102,0.0,0.006772,0.016667,,,,,,,,,,,,,0.000127,0.000025,,,,,,,,0.000029,0.000015,,0.000013,0.000015,0.000005,,,,0.000007,,,,,,,,,,,,,,,0.000017,,,,,,0.000001,,,,,,,,,,,,,,,,,,,,,0.000012,,,0.000005,,,,,,,,,,,,,,,,,,0.000001,,,,0.0,0.0,,,,,,,,,,,,,,,,,,,,,,,,,
0.015664,0.0,0.0,0.000116,0.000113,0.0,0.015662,0.016667,,,,,,,,,,,,,0.000085,0.000031,,,,,,,,0.000032,0.000016,,0.000015,0.000019,0.000005,,,,0.000008,,,,,,,,,,,,,,,0.000018,,,,,,0.000001,,,,,,,,,,,,,,,,,,,,,0.000015,,,0.000005,,,,,,,,,,,,,,,,,,0.0,,,,0.0,0.0,,,,,,,,,,,,,,,,,,,,,,,,,
0.000812,0.000002,0.00009,0.0,0.000164,0.000234,0.000577,0.016667,0.0,0.0,0.0,0.0,0.0,0.000002,0.000005,0.000001,0.000049,0.000032,0.000001,0.000002,0.0,0.0,,,,,0.000016,,,0.000022,0.000016,,0.000011,0.000012,0.000004,,,,0.000006,,,,,,,,,,,,,,,0.000012,,,,,,0.000001,,,,,,,,,,,,,,,,,,,,,0.00001,,,0.000003,,,,,,,,,,,,,,,,,,0.0,,,,0.0,0.0,,0.000029,0.000025,0.000017,0.000017,0.00001,0.00001,0.00001,0.000006,0.000006,0.000003,0.000001,0.000001,,,,,,,,,,,,
0.00426,0.0,0.0,0.000003,0.000043,0.0,0.004259,0.016667,,,,,,,,,,,,,0.0,0.000003,,,,,,,,0.000008,0.000006,,0.000005,0.000005,0.000003,,,,0.000004,,,,,,,,,,,,,,,0.000008,,,,,,0.0,,,,,,,,,,,,,,,,,,,,,0.000008,,,0.000001,,,,,,,,,,,,,,,,,,0.0,,,,0.0,0.0,,,,,,,,,,,,,,,,,,,,,,,,,
0.0076,0.000002,0.000061,0.00004,0.000224,0.000337,0.007261,0.016667,0.0,0.0,0.0,0.0,0.0,0.000002,0.000005,0.000002,0.000034,0.000018,0.000001,0.000001,0.00002,0.00002,,,,,0.000069,,,0.000023,0.000015,,0.000012,0.000013,0.000006,,,,0.000007,,,,,,,,,,,,,,,0.000016,,,,,,0.0,,,,,,,,,,,,,,,,,,,,,0.000013,,,0.000003,,,,,,,,,,,,,,,,,,0.0,,,,0.000001,0.0,,0.000028,0.000022,0.000016,0.000015,0.000011,0.00001,0.00001,0.000006,0.000005,0.000003,0.000001,0.000001,,,,,,,,,,,,
0.021038,0.0,0.0,0.000113,0.000093,0.0,0.021037,0.016667,,,,,,,,,,,,,0.000072,0.000041,,,,,,,,0.00002,0.000013,,0.000011,0.000013,0.000005,,,,0.00001,,,,0.000004,,,,,,,0.000002,,,,0.000014,,,,,,0.0,,,,,,,,,,,,,,,,,,,,,0.000011,,,0.000003,,,,,,,,,,,,,,,,,,0.000001,,,,0.000001,0.000001,,,,,,,,,,,,,,,,,,0.000003,,,,,,,
0.001343,0.000004,0.000074,0.000001,0.000255,0.000282,0.001058,0.016667,0.0,0.0,0.0,0.0,0.0,0.000004,0.000004,0.000002,0.000036,0.000029,0.0,0.000003,0.0,0.000001,,,,,0.00002,,,0.000066,0.00002,,0.000015,0.000016,0.000009,,,,0.00001,,,,,,,,,,,,,,,0.000022,,,,,,0.0,,,,,,,,,,,,,,,,,,,,,0.000022,,,0.000004,,,,,,,,,,,,,,,,,,0.0,,,,0.000001,0.0,,0.000031,0.000025,0.000019,0.000017,0.000011,0.00001,0.000011,0.000006,0.000005,0.000003,0.000002,0.000001,,,,,,,,,,,,
0.000385,0.0,0.0,0.0,0.000052,0.0,0.000384,0.016667,,,,,,,,,,,,,0.0,0.0,,,,,,,,0.000011,0.000008,,0.000007,0.000006,0.000003,,,,0.000004,,,,,,,,,,,,,,,0.00001,,,,,,0.0,,,,,,,,,,,,,,,,,,,,,0.000009,,,0.000001,,,,,,,,,,,,,,,,,,0.0,,,,0.0,0.0,,,,,,,,,,,,,,,,,,,,,,,,,
0.010615,0.0,0.0,0.000039,0.000038,0.0,0.010614,0.016667,,,,,,,,,,,,,0.000015,0.000024,,,,,,,,0.000008,0.000006,,0.000004,0.000005,0.000003,,,,0.000003,,,,,,,,,,,,,,,0.000006,,,,,,0.0,,,,,,,,,,,,,,,,,,,,,0.000007,,,0.000001,,,,,,,,,,,,,,,,,,0.0,,,,0.0,0.0,,,,,,,,,,,,,,,,,,,,,,,,,
0.014789,0.000002,0.000095,0.000086,0.000218,0.000352,0.014435,0.016667,0.0,0.0,0.0,0.0,0.0,0.000002,0.000005,0.000001,0.000037,0.00005,0.0,0.000002,0.000057,0.000029,,,,,0.000022,,,0.000027,0.000017,,0.000013,0.000015,0.000007,,,,0.000009,,,,,,,,,,,,,,,0.000018,,,,,,0.0,,,,,,,,,,,,,,,,,,,,,0.000015,,,0.000004,,,,,,,,,,,,,,,,,,0.0,,,,0.000001,0.0,,0.000042,0.000032,0.000026,0.000021,0.000015,0.000013,0.000013,0.000008,0.000008,0.000004,0.000002,0.000001,,,,,,,,,,,,
0.004165,0.0,0.0,0.000003,0.000115,0.0,0.004162,0.016667,,,,,,,,,,,,,0.0,0.000003,,,,,,,,0.00003,0.000018,,0.000013,0.000016,0.000007,,,,0.000008,,,,,,,,,,,,,,,0.000022,,,,,,0.0,,,,,,,,,,,,,,,,,,,,,0.000016,,,0.000004,,,,,,,,,,,,,,,,,,0.000001,,,,0.0,0.0,,,,,,,,,,,,,,,,,,,,,,,,,
0.001311,0.000003,0.000075,0.000001,0.000205,0.000324,0.000985,0.016667,0.0,0.0,0.0,0.0,0.0,0.000003,0.000006,0.000002,0.00004,0.000024,0.000001,0.000002,0.0,0.000001,,,,,0.000017,,,0.000022,0.000013,,0.000015,0.000013,0.000006,,,,0.000007,,,,,,,,,,,,,,,0.000014,,,,,,0.0,,,,,,,,,,,,,,,,,,,,,0.000014,,,0.000003,,,,,,,,,,,,,,,,,,0.000001,,,,0.0,0.0,,0.000045,0.000027,0.000028,0.00002,0.000016,0.000012,0.000016,0.000009,0.000005,0.000004,0.000002,0.000002,,,,,,,,,,,,
0.007103,0.0,0.0,0.000035,0.00008,0.0,0.007102,0.016667,,,,,,,,,,,,,0.000018,0.000017,,,,,,,,0.000017,0.000011,,0.000009,0.000009,0.000005,,,,0.000006,,,,,,,,,,,,,,,0.000015,,,,,,0.0,,,,,,,,,,,,,,,,,,,,,0.000014,,,0.000003,,,,,,,,,,,,,,,,,,0.000001,,,,0.000001,0.0,,,,,,,,,,,,,,,,,,,,,,,,,
0.006837,0.000003,0.0001,0.000005,0.000174,0.00025,0.006586,0.016667,0.0,0.0,0.0,0.0,0.0,0.000003,0.000008,0.000002,0.000055,0.000032,0.000001,0.000002,0.0,0.000005,,,,,0.000018,,,0.000021,0.000013,,0.000014,0.000012,0.000004,,,,0.000007,,,,,,,,,,,,,,,0.000013,,,,,,0.000001,,,,,,,,,,,,,,,,,,,,,0.000011,,,0.000003,,,,,,,,,,,,,,,,,,0.0,,,,0.0,0.0,,0.000033,0.000024,0.000021,0.000015,0.000009,0.000012,0.00001,0.000005,0.000006,0.000003,0.000002,0.000002,,,,,,,,,,,,
0.014292,0.0,0.0,0.000149,0.000095,0.0,0.014291,0.016667,,,,,,,,,,,,,0.000111,0.000038,,,,,,,,0.000029,0.000014,,0.000012,0.000013,0.000005,,,,0.000007,,,,,,,,,,,,,,,0.000016,,,,,,0.0,,,,,,,,,,,,,,,,,,,,,0.000011,,,0.000003,,,,,,,,,,,,,,,,,,0.0,,,,0.0,0.0,,,,,,,,,,,,,,,,,,,,,,,,,
0.003782,0.000003,0.000061,0.000003,0.000204,0.000367,0.003411,0.016667,0.0,0.0,0.0,0.0,0.0,0.000003,0.000005,0.000001,0.000043,0.000009,0.000001,0.000002,0.0,0.000003,,,,,0.000028,,,0.000021,0.000013,,0.000011,0.000012,0.000004,,,,0.000007,,,,,,,,,,,,,,,0.000013,,,,,,0.0,,,,,,,,,,,,,,,,,,,,,0.000011,,,0.000003,,,,,,,,,,,,,,,,,,0.000001,,,,0.0,0.0,,0.000036,0.000044,0.000024,0.000022,0.000012,0.000015,0.000011,0.000007,0.000018,0.000003,0.000002,0.000002,,,,,,,,,,,,
0.00234,0.0,0.0,0.000058,0.000092,0.0,0.002339,0.016667,,,,,,,,,,,,,0.000053,0.000005,,,,,,,,0.00002,0.000014,,0.000011,0.000011,0.000006,,,,0.000008,,,,,,,,,,,,,,,0.000016,,,,,,0.0,,,,,,,,,,,,,,,,,,,,,0.000015,,,0.000004,,,,,,,,,,,,,,,,,,0.0,,,,0.000001,0.0,,,,,,,,,,,,,,,,,,,,,,,,,
0.007093,0.0,0.0,0.000015,0.000061,0.0,0.007092,0.016667,,,,,,,,,,,,,0.0,0.000015,,,,,,,,0.000015,0.000008,,0.000008,0.000008,0.000003,,,,0.000005,,,,,,,,,,,,,,,0.000011,,,,,,0.0,,,,,,,,,,,,,,,,,,,,,0.000009,,,0.000003,,,,,,,,,,,,,,,,,,0.000001,,,,0.0,0.0,,,,,,,,,,,,,,,,,,,,,,,,,
0.007061,0.000003,0.000111,0.000021,0.000183,0.000284,0.006775,0.016667,0.0,0.0,0.0,0.0,0.0,0.000003,0.000005,0.000002,0.000065,0.000036,0.000001,0.000002,0.000012,0.000009,,,,,0.000022,,,0.00002,0.000012,,0.00001,0.000011,0.000005,,,,0.000006,,,,,,,,,,,,,,,0.000013,,,,,,0.000001,,,,,,,,,,,,,,,,,,,,,0.00001,,,0.000003,,,,,,,,,,,,,,,,,,0.0,,,,0.0,0.0,,0.000035,0.000031,0.000024,0.00002,0.000016,0.000013,0.00001,0.000009,0.000007,0.000005,0.000002,0.000002,,,,,,,,,,,,
0.014043,0.0,0.0,0.000121,0.000103,0.0,0.014041,0.016667,,,,,,,,,,,,,0.000092,0.000029,,,,,,,,0.000025,0.000016,,0.000013,0.000014,0.000007,,,,0.000007,,,,,,,,,,,,,,,0.000019,,,,,,0.0,,,,,,,,,,,,,,,,,,,,,0.000013,,,0.000004,,,,,,,,,,,,,,,,,,0.0,,,,0.000001,0.000001,,,,,,,,,,,,,,,,,,,,,,,,,
0.002492,0.000002,0.000052,0.000016,0.000185,0.000256,0.002234,0.016667,0.0,0.0,0.0,0.0,0.0,0.000002,0.000006,0.000002,0.000036,0.000007,0.0,0.000001,0.00001,0.000006,,,,,0.000018,,,0.000023,0.000015,,0.000013,0.000013,0.000007,,,,0.000008,,,,,,,,,,,,,,,0.000015,,,,,,0.0,,,,,,,,,,,,,,,,,,,,,0.000014,,,0.000003,,,,,,,,,,,,,,,,,,0.0,,,,0.0,0.0,,0.000033,0.000026,0.000022,0.000015,0.000011,0.000011,0.00001,0.000006,0.000007,0.000003,0.000002,0.000001,,,,,,,,,,,,
0.003763,0.0,0.0,0.000003,0.000053,0.0,0.003761,0.016667,,,,,,,,,,,,,0.0,0.000003,,,,,,,,0.000013,0.000009,,0.000006,0.000007,0.000004,,,,0.000004,,,,,,,,,,,,,,,0.000008,,,,,,0.0,,,,,,,,,,,,,,,,,,,,,0.000007,,,0.000002,,,,,,,,,,,,,,,,,,0.0,,,,0.0,0.0,,,,,,,,,,,,,,,,,,,,,,,,,
0.007,0.000002,0.000063,0.000028,0.000172,0.000237,0.006761,0.016667,0.0,0.0,0.0,0.0,0.0,0.000002,0.000005,0.000002,0.000039,0.000015,0.000001,0.000001,0.000016,0.000012,,,,,0.000014,,,0.000021,0.000013,,0.000012,0.000012,0.000006,,,,0.000008,,,,,,,,,,,,,,,0.000015,,,,,,0.0,,,,,,,,,,,,,,,,,,,,,0.000014,,,0.000003,,,,,,,,,,,,,,,,,,0.0,,,,0.0,0.0,,0.000034,0.00002,0.000021,0.000014,0.00001,0.000009,0.000011,0.000006,0.000004,0.000003,0.000002,0.000002,,,,,,,,,,,,
0.007208,0.0,0.0,0.000005,0.000083,0.0,0.007206,0.016667,,,,,,,,,,,,,0.0,0.000005,,,,,,,,0.000022,0.000013,,0.00001,0.000013,0.000005,,,,0.000006,,,,,,,,,,,,,,,0.000015,,,,,,0.000001,,,,,,,,,,,,,,,,,,,,,0.00001,,,0.000003,,,,,,,,,,,,,,,,,,0.0,,,,0.0,0.0,,,,,,,,,,,,,,,,,,,,,,,,,
0.016276,0.0,0.0,0.000117,0.000206,0.0,0.016271,0.016667,,,,,,,,,,,,,0.000081,0.000036,,,,,,,,0.000051,0.000018,,0.000015,0.000027,0.000007,,,,0.000009,,,,,,,,,,,,,,,0.000018,,,,,,0.0,,,,,,,,,,,,,,,,,,,,,0.000018,,,0.000005,,,,,,,,,,,,,,,,,,0.0,,,,0.00007,0.0,,,,,,,,,,,,,,,,,,,,,,,,,
0.000936,0.000003,0.000067,0.000001,0.000211,0.000352,0.000582,0.016667,0.0,0.0,0.0,0.0,0.0,0.000003,0.000005,0.000002,0.000045,0.000013,0.0,0.000002,0.0,0.000001,,,,,0.000021,,,0.000019,0.000014,,0.000022,0.000011,0.000004,,,,0.000007,,,,,,,,,,,,,,,0.000013,,,,,,0.0,,,,,,,,,,,,,,,,,,,,,0.000011,,,0.000003,,,,,,,,,,,,,,,,,,0.000001,,,,0.0,0.0,,0.000046,0.000035,0.000028,0.000021,0.000016,0.000014,0.000015,0.000009,0.000009,0.000005,0.000003,0.000002,,,,,,,,,,,,
0.002797,0.0,0.0,0.000001,0.000043,0.0,0.002796,0.016667,,,,,,,,,,,,,0.0,0.000001,,,,,,,,0.000009,0.000007,,0.000006,0.000005,0.000003,,,,0.000003,,,,,,,,,,,,,,,0.000007,,,,,,0.0,,,,,,,,,,,,,,,,,,,,,0.000007,,,0.000002,,,,,,,,,,,,,,,,,,0.0,,,,0.0,0.0,,,,,,,,,,,,,,,,,,,,,,,,,
0.007189,0.000002,0.00009,0.000064,0.000184,0.000304,0.006883,0.016667,0.0,0.0,0.0,0.0,0.0,0.000002,0.000008,0.000002,0.000044,0.000034,0.0,0.000002,0.000056,0.000008,,,,,0.000014,,,0.000015,0.00001,,0.000009,0.000009,0.000004,,,,0.000005,,,,,,,,,,,,,,,0.000011,,,,,,0.0,,,,,,,,,,,,,,,,,,,,,0.000008,,,0.000002,,,,,,,,,,,,,,,,,,0.0,,,,0.0,0.000001,,0.000067,0.000023,0.000026,0.000015,0.000015,0.00001,0.000038,0.000009,0.000005,0.000004,0.000002,0.000002,,,,,,,,,,,,
0.006807,0.0,0.0,0.000033,0.000133,0.0,0.006806,0.016667,,,,,,,,,,,,,0.000013,0.00002,,,,,,,,0.00002,0.000013,,0.00001,0.000011,0.000006,,,,0.000051,,,,,,,,,,,,,,,0.000018,,,,,,0.0,,,,,,,,,,,,,,,,,,,,,0.000014,,,0.000003,,,,,,,,,,,,,,,,,,0.0,,,,0.0,0.000001,,,,,,,,,,,,,,,,,,,,,,,,,
0.015331,0.000002,0.000079,0.00017,0.000177,0.000274,0.015055,0.016667,0.0,0.0,0.0,0.0,0.0,0.000002,0.000008,0.000002,0.000042,0.000025,0.0,0.000002,0.000143,0.000027,,,,,0.00002,,,0.000024,0.000014,,0.000013,0.000014,0.000005,,,,0.000007,,,,,,,,,,,,,,,0.000014,,,,,,0.0,,,,,,,,,,,,,,,,,,,,,0.00001,,,0.000003,,,,,,,,,,,,,,,,,,0.0,,,,0.0,0.0,,0.000035,0.000024,0.000023,0.000015,0.000011,0.000011,0.00001,0.000006,0.000006,0.000003,0.000002,0.000001,,,,,,,,,,,,
0.000594,0.0,0.0,0.000025,0.000092,0.0,0.000592,0.016667,,,,,,,,,,,,,0.000016,0.000009,,,,,,,,0.000026,0.000014,,0.000012,0.000014,0.000005,,,,0.000008,,,,,,,,,,,,,,,0.000015,,,,,,0.0,,,,,,,,,,,,,,,,,,,,,0.000011,,,0.000004,,,,,,,,,,,,,,,,,,0.0,,,,0.0,0.0,,,,,,,,,,,,,,,,,,,,,,,,,
0.004643,0.0,0.0,0.000004,0.000042,0.0,0.004642,0.016667,,,,,,,,,,,,,0.0,0.000004,,,,,,,,0.000009,0.000006,,0.000005,0.000005,0.000003,,,,0.000003,,,,,,,,,,,,,,,0.000008,,,,,,0.0,,,,,,,,,,,,,,,,,,,,,0.000007,,,0.000002,,,,,,,,,,,,,,,,,,0.0,,,,0.0,0.0,,,,,,,,,,,,,,,,,,,,,,,,,
0.006973,0.000003,0.00007,0.000016,0.000177,0.000363,0.006608,0.016667,0.0,0.0,0.0,0.0,0.0,0.000003,0.000005,0.000003,0.000038,0.000021,0.000001,0.000002,0.000003,0.000013,,,,,0.000018,,,0.000016,0.000009,,0.000013,0.000009,0.000004,,,,0.000004,,,,,,,,,,,,,,,0.000011,,,,,,0.0,,,,,,,,,,,,,,,,,,,,,0.000013,,,0.000003,,,,,,,,,,,,,,,,,,0.0,,,,0.0,0.0,,0.000046,0.000024,0.000029,0.000015,0.000015,0.000012,0.000015,0.000009,0.000006,0.000004,0.000002,0.000002,,,,,,,,,,,,
0.020383,0.0,0.0,0.00021,0.000109,0.0,0.020381,0.016667,,,,,,,,,,,,,0.000157,0.000053,,,,,,,,0.000024,0.000015,,0.000013,0.000015,0.000008,,,,0.000008,,,,,,,,,,,,,,,0.000018,,,,,,0.0,,,,,,,,,,,,,,,,,,,,,0.000017,,,0.000004,,,,,,,,,,,,,,,,,,0.0,,,,0.000001,0.000001,,,,,,,,,,,,,,,,,,,,,,,,,
0.00121,0.000003,0.00009,0.0,0.000256,0.000414,0.000793,0.016667,0.0,0.0,0.0,0.0,0.0,0.000003,0.000008,0.000002,0.000048,0.00003,0.0,0.000002,0.0,0.0,,,,,0.000023,,,0.000029,0.000018,,0.000014,0.000016,0.000006,,,,0.000009,,,,,,,,,,,,,,,0.000018,,,,,,0.0,,,,,,,,,,,,,,,,,,,,,0.000016,,,0.000004,,,,,,,,,,,,,,,,,,0.0,,,,0.000001,0.0,,0.000058,0.000038,0.000036,0.000023,0.000019,0.000018,0.00002,0.000011,0.00001,0.000006,0.000003,0.000002,,,,,,,,,,,,
0.00044,0.0,0.0,0.000002,0.000072,0.0,0.000439,0.016667,,,,,,,,,,,,,0.0,0.000002,,,,,,,,0.000014,0.000011,,0.000009,0.000008,0.000005,,,,0.000006,,,,,,,,,,,,,,,0.000012,,,,,,0.0,,,,,,,,,,,,,,,,,,,,,0.000014,,,0.000003,,,,,,,,,,,,,,,,,,0.0,,,,0.0,0.0,,,,,,,,,,,,,,,,,,,,,,,,,
0.011975,0.000002,0.000109,0.000102,0.000109,0.000199,0.011775,0.016667,0.0,0.0,0.0,0.0,0.0,0.000002,0.000009,0.000004,0.000051,0.000043,0.000001,0.000001,0.000086,0.000016,,,,,0.000008,,,0.000013,0.000006,,0.000007,0.000009,0.000003,,,,0.000003,,,,,,,,,,,,,,,0.000008,,,,,,0.0,,,,,,,,,,,,,,,,,,,,,0.000008,,,0.000001,,,,,,,,,,,,,,,,,,0.0,,,,0.0,0.0,,0.000027,0.000014,0.000017,0.000008,0.000011,0.000008,0.000009,0.000006,0.000004,0.000003,0.000001,0.0,,,,,,,,,,,,
0.018513,0.0,0.0,0.000162,0.000093,0.0,0.018511,0.016667,,,,,,,,,,,,,0.000116,0.000046,,,,,,,,0.000026,0.000014,,0.000012,0.000014,0.000005,,,,0.000007,,,,,,,,,,,,,,,0.000015,,,,,,0.0,,,,,,,,,,,,,,,,,,,,,0.000012,,,0.000004,,,,,,,,,,,,,,,,,,0.0,,,,0.000001,0.0,,,,,,,,,,,,,,,,,,,,,,,,,
0.001108,0.000003,0.000076,0.000001,0.000225,0.00035,0.000755,0.016667,0.0,0.0,0.0,0.0,0.0,0.000003,0.000004,0.000001,0.000026,0.000043,0.0,0.000002,0.0,0.000001,,,,,0.000023,,,0.000027,0.000017,,0.000018,0.000016,0.000007,,,,0.000009,,,,,,,,,,,,,,,0.000018,,,,,,0.0,,,,,,,,,,,,,,,,,,,,,0.000016,,,0.000004,,,,,,,,,,,,,,,,,,0.0,,,,0.0,0.000001,,0.000041,0.000027,0.000025,0.000017,0.000017,0.000013,0.000014,0.00001,0.000006,0.000005,0.000002,0.000002,,,,,,,,,,,,
0.001058,0.0,0.0,0.000001,0.000069,0.0,0.001056,0.016667,,,,,,,,,,,,,0.0,0.000001,,,,,,,,0.000014,0.000011,,0.000008,0.000008,0.000005,,,,0.000005,,,,,,,,,,,,,,,0.000013,,,,,,0.0,,,,,,,,,,,,,,,,,,,,,0.000012,,,0.000002,,,,,,,,,,,,,,,,,,0.0,,,,0.0,0.0,,,,,,,,,,,,,,,,,,,,,,,,,
0.007217,0.0,0.0,0.000022,0.000046,0.0,0.007216,0.016667,,,,,,,,,,,,,0.000011,0.000011,,,,,,,,0.000009,0.000007,,0.000005,0.000006,0.000003,,,,0.000003,,,,,,,,,,,,,,,0.00001,,,,,,0.0,,,,,,,,,,,,,,,,,,,,,0.000008,,,0.000002,,,,,,,,,,,,,,,,,,0.0,,,,0.0,0.0,,,,,,,,,,,,,,,,,,,,,,,,,
0.006572,0.000007,0.000109,0.000029,0.000322,0.000834,0.005733,0.016667,0.0,0.0,0.0,0.0,0.0,0.000007,0.000008,0.000002,0.000054,0.00004,0.000001,0.000004,0.000016,0.000013,,,,,0.000064,,,0.000027,0.000017,,0.000014,0.000015,0.000007,,,,0.000009,,,,,,,,,,,,,,,0.000016,,,,,,0.000001,,,,,,,,,,,,,,,,,,,,,0.000014,,,0.000003,,,,,,,,,,,,,,,,,,0.0,,,,0.0,0.0,,0.000069,0.000053,0.000049,0.000032,0.000026,0.000029,0.000017,0.000014,0.000014,0.000009,0.000005,0.000005,,,,,,,,,,,,
0.016738,0.0,0.0,0.0001,0.000092,0.0,0.016737,0.016667,,,,,,,,,,,,,0.000072,0.000028,,,,,,,,0.000026,0.000013,,0.000012,0.000015,0.000004,,,,0.000007,,,,,,,,,,,,,,,0.000016,,,,,,0.0,,,,,,,,,,,,,,,,,,,,,0.000012,,,0.000004,,,,,,,,,,,,,,,,,,0.0,,,,0.0,0.0,,,,,,,,,,,,,,,,,,,,,,,,,
0.000964,0.000003,0.000333,0.0,0.00022,0.000327,0.000635,0.016667,0.0,0.0,0.0,0.0,0.0,0.000003,0.000011,0.000007,0.000246,0.000067,0.0,0.000002,0.0,0.0,,,,,0.000021,,,0.000026,0.000015,,0.000014,0.000015,0.000007,,,,0.000008,,,,,,,,,,,,,,,0.000018,,,,,,0.0,,,,,,,,,,,,,,,,,,,,,0.000016,,,0.000004,,,,,,,,,,,,,,,,,,0.0,,,,0.0,0.0,,0.000047,0.000027,0.000031,0.000017,0.000018,0.000013,0.000015,0.000011,0.000007,0.000005,0.000002,0.000001,,,,,,,,,,,,
0.00282,0.0,0.0,0.000017,0.000043,0.0,0.002819,0.016667,,,,,,,,,,,,,0.00001,0.000007,,,,,,,,0.000008,0.000006,,0.000005,0.000005,0.000004,,,,0.000003,,,,,,,,,,,,,,,0.000008,,,,,,0.0,,,,,,,,,,,,,,,,,,,,,0.000008,,,0.000001,,,,,,,,,,,,,,,,,,0.0,,,,0.0,0.0,,,,,,,,,,,,,,,,,,,,,,,,,
0.006761,0.000003,0.000087,0.000006,0.000155,0.000293,0.006466,0.016667,0.0,0.0,0.0,0.0,0.0,0.000003,0.000007,0.000002,0.000049,0.000027,0.0,0.000002,0.0,0.000006,,,,,0.000014,,,0.000017,0.000009,,0.00001,0.000011,0.000004,,,,0.000005,,,,,,,,,,,,,,,0.000009,,,,,,0.0,,,,,,,,,,,,,,,,,,,,,0.000009,,,0.000002,,,,,,,,,,,,,,,,,,0.0,,,,0.0,0.0,,0.000037,0.00002,0.000021,0.000013,0.000017,0.000011,0.000014,0.000011,0.000005,0.000005,0.000002,0.000001,,,,,,,,,,,,
0.007294,0.0,0.0,0.000066,0.000106,0.0,0.007293,0.016667,,,,,,,,,,,,,0.000055,0.000011,,,,,,,,0.000025,0.000025,,0.000011,0.000014,0.000005,,,,0.000008,,,,,,,,,,,,,,,0.000016,,,,,,0.0,,,,,,,,,,,,,,,,,,,,,0.000013,,,0.000004,,,,,,,,,,,,,,,,,,0.0,,,,0.0,0.0,,,,,,,,,,,,,,,,,,,,,,,,,
0.014074,0.0,0.0,0.000119,0.000121,0.0,0.014071,0.016667,,,,,,,,,,,,,0.000092,0.000027,,,,,,,,0.000031,0.000018,,0.000015,0.000018,0.000007,,,,0.00001,,,,,,,,,,,,,,,0.000022,,,,,,0.0,,,,,,,,,,,,,,,,,,,,,0.000015,,,0.000005,,,,,,,,,,,,,,,,,,0.0,,,,0.0,0.000001,,,,,,,,,,,,,,,,,,,,,,,,,
0.001167,0.000004,0.000094,0.000002,0.000252,0.000405,0.000758,0.016667,0.0,0.0,0.0,0.0,0.0,0.000004,0.000007,0.000002,0.000043,0.00004,0.0,0.000002,0.0,0.000002,,,,,0.000032,,,0.000029,0.000018,,0.000015,0.000017,0.000007,,,,0.000009,,,,,,,,,,,,,,,0.000018,,,,,,0.000001,,,,,,,,,,,,,,,,,,,,,0.000016,,,0.000004,,,,,,,,,,,,,,,,,,0.0,,,,0.000001,0.0,,0.000044,0.000037,0.000025,0.000022,0.000021,0.000017,0.000015,0.000013,0.000009,0.000006,0.000003,0.000002,,,,,,,,,,,,
0.005406,0.0,0.0,0.000002,0.00007,0.0,0.005404,0.016667,,,,,,,,,,,,,0.0,0.000002,,,,,,,,0.000014,0.00001,,0.000007,0.000008,0.000005,,,,0.000006,,,,,,,,,,,,,,,0.000013,,,,,,0.0,,,,,,,,,,,,,,,,,,,,,0.000014,,,0.000002,,,,,,,,,,,,,,,,,,0.0,,,,0.0,0.000001,,,,,,,,,,,,,,,,,,,,,,,,,
0.006661,0.000006,0.000101,0.000025,0.000327,0.000578,0.006079,0.016667,0.0,0.0,0.0,0.0,0.0,0.000006,0.000025,0.000003,0.000043,0.000029,0.0,0.000001,0.000011,0.000014,,,,,0.000021,,,0.000049,0.000044,,0.000035,0.000026,0.00001,,,,0.000017,,,,,,,,,,,,,,,0.000031,,,,,,0.0,,,,,,,,,,,,,,,,,,,,,0.00002,,,0.000008,,,,,,,,,,,,,,,,,,0.000001,,,,0.000001,0.0,,0.000064,0.00002,0.000038,0.000012,0.000012,0.00001,0.000022,0.000007,0.000005,0.000003,0.000002,0.000002,,,,,,,,,,,,
0.016307,0.0,0.0,0.00011,0.000122,0.0,0.016305,0.016667,,,,,,,,,,,,,0.000081,0.000029,,,,,,,,0.000035,0.000016,,0.000017,0.00002,0.000007,,,,0.000008,,,,,,,,,,,,,,,0.000019,,,,,,0.0,,,,,,,,,,,,,,,,,,,,,0.000017,,,0.000005,,,,,,,,,,,,,,,,,,0.0,,,,0.000001,0.0,,,,,,,,,,,,,,,,,,,,,,,,,
0.004218,0.000002,0.000241,0.000005,0.00019,0.000319,0.003897,0.016667,0.0,0.0,0.0,0.0,0.0,0.000002,0.000013,0.000005,0.00017,0.000051,0.000001,0.000001,0.0,0.000005,,,,,0.000018,,,0.000027,0.000018,,0.000015,0.000017,0.000007,,,,0.000009,,,,,,,,,,,,,,,0.000019,,,,,,0.0,,,,,,,,,,,,,,,,,,,,,0.000016,,,0.000004,,,,,,,,,,,,,,,,,,0.0,,,,0.0,0.0,,0.000023,0.000022,0.000011,0.000013,0.000011,0.00001,0.00001,0.000007,0.000005,0.000003,0.000002,0.000002,,,,,,,,,,,,
0.000755,0.0,0.0,0.000001,0.000083,0.0,0.000753,0.016667,,,,,,,,,,,,,0.0,0.000001,,,,,,,,0.000018,0.000013,,0.00001,0.000011,0.000006,,,,0.000007,,,,,,,,,,,,,,,0.000015,,,,,,0.0,,,,,,,,,,,,,,,,,,,,,0.000012,,,0.000003,,,,,,,,,,,,,,,,,,0.0,,,,0.000001,0.0,,,,,,,,,,,,,,,,,,,,,,,,,
0.012874,0.0,0.0,0.000019,0.000073,0.0,0.012872,0.016667,,,,,,,,,,,,,0.000002,0.000017,,,,,,,,0.000015,0.000011,,0.000008,0.000009,0.000006,,,,0.000006,,,,,,,,,,,,,,,0.000012,,,,,,0.0,,,,,,,,,,,,,,,,,,,,,0.000014,,,0.000002,,,,,,,,,,,,,,,,,,0.0,,,,0.000001,0.0,,,,,,,,,,,,,,,,,,,,,,,,,
0.018977,0.000006,0.000141,0.000122,0.000207,0.000422,0.018553,0.016667,0.0,0.0,0.0,0.0,0.0,0.000006,0.000006,0.000035,0.000079,0.000019,0.0,0.000002,0.000089,0.000033,,,,,0.000021,,,0.000027,0.000017,,0.000014,0.000016,0.000006,,,,0.000009,,,,,,,,,,,,,,,0.000017,,,,,,0.0,,,,,,,,,,,,,,,,,,,,,0.000016,,,0.000004,,,,,,,,,,,,,,,,,,0.0,,,,0.0,0.0,,0.000032,0.000026,0.000015,0.000016,0.000018,0.000013,0.000015,0.000011,0.000007,0.000005,0.000002,0.000002,,,,,,,,,,,,
0.00148,0.000003,0.000106,0.00002,0.000238,0.000319,0.001159,0.016667,0.0,0.0,0.0,0.0,0.0,0.000003,0.000011,0.000002,0.000044,0.000027,0.000001,0.000021,0.000012,0.000008,,,,,0.000019,,,0.00003,0.000018,,0.000033,0.000018,0.000009,,,,0.000012,,,,,,,,,,,,,,,0.00002,,,,,,0.0,,,,,,,,,,,,,,,,,,,,,0.000017,,,0.000005,,,,,,,,,,,,,,,,,,0.000001,,,,0.0,0.0,,0.000031,0.000026,0.000014,0.000016,0.000018,0.000013,0.000015,0.000011,0.000006,0.000005,0.000002,0.000001,0.000001,,,,,,,,,,,
0.000983,0.0,0.0,0.0,0.000086,0.0,0.000981,0.016667,,,,,,,,,,,,,0.0,0.0,,,,,,,,0.000022,0.000011,,0.000012,0.000012,0.000005,,,,0.000007,,,,,,,,,,,,,,,0.000015,,,,,,0.0,,,,,,,,,,,,,,,,,,,,,0.000012,,,0.000003,,,,,,,,,,,,,,,,,,0.0,,,,0.0,0.0,,,,,,,,,,,,,,,,,,,,,,,,,
0.005901,0.000005,0.000101,0.000006,0.000208,0.000457,0.005442,0.016667,0.0,0.0,0.0,0.0,0.0,0.000005,0.00001,0.000002,0.000042,0.00003,0.0,0.000017,0.0,0.000006,,,,,0.000038,,,0.000017,0.000011,,0.000009,0.00001,0.000005,,,,0.000007,,,,,,,,,,,,,,,0.000013,,,,,,0.0,,,,,,,,,,,,,,,,,,,,,0.00001,,,0.000002,,,,,,,,,,,,,,,,,,0.0,,,,0.0,0.0,,0.000024,0.000041,0.00001,0.000024,0.00003,0.000024,0.000012,0.000022,0.000011,0.000005,0.000003,0.000003,,,,,,,,,,,,
0.006931,0.0,0.0,0.000101,0.000112,0.0,0.006929,0.016667,,,,,,,,,,,,,0.000085,0.000016,,,,,,,,0.000029,0.000017,,0.000014,0.000016,0.000007,,,,0.00001,,,,,,,,,,,,,,,0.000019,,,,,,0.000001,,,,,,,,,,,,,,,,,,,,,0.000016,,,0.000003,,,,,,,,,,,,,,,,,,0.0,,,,0.0,0.0,,,,,,,,,,,,,,,,,,,,,,,,,
0.014181,0.000004,0.000118,0.00004,0.000294,0.000439,0.013739,0.016667,0.0,0.0,0.0,0.0,0.0,0.000004,0.000008,0.000002,0.00007,0.000024,0.0,0.000014,0.000017,0.000023,,,,,0.000035,,,0.000029,0.000025,,0.000017,0.000017,0.000012,,,,0.000013,,,,,,,,,,,,,,,0.000031,,,,,,0.0,,,,,,,,,,,,,,,,,,,,,0.000019,,,0.000007,,,,,,,,,,,,,,,,,,0.000001,,,,0.0,0.000001,,0.000039,0.000035,0.000017,0.000021,0.00003,0.000016,0.000019,0.000021,0.00001,0.000006,0.000002,0.000003,,,,,,,,,,,,
0.004055,0.0,0.0,0.000131,0.000119,0.0,0.004053,0.016667,,,,,,,,,,,,,0.000108,0.000023,,,,,,,,0.000031,0.000019,,0.000014,0.000017,0.000007,,,,0.000009,,,,,,,,,,,,,,,0.000019,,,,,,0.0,,,,,,,,,,,,,,,,,,,,,0.000017,,,0.000004,,,,,,,,,,,,,,,,,,0.000001,,,,0.000001,0.000001,,,,,,,,,,,,,,,,,,,,,,,,,
0.002221,0.000003,0.000106,0.000005,0.000188,0.00035,0.001867,0.016667,0.0,0.0,0.0,0.0,0.0,0.000003,0.000016,0.000005,0.000056,0.000019,0.000001,0.000009,0.0,0.000005,,,,,0.000023,,,0.000021,0.000012,,0.000011,0.000013,0.000005,,,,0.000007,,,,,,,,,,,,,,,0.000011,,,,,,0.0,,,,,,,,,,,,,,,,,,,,,0.00001,,,0.000003,,,,,,,,,,,,,,,,,,0.0,,,,0.0,0.0,,0.000029,0.000028,0.000012,0.000017,0.000026,0.000016,0.000015,0.000019,0.000007,0.000005,0.000003,0.000001,,,,,,,,,,,,
0.006905,0.0,0.0,0.000021,0.000068,0.0,0.006904,0.016667,,,,,,,,,,,,,0.000012,0.000009,,,,,,,,0.000015,0.00001,,0.000009,0.000009,0.000005,,,,0.000006,,,,,,,,,,,,,,,0.000011,,,,,,0.0,,,,,,,,,,,,,,,,,,,,,0.00001,,,0.000002,,,,,,,,,,,,,,,,,,0.0,,,,0.0,0.000001,,,,,,,,,,,,,,,,,,,,,,,,,
0.006933,0.0,0.0,0.000006,0.000117,0.0,0.006931,0.016667,,,,,,,,,,,,,0.0,0.000006,,,,,,,,0.00003,0.000017,,0.000014,0.000016,0.000007,,,,0.000008,,,,,,,,,,,,,,,0.000022,,,,,,0.0,,,,,,,,,,,,,,,,,,,,,0.000017,,,0.000004,,,,,,,,,,,,,,,,,,0.000001,,,,0.0,0.0,,,,,,,,,,,,,,,,,,,,,,,,,
0.016269,0.000003,0.000085,0.000099,0.000179,0.000407,0.015858,0.016667,0.0,0.0,0.0,0.0,0.0,0.000003,0.000009,0.000002,0.000045,0.000019,0.000001,0.000009,0.00007,0.000029,,,,,0.00002,,,0.000021,0.000015,,0.000011,0.000012,0.000005,,,,0.000007,,,,,,,,,,,,,,,0.000017,,,,,,0.0,,,,,,,,,,,,,,,,,,,,,0.000016,,,0.000004,,,,,,,,,,,,,,,,,,0.000001,,,,0.0,0.000001,,0.000021,0.000021,0.000008,0.000012,0.000018,0.000012,0.00001,0.000013,0.000006,0.000004,0.000003,0.000002,,,,,,,,,,,,
0.000604,0.0,0.0,0.0,0.000093,0.0,0.000602,0.016667,,,,,,,,,,,,,0.0,0.0,,,,,,,,0.000026,0.000014,,0.000012,0.000014,0.000004,,,,0.000007,,,,,,,,,,,,,,,0.000017,,,,,,0.0,,,,,,,,,,,,,,,,,,,,,0.000011,,,0.000004,,,,,,,,,,,,,,,,,,0.0,,,,0.0,0.000001,,,,,,,,,,,,,,,,,,,,,,,,,
0.003667,0.000003,0.0002,0.000008,0.00014,0.000301,0.003365,0.016667,0.0,0.0,0.0,0.0,0.0,0.000003,0.000009,0.000002,0.000092,0.000094,0.000001,0.000002,0.0,0.000008,,,,,0.000014,,,0.000017,0.000009,,0.000009,0.00001,0.000004,,,,0.000005,,,,,,,,,,,,,,,0.000012,,,,,,0.0,,,,,,,,,,,,,,,,,,,,,0.00001,,,0.000003,,,,,,,,,,,,,,,,,,0.0,,,,0.0,0.0,,0.00002,0.000018,0.000008,0.00001,0.000018,0.000009,0.000011,0.000013,0.000004,0.000003,0.000002,0.000001,,,,,,,,,,,,
0.006564,0.0,0.0,0.000064,0.000216,0.0,0.006559,0.016667,,,,,,,,,,,,,0.000053,0.000011,,,,,,,,0.000066,0.000032,,0.000028,0.000036,0.000007,,,,0.000016,,,,,,,,,,,,,,,0.000035,,,,,,0.0,,,,,,,,,,,,,,,,,,,,,0.000023,,,0.000011,,,,,,,,,,,,,,,,,,0.000001,,,,0.0,0.000001,,,,,,,,,,,,,,,,,,,,,,,,,
0.006791,0.0,0.0,0.000027,0.000108,0.0,0.006788,0.016667,,,,,,,,,,,,,0.000016,0.000011,,,,,,,,0.000027,0.000016,,0.000012,0.000015,0.000007,,,,0.000008,,,,,,,,,,,,,,,0.000018,,,,,,0.000001,,,,,,,,,,,,,,,,,,,,,0.000017,,,0.000004,,,,,,,,,,,,,,,,,,0.0,,,,0.000001,0.0,,,,,,,,,,,,,,,,,,,,,,,,,
0.014131,0.000003,0.000081,0.000106,0.000159,0.000296,0.013833,0.016667,0.0,0.0,0.0,0.0,0.0,0.000003,0.000006,0.000003,0.00004,0.00003,0.0,0.000002,0.000083,0.000023,,,,,0.000019,,,0.00002,0.000013,,0.000012,0.000011,0.000005,,,,0.000007,,,,,,,,,,,,,,,0.000012,,,,,,0.0,,,,,,,,,,,,,,,,,,,,,0.00001,,,0.000002,,,,,,,,,,,,,,,,,,0.0,,,,0.0,0.000001,,0.00002,0.000021,0.000009,0.000012,0.000019,0.00001,0.00001,0.000014,0.000006,0.000003,0.000001,0.000001,,,,,,,,,,,,
0.000847,0.0,0.0,0.000001,0.000118,0.0,0.000845,0.016667,,,,,,,,,,,,,0.0,0.000001,,,,,,,,0.000032,0.000017,,0.000014,0.000018,0.000007,,,,0.000008,,,,,,,,,,,,,,,0.00002,,,,,,0.0,,,,,,,,,,,,,,,,,,,,,0.000017,,,0.000004,,,,,,,,,,,,,,,,,,0.0,,,,0.000001,0.0,,,,,,,,,,,,,,,,,,,,,,,,,
0.006008,0.000002,0.000106,0.000023,0.000147,0.000242,0.005764,0.016667,0.0,0.0,0.0,0.0,0.0,0.000002,0.000007,0.000002,0.000074,0.000021,0.000001,0.000001,0.000011,0.000012,,,,,0.000015,,,0.000017,0.000009,,0.000012,0.00001,0.000004,,,,0.000006,,,,,,,,,,,,,,,0.000012,,,,,,0.0,,,,,,,,,,,,,,,,,,,,,0.000009,,,0.000003,,,,,,,,,,,,,,,,,,0.0,,,,0.0,0.0,,0.00002,0.000018,0.000008,0.000011,0.000018,0.000009,0.000011,0.000013,0.000005,0.000003,0.000002,0.000001,,,,,,,,,,,,
0.006358,0.0,0.0,0.000065,0.000086,0.0,0.006356,0.016667,,,,,,,,,,,,,0.000056,0.000009,,,,,,,,0.000024,0.000013,,0.000011,0.000013,0.000005,,,,0.000007,,,,,,,,,,,,,,,0.000014,,,,,,0.0,,,,,,,,,,,,,,,,,,,,,0.00001,,,0.000004,,,,,,,,,,,,,,,,,,0.0,,,,0.000001,0.0,,,,,,,,,,,,,,,,,,,,,,,,,
0.021062,0.000003,0.000085,0.000053,0.000213,0.000343,0.020717,0.016667,0.0,0.0,0.0,0.0,0.0,0.000003,0.000006,0.000002,0.000047,0.000027,0.000001,0.000002,0.000019,0.000034,,,,,0.000021,,,0.000026,0.000017,,0.000015,0.000015,0.000007,,,,0.000009,,,,,,,,,,,,,,,0.000017,,,,,,0.000001,,,,,,,,,,,,,,,,,,,,,0.000015,,,0.000003,,,,,,,,,,,,,,,,,,0.0,,,,0.0,0.000001,,0.000029,0.000024,0.000012,0.000015,0.000025,0.000013,0.000015,0.000018,0.000006,0.000005,0.000002,0.000002,,,,,,,,,,,,
0.000852,0.0,0.0,0.0,0.000116,0.0,0.00085,0.016667,,,,,,,,,,,,,0.0,0.0,,,,,,,,0.00003,0.000017,,0.000014,0.000016,0.000007,,,,0.000009,,,,,,,,,,,,,,,0.00002,,,,,,0.0,,,,,,,,,,,,,,,,,,,,,0.000018,,,0.000005,,,,,,,,,,,,,,,,,,0.0,,,,0.0,0.0,,,,,,,,,,,,,,,,,,,,,,,,,
0.000524,0.0,0.0,0.000001,0.000086,0.0,0.000523,0.016667,,,,,,,,,,,,,0.0,0.000001,,,,,,,,0.000022,0.000013,,0.000012,0.000012,0.000005,,,,0.000007,,,,,,,,,,,,,,,0.000013,,,,,,0.000001,,,,,,,,,,,,,,,,,,,,,0.000012,,,0.000003,,,,,,,,,,,,,,,,,,0.0,,,,0.0,0.0,,,,,,,,,,,,,,,,,,,,,,,,,
0.012174,0.000002,0.000117,0.000057,0.000161,0.000249,0.011924,0.016667,0.0,0.0,0.0,0.0,0.0,0.000002,0.000008,0.000003,0.000066,0.000036,0.0,0.000004,0.000028,0.000029,,,,,0.000013,,,0.000021,0.000016,,0.000011,0.000012,0.000006,,,,0.000007,,,,,,,,,,,,,,,0.000014,,,,,,0.000001,,,,,,,,,,,,,,,,,,,,,0.000015,,,0.000003,,,,,,,,,,,,,,,,,,0.000001,,,,0.000001,0.0,,0.00002,0.000015,0.000008,0.000009,0.000018,0.00001,0.000011,0.000014,0.000004,0.000003,0.000001,0.000001,,,,,,,,,,,,
0.015136,0.0,0.0,0.000098,0.000242,0.0,0.015132,0.016667,,,,,,,,,,,,,0.000076,0.000022,,,,,,,,0.00013,0.000027,,0.000025,0.00011,0.000008,,,,0.000012,,,,,,,,,,,,,,,0.000023,,,,,,0.000001,,,,,,,,,,,,,,,,,,,,,0.000016,,,0.000005,,,,,,,,,,,,,,,,,,0.0,,,,0.0,0.0,,,,,,,,,,,,,,,,,,,,,,,,,
0.004748,0.000002,0.000093,0.000002,0.000159,0.000287,0.004459,0.016667,0.0,0.0,0.0,0.0,0.0,0.000002,0.000006,0.000002,0.00006,0.000023,0.000001,0.000001,0.0,0.000002,,,,,0.000018,,,0.000022,0.000013,,0.000012,0.000013,0.000004,,,,0.000007,,,,,,,,,,,,,,,0.000013,,,,,,0.0,,,,,,,,,,,,,,,,,,,,,0.00001,,,0.000003,,,,,,,,,,,,,,,,,,0.0,,,,0.0,0.0,,0.00002,0.00002,0.000009,0.000012,0.000019,0.00001,0.000011,0.000014,0.000006,0.000003,0.000001,0.000001,,,,,,,,,,,,
0.000663,0.0,0.0,0.0,0.000101,0.0,0.000661,0.016667,,,,,,,,,,,,,0.0,0.0,,,,,,,,0.000022,0.000015,,0.000011,0.000013,0.000007,,,,0.000007,,,,,,,,,,,,,,,0.000017,,,,,,0.0,,,,,,,,,,,,,,,,,,,,,0.000018,,,0.000003,,,,,,,,,,,,,,,,,,0.000001,,,,0.000001,0.0,,,,,,,,,,,,,,,,,,,,,,,,,
0.006531,0.0,0.0,0.00007,0.000071,0.0,0.00653,0.016667,,,,,,,,,,,,,0.000051,0.000019,,,,,,,,0.000014,0.000011,,0.000008,0.000009,0.000005,,,,0.000005,,,,,,,,,,,,,,,0.000012,,,,,,0.0,,,,,,,,,,,,,,,,,,,,,0.000012,,,0.000004,,,,,,,,,,,,,,,,,,0.0,,,,0.000001,0.0,,,,,,,,,,,,,,,,,,,,,,,,,
0.00697,0.000003,0.000114,0.000005,0.000188,0.000304,0.006664,0.016667,0.0,0.0,0.0,0.0,0.0,0.000003,0.000006,0.000002,0.000061,0.000034,0.000001,0.00001,0.0,0.000005,,,,,0.000017,,,0.000027,0.000016,,0.000016,0.000016,0.000006,,,,0.000008,,,,,,,,,,,,,,,0.000018,,,,,,0.0,,,,,,,,,,,,,,,,,,,,,0.000016,,,0.000003,,,,,,,,,,,,,,,,,,0.0,,,,0.0,0.0,,0.000019,0.000024,0.000008,0.000015,0.000018,0.00001,0.000009,0.000014,0.000005,0.000003,0.000002,0.000002,,,,,,,,,,,,
0.014139,0.0,0.0,0.000136,0.000113,0.0,0.014137,0.016667,,,,,,,,,,,,,0.000115,0.000021,,,,,,,,0.000029,0.000016,,0.000014,0.000016,0.000006,,,,0.000008,,,,,,,,,,,,,,,0.00002,,,,,,0.0,,,,,,,,,,,,,,,,,,,,,0.000017,,,0.000004,,,,,,,,,,,,,,,,,,0.0,,,,0.0,0.000001,,,,,,,,,,,,,,,,,,,,,,,,,
0.003645,0.000002,0.000114,0.000004,0.000198,0.000325,0.003318,0.016667,0.0,0.0,0.0,0.0,0.0,0.000002,0.000005,0.000002,0.000065,0.000039,0.000001,0.000002,0.0,0.000004,,,,,0.000021,,,0.000024,0.000016,,0.000015,0.000014,0.000005,,,,0.000009,,,,,,,,,,,,,,,0.000014,,,,,,0.0,,,,,,,,,,,,,,,,,,,,,0.00001,,,0.000003,,,,,,,,,,,,,,,,,,0.0,,,,0.000001,0.000001,,0.000025,0.000027,0.00001,0.000016,0.000025,0.000015,0.000013,0.000018,0.000008,0.000005,0.000003,0.000002,,,,,,,,,,,,
0.002803,0.0,0.0,0.000064,0.000064,0.0,0.002802,0.016667,,,,,,,,,,,,,0.000058,0.000006,,,,,,,,0.000014,0.000007,,0.000009,0.000008,0.000004,,,,0.000006,,,,,,,,,,,,,,,0.000013,,,,,,0.0,,,,,,,,,,,,,,,,,,,,,0.000009,,,0.000003,,,,,,,,,,,,,,,,,,0.0,,,,0.0,0.0,,,,,,,,,,,,,,,,,,,,,,,,,
0.007069,0.000002,0.000097,0.000015,0.000207,0.000401,0.006667,0.016667,0.0,0.0,0.0,0.0,0.0,0.000002,0.000008,0.000003,0.000054,0.00003,0.0,0.000002,0.0,0.000015,,,,,0.000015,,,0.000026,0.000016,,0.00002,0.000015,0.000007,,,,0.000009,,,,,,,,,,,,,,,0.000021,,,,,,0.0,,,,,,,,,,,,,,,,,,,,,0.000015,,,0.000005,,,,,,,,,,,,,,,,,,0.0,,,,0.000001,0.000001,,0.000026,0.000021,0.000012,0.000012,0.000025,0.000012,0.000014,0.000019,0.000005,0.000005,0.000002,0.000002,,,,,,,,,,,,
0.006955,0.0,0.0,0.000029,0.000166,0.0,0.006953,0.016667,,,,,,,,,,,,,0.000016,0.000013,,,,,,,,0.000027,0.000016,,0.000013,0.000015,0.000006,,,,0.000007,,,,,,,,,,,,,,,0.000018,,,,,,0.0,,,,,,,,,,,,,,,,,,,,,0.000017,,,0.000004,,,,,,,,,,,,,,,,,,0.000001,,,,0.00006,0.0,,,,,,,,,,,,,,,,,,,,,,,,,
0.013834,0.0,0.0,0.000173,0.000111,0.0,0.013833,0.016667,,,,,,,,,,,,,0.000153,0.00002,,,,,,,,0.00003,0.000017,,0.000014,0.000017,0.000006,,,,0.000009,,,,,,,,,,,,,,,0.000018,,,,,,0.0,,,,,,,,,,,,,,,,,,,,,0.000014,,,0.000005,,,,,,,,,,,,,,,,,,0.0,,,,0.0,0.0,,,,,,,,,,,,,,,,,,,,,,,,,
0.002812,0.000003,0.000109,0.000017,0.000153,0.000272,0.002537,0.016667,0.0,0.0,0.0,0.0,0.0,0.000003,0.00002,0.000004,0.000055,0.000021,0.000001,0.000008,0.000011,0.000006,,,,,0.000017,,,0.000021,0.000012,,0.000011,0.000012,0.000005,,,,0.000006,,,,,,,,,,,,,,,0.000013,,,,,,0.0,,,,,,,,,,,,,,,,,,,,,0.00001,,,0.000002,,,,,,,,,,,,,,,,,,0.0,,,,0.0,0.0,,0.000019,0.00002,0.000008,0.000012,0.000019,0.000011,0.00001,0.000014,0.000005,0.000003,0.000002,0.000001,,,,,,,,,,,,
0.003605,0.0,0.0,0.000004,0.000099,0.0,0.003603,0.016667,,,,,,,,,,,,,0.0,0.000004,,,,,,,,0.000022,0.000015,,0.000013,0.000013,0.000007,,,,0.000008,,,,,,,,,,,,,,,0.000018,,,,,,0.0,,,,,,,,,,,,,,,,,,,,,0.000015,,,0.000004,,,,,,,,,,,,,,,,,,0.0,,,,0.0,0.0,,,,,,,,,,,,,,,,,,,,,,,,,
0.006872,0.000002,0.000088,0.000048,0.000153,0.000321,0.006549,0.016667,0.0,0.0,0.0,0.0,0.0,0.000002,0.000007,0.000002,0.000045,0.000027,0.0,0.000007,0.000032,0.000016,,,,,0.000016,,,0.000021,0.000013,,0.000012,0.000013,0.000004,,,,0.000007,,,,,,,,,,,,,,,0.000014,,,,,,0.0,,,,,,,,,,,,,,,,,,,,,0.00001,,,0.000003,,,,,,,,,,,,,,,,,,0.0,,,,0.0,0.0,,0.000019,0.000018,0.000007,0.00001,0.000019,0.000009,0.00001,0.000014,0.000005,0.000003,0.000001,0.000001,,,,,,,,,,,,
0.007177,0.0,0.0,0.000007,0.000082,0.0,0.007176,0.016667,,,,,,,,,,,,,0.0,0.000007,,,,,,,,0.000022,0.000012,,0.00001,0.000012,0.000004,,,,0.000007,,,,,,,,,,,,,,,0.000015,,,,,,0.000001,,,,,,,,,,,,,,,,,,,,,0.000011,,,0.000003,,,,,,,,,,,,,,,,,,0.0,,,,0.0,0.0,,,,,,,,,,,,,,,,,,,,,,,,,
0.0141,0.0,0.0,0.000095,0.000102,0.0,0.014098,0.016667,,,,,,,,,,,,,0.000069,0.000026,,,,,,,,0.000028,0.000014,,0.000012,0.000015,0.000006,,,,0.000008,,,,,,,,,,,,,,,0.000018,,,,,,0.000001,,,,,,,,,,,,,,,,,,,,,0.000012,,,0.000005,,,,,,,,,,,,,,,,,,0.000001,,,,0.0,0.0,,,,,,,,,,,,,,,,,,,,,,,,,
0.001444,0.000005,0.000114,0.000003,0.000237,0.000427,0.001014,0.016667,0.0,0.0,0.0,0.0,0.0,0.000005,0.000007,0.000003,0.000043,0.00005,0.000001,0.00001,0.0,0.000003,,,,,0.000024,,,0.000028,0.000018,,0.000016,0.000017,0.000007,,,,0.00001,,,,,,,,,,,,,,,0.00002,,,,,,0.0,,,,,,,,,,,,,,,,,,,,,0.000016,,,0.000004,,,,,,,,,,,,,,,,,,0.000001,,,,0.0,0.0,,0.00003,0.000033,0.000012,0.00002,0.000031,0.000014,0.000016,0.000024,0.000007,0.000005,0.000002,0.000001,,,,,,,,,,,,
0.004674,0.0,0.0,0.000097,0.0002,0.0,0.004671,0.016667,,,,,,,,,,,,,0.000086,0.000011,,,,,,,,0.000056,0.000028,,0.000027,0.000031,0.000009,,,,0.000018,,,,,,,,,,,,,,,0.000034,,,,,,0.0,,,,,,,,,,,,,,,,,,,,,0.000021,,,0.000012,,,,,,,,,,,,,,,,,,0.000001,,,,0.000001,0.0,,,,,,,,,,,,,,,,,,,,,,,,,
0.006864,0.000003,0.000124,0.000007,0.000244,0.00041,0.006452,0.016667,0.0,0.0,0.0,0.0,0.0,0.000003,0.000011,0.000003,0.000054,0.000047,0.000001,0.000008,0.0,0.000007,,,,,0.000021,,,0.000027,0.000018,,0.000016,0.000016,0.000009,,,,0.000011,,,,,,,,,,,,,,,0.000021,,,,,,0.0,,,,,,,,,,,,,,,,,,,,,0.000021,,,0.000004,,,,,,,,,,,,,,,,,,0.0,,,,0.0,0.0,,0.000036,0.000027,0.000014,0.000016,0.000035,0.000014,0.000019,0.000026,0.000008,0.000006,0.000003,0.000002,,,,,,,,,,,,
0.015786,0.0,0.0,0.000042,0.0001,0.0,0.015784,0.016667,,,,,,,,,,,,,0.000017,0.000025,,,,,,,,0.000023,0.000015,,0.000012,0.000014,0.000006,,,,0.000008,,,,,,,,,,,,,,,0.000017,,,,,,0.0,,,,,,,,,,,,,,,,,,,,,0.000016,,,0.000004,,,,,,,,,,,,,,,,,,0.000001,,,,0.0,0.0,,,,,,,,,,,,,,,,,,,,,,,,,
0.005032,0.000003,0.000141,0.000005,0.000217,0.000342,0.004687,0.016667,0.0,0.0,0.0,0.0,0.0,0.000003,0.000014,0.000002,0.000064,0.000054,0.0,0.000007,0.0,0.000005,,,,,0.000021,,,0.000026,0.000018,,0.000014,0.000016,0.000007,,,,0.000009,,,,,,,,,,,,,,,0.000018,,,,,,0.0,,,,,,,,,,,,,,,,,,,,,0.000016,,,0.000004,,,,,,,,,,,,,,,,,,0.000001,,,,0.0,0.0,,0.000029,0.000026,0.000012,0.000015,0.000026,0.000013,0.000014,0.00002,0.000007,0.000005,0.000002,0.000002,,,,,,,,,,,,
0.000599,0.0,0.0,0.000061,0.000087,0.0,0.000597,0.016667,,,,,,,,,,,,,0.000053,0.000008,,,,,,,,0.000019,0.000011,,0.000011,0.000013,0.000005,,,,0.000007,,,,0.000004,,,,,,,0.000002,,,,0.000014,,,,,,0.0,,,,,,,,,,,,,,,,,,,,,0.000011,,,0.000004,,,,,,,,,,,,,,,,,,0.0,,,,0.0,0.000001,,,,,,,,,,,,,,,,,,,,,,,,,
0.005827,0.0,0.0,0.000005,0.000067,0.0,0.005826,0.016667,,,,,,,,,,,,,0.0,0.000005,,,,,,,,0.000017,0.000009,,0.000008,0.00001,0.000005,,,,0.000005,,,,,,,,,,,,,,,0.000012,,,,,,0.0,,,,,,,,,,,,,,,,,,,,,0.000009,,,0.000003,,,,,,,,,,,,,,,,,,0.0,,,,0.0,0.0,,,,,,,,,,,,,,,,,,,,,,,,,
0.007033,0.000003,0.000108,0.000026,0.000151,0.000253,0.006778,0.016667,0.0,0.0,0.0,0.0,0.0,0.000003,0.000013,0.000002,0.000053,0.000032,0.000001,0.000007,0.000014,0.000012,,,,,0.000016,,,0.000021,0.000012,,0.000011,0.000013,0.000004,,,,0.000006,,,,,,,,,,,,,,,0.000012,,,,,,0.0,,,,,,,,,,,,,,,,,,,,,0.000011,,,0.000002,,,,,,,,,,,,,,,,,,0.0,,,,0.0,0.000001,,0.00002,0.000018,0.000008,0.000011,0.000019,0.00001,0.000011,0.000014,0.000004,0.000003,0.000001,0.000001,,,,,,,,,,,,
0.014604,0.0,0.0,0.000079,0.00008,0.0,0.014602,0.016667,,,,,,,,,,,,,0.000059,0.00002,,,,,,,,0.000022,0.000012,,0.000011,0.000012,0.000005,,,,0.000006,,,,,,,,,,,,,,,0.000012,,,,,,0.0,,,,,,,,,,,,,,,,,,,,,0.00001,,,0.000004,,,,,,,,,,,,,,,,,,0.0,,,,0.000001,0.0,,,,,,,,,,,,,,,,,,,,,,,,,
0.004048,0.000005,0.000074,0.000024,0.000241,0.000431,0.003614,0.016667,0.0,0.0,0.0,0.0,0.0,0.000005,0.000008,0.000002,0.000052,0.00001,0.0,0.000002,0.000012,0.000012,,,,,0.00003,,,0.000027,0.000015,,0.000014,0.000016,0.000005,,,,0.000007,,,,,,,,,,,,,,,0.000013,,,,,,0.0,,,,,,,,,,,,,,,,,,,,,0.000013,,,0.000004,,,,,,,,,,,,,,,,,,0.0,,,,0.0,0.0,,0.00004,0.000035,0.000017,0.000021,0.000038,0.000018,0.000021,0.000028,0.00001,0.000007,0.000003,0.000002,,,,,,,,,,,,
0.001536,0.0,0.0,0.000003,0.000099,0.0,0.001534,0.016667,,,,,,,,,,,,,0.0,0.000003,,,,,,,,0.000024,0.000015,,0.000012,0.000014,0.000006,,,,0.000008,,,,,,,,,,,,,,,0.000017,,,,,,0.0,,,,,,,,,,,,,,,,,,,,,0.000016,,,0.000003,,,,,,,,,,,,,,,,,,0.000001,,,,0.0,0.0,,,,,,,,,,,,,,,,,,,,,,,,,
0.007171,0.0,0.0,0.000098,0.000046,0.0,0.00717,0.016667,,,,,,,,,,,,,0.000085,0.000013,,,,,,,,0.000011,0.000007,,0.000006,0.000006,0.000003,,,,0.000004,,,,,,,,,,,,,,,0.000007,,,,,,0.0,,,,,,,,,,,,,,,,,,,,,0.000009,,,0.000002,,,,,,,,,,,,,,,,,,0.0,,,,0.0,0.0,,,,,,,,,,,,,,,,,,,,,,,,,
0.007022,0.000003,0.000091,0.000005,0.000188,0.00026,0.006761,0.016667,0.0,0.0,0.0,0.0,0.0,0.000003,0.000014,0.000004,0.000045,0.000027,0.0,0.000001,0.0,0.000005,,,,,0.000017,,,0.000027,0.000017,,0.000018,0.000016,0.000007,,,,0.000009,,,,,,,,,,,,,,,0.000017,,,,,,0.0,,,,,,,,,,,,,,,,,,,,,0.000015,,,0.000004,,,,,,,,,,,,,,,,,,0.0,,,,0.0,0.000001,,0.00002,0.00002,0.000008,0.000012,0.000019,0.00001,0.00001,0.000014,0.000006,0.000003,0.000001,0.000001,,,,,,,,,,,,
0.014911,0.0,0.0,0.000071,0.000089,0.0,0.01491,0.016667,,,,,,,,,,,,,0.000038,0.000033,,,,,,,,0.000024,0.000013,,0.000011,0.000014,0.000005,,,,0.000006,,,,,,,,,,,,,,,0.000015,,,,,,0.0,,,,,,,,,,,,,,,,,,,,,0.000013,,,0.000004,,,,,,,,,,,,,,,,,,0.0,,,,0.0,0.0,,,,,,,,,,,,,,,,,,,,,,,,,
0.002772,0.000003,0.000085,0.000004,0.000162,0.000263,0.002506,0.016667,0.0,0.0,0.0,0.0,0.0,0.000003,0.000006,0.000001,0.000051,0.000021,0.000001,0.000005,0.0,0.000004,,,,,0.000015,,,0.000021,0.000012,,0.000011,0.000012,0.000004,,,,0.000007,,,,0.000006,,,,,,,0.000002,,,,0.000012,,,,,,0.0,,,,,0.000001,,,,,,,,,,,,,,,,0.000011,,,0.000003,,,,,,,,,,,,,,,,,,0.0,,,,0.0,0.000001,,0.00002,0.000019,0.000008,0.000012,0.000019,0.000009,0.00001,0.000015,0.000006,0.000003,0.000002,0.000001,,,,,,,,,,,,
0.002974,0.0,0.0,0.000009,0.000091,0.0,0.002971,0.016667,,,,,,,,,,,,,0.0,0.000009,,,,,,,,0.00002,0.000012,,0.000012,0.000012,0.000006,,,,0.000007,,,,,,,,,,,,,,,0.000015,,,,,,0.0,,,,,,,,,,,,,,,,,,,,,0.000016,,,0.000004,,,,,,,,,,,,,,,,,,0.000001,,,,0.0,0.0,,,,,,,,,,,,,,,,,,,,,,,,,
0.006385,0.000003,0.000092,0.000067,0.000184,0.000298,0.006084,0.016667,0.0,0.0,0.0,0.0,0.0,0.000003,0.000006,0.000002,0.000046,0.000035,0.000001,0.000002,0.000058,0.000009,,,,,0.00002,,,0.000022,0.000013,,0.000011,0.000012,0.000005,,,,0.000006,,,,,,,,,,,,,,,0.000011,,,,,,0.000001,,,,,,,,,,,,,,,,,,,,,0.000011,,,0.000003,,,,,,,,,,,,,,,,,,0.0,,,,0.0,0.000001,,0.000029,0.000024,0.000012,0.000015,0.000028,0.000012,0.000014,0.000021,0.000007,0.000004,0.000003,0.000002,,,,,,,,,,,,
0.007027,0.0,0.0,0.000027,0.000097,0.0,0.007025,0.016667,,,,,,,,,,,,,0.000016,0.000011,,,,,,,,0.000022,0.000018,,0.000011,0.000013,0.000006,,,,0.000007,,,,,,,,,,,,,,,0.000016,,,,,,0.0,,,,,,,,,,,,,,,,,,,,,0.000015,,,0.000004,,,,,,,,,,,,,,,,,,0.0,,,,0.0,0.000001,,,,,,,,,,,,,,,,,,,,,,,,,
0.016043,0.0,0.0,0.000071,0.000099,0.0,0.016041,0.016667,,,,,,,,,,,,,0.000055,0.000016,,,,,,,,0.000029,0.000015,,0.000012,0.000016,0.000006,,,,0.000008,,,,,,,,,,,,,,,0.000015,,,,,,0.0,,,,,,,,,,,,,,,,,,,,,0.000012,,,0.000006,,,,,,,,,,,,,,,,,,0.0,,,,0.0,0.0,,,,,,,,,,,,,,,,,,,,,,,,,
0.001087,0.000003,0.00007,0.000001,0.000201,0.000261,0.000824,0.016667,0.0,0.0,0.0,0.0,0.0,0.000003,0.000009,0.000002,0.000036,0.000021,0.000001,0.000001,0.0,0.000001,,,,,0.000017,,,0.000028,0.000015,,0.000027,0.000016,0.000007,,,,0.000008,,,,,,,,,,,,,,,0.000018,,,,,,0.000001,,,,,,,,,,,,,,,,,,,,,0.000015,,,0.000004,,,,,,,,,,,,,,,,,,0.000001,,,,0.000001,0.0,,0.00002,0.00002,0.000008,0.000011,0.000019,0.000009,0.00001,0.000015,0.000006,0.000003,0.000002,0.000001,,,,,,,,,,,,
0.003593,0.0,0.0,0.000019,0.000095,0.0,0.003591,0.016667,,,,,,,,,,,,,0.00001,0.000009,,,,,,,,0.000021,0.000014,,0.000011,0.000012,0.000006,,,,0.000008,,,,,,,,,,,,,,,0.000016,,,,,,0.0,,,,,,,,,,,,,,,,,,,,,0.000016,,,0.000004,,,,,,,,,,,,,,,,,,0.000001,,,,0.0,0.0,,,,,,,,,,,,,,,,,,,,,,,,,
0.006535,0.000002,0.000094,0.000005,0.000161,0.000271,0.006262,0.016667,0.0,0.0,0.0,0.0,0.0,0.000002,0.000006,0.000002,0.000047,0.000033,0.000001,0.000005,0.0,0.000005,,,,,0.000017,,,0.000022,0.000013,,0.000011,0.000013,0.000005,,,,0.000007,,,,,,,,,,,,,,,0.000012,,,,,,0.0,,,,,,,,,,,,,,,,,,,,,0.000009,,,0.000003,,,,,,,,,,,,,,,,,,0.0,,,,0.000001,0.0,,0.00002,0.000019,0.000009,0.000012,0.000018,0.00001,0.000011,0.000014,0.000006,0.000003,0.000002,0.000001,,,,,,,,,,,,
0.007238,0.0,0.0,0.000097,0.000085,0.0,0.007236,0.016667,,,,,,,,,,,,,0.000083,0.000014,,,,,,,,0.000023,0.000012,,0.000011,0.000013,0.000005,,,,0.000007,,,,,,,,,,,,,,,0.000014,,,,,,0.000001,,,,,,,,,,,,,,,,,,,,,0.00001,,,0.000004,,,,,,,,,,,,,,,,,,0.0,,,,0.0,0.0,,,,,,,,,,,,,,,,,,,,,,,,,
0.013672,0.0,0.0,0.000043,0.000161,0.0,0.01367,0.016667,,,,,,,,,,,,,0.000025,0.000018,,,,,,,,0.000026,0.000015,,0.000012,0.000014,0.000005,,,,0.000007,,,,,,,,,,,,,,,0.000015,,,,,,0.0,,,,,,,,,,,,,,,,,,,,,0.000079,,,0.000004,,,,,,,,,,,,,,,,,,0.0,,,,0.0,0.000001,,,,,,,,,,,,,,,,,,,,,,,,,
0.001348,0.000003,0.000092,0.00009,0.000163,0.000264,0.001082,0.016667,0.0,0.0,0.0,0.0,0.0,0.000003,0.000007,0.000001,0.000066,0.000017,0.0,0.000001,0.000081,0.000009,,,,,0.000019,,,0.000022,0.000013,,0.000013,0.000013,0.000005,,,,0.000007,,,,,,,,,,,,,,,0.000013,,,,,,0.0,,,,,,,,,,,,,,,,,,,,,0.000011,,,0.000003,,,,,,,,,,,,,,,,,,0.0,,,,0.0,0.0,,0.00002,0.00002,0.000008,0.000012,0.000018,0.000011,0.000011,0.000013,0.000005,0.000003,0.000002,0.000001,,,,,,,,,,,,
0.005192,0.0,0.0,0.000003,0.000088,0.0,0.00519,0.016667,,,,,,,,,,,,,0.0,0.000003,,,,,,,,0.00002,0.000013,,0.000011,0.000013,0.000006,,,,0.000007,,,,,,,,,,,,,,,0.000015,,,,,,0.0,,,,,,,,,,,,,,,,,,,,,0.000014,,,0.000003,,,,,,,,,,,,,,,,,,0.0,,,,0.000001,0.0,,,,,,,,,,,,,,,,,,,,,,,,,
0.006923,0.000002,0.000082,0.00005,0.000151,0.000216,0.006707,0.016667,0.0,0.0,0.0,0.0,0.0,0.000002,0.000006,0.000002,0.000045,0.000028,0.0,0.000001,0.000029,0.000021,,,,,0.00001,,,0.000023,0.000016,,0.000011,0.000014,0.000006,,,,0.000007,,,,,,,,,,,,,,,0.000013,,,,,,0.0,,,,,,,,,,,,,,,,,,,,,0.000015,,,0.000003,,,,,,,,,,,,,,,,,,0.000001,,,,0.0,0.0,,0.000018,0.000013,0.000007,0.000008,0.000016,0.000009,0.000008,0.000012,0.000004,0.000003,0.000002,0.000001,,,,,,,,,,,,
0.020255,0.0,0.0,0.000083,0.000118,0.0,0.020252,0.016667,,,,,,,,,,,,,0.000058,0.000025,,,,,,,,0.00003,0.000017,,0.000014,0.000017,0.000007,,,,0.000009,,,,,,,,,,,,,,,0.000019,,,,,,0.0,,,,,,,,,,,,,,,,,,,,,0.000018,,,0.000005,,,,,,,,,,,,,,,,,,0.000001,,,,0.0,0.000001,,,,,,,,,,,,,,,,,,,,,,,,,
0.001175,0.000002,0.000086,0.0,0.000233,0.00033,0.000843,0.016667,0.0,0.0,0.0,0.0,0.0,0.000002,0.000005,0.000001,0.000045,0.000029,0.0,0.000006,0.0,0.0,,,,,0.000022,,,0.000034,0.000023,,0.00002,0.000022,0.000009,,,,0.000011,,,,,,,,,,,,,,,0.000021,,,,,,0.000001,,,,,,,,,,,,,,,,,,,,,0.000018,,,0.000004,,,,,,,,,,,,,,,,,,0.0,,,,0.000001,0.000001,,0.000022,0.000024,0.000009,0.000013,0.000021,0.000015,0.000011,0.000015,0.000007,0.000004,0.000002,0.000003,,,,,,,,,,,,
0.000383,0.0,0.0,0.0,0.00005,0.0,0.000382,0.016667,,,,,,,,,,,,,0.0,0.0,,,,,,,,0.000013,0.000008,,0.000007,0.000007,0.000004,,,,0.000004,,,,,,,,,,,,,,,0.000007,,,,,,0.0,,,,,,,,,,,,,,,,,,,,,0.000007,,,0.000002,,,,,,,,,,,,,,,,,,0.0,,,,0.0,0.0,,,,,,,,,,,,,,,,,,,,,,,,,
0.012331,0.0,0.0,0.000034,0.000039,0.0,0.01233,0.016667,,,,,,,,,,,,,0.000017,0.000017,,,,,,,,0.000007,0.000006,,0.000004,0.000005,0.000003,,,,0.000003,,,,,,,,,,,,,,,0.000007,,,,,,0.000001,,,,,,,,,,,,,,,,,,,,,0.000007,,,0.000001,,,,,,,,,,,,,,,,,,0.0,,,,0.0,0.0,,,,,,,,,,,,,,,,,,,,,,,,,
0.015434,0.000002,0.000115,0.000126,0.000177,0.000259,0.015172,0.016667,0.0,0.0,0.0,0.0,0.0,0.000002,0.00001,0.000003,0.000059,0.00004,0.000001,0.000002,0.000097,0.000029,,,,,0.000018,,,0.000024,0.000013,,0.000011,0.000014,0.000005,,,,0.000007,,,,,,,,,,,,,,,0.000013,,,,,,0.0,,,,,,,,,,,,,,,,,,,,,0.000012,,,0.000003,,,,,,,,,,,,,,,,,,0.0,,,,0.0,0.000001,,0.00002,0.000035,0.000008,0.00002,0.000016,0.00001,0.00001,0.000012,0.000011,0.000003,0.000002,0.000002,,,,,,,,,,,,
0.004144,0.000003,0.00007,0.000003,0.000166,0.000313,0.003828,0.016667,0.0,0.0,0.0,0.0,0.0,0.000003,0.000006,0.000002,0.000043,0.000016,0.000001,0.000002,0.0,0.000003,,,,,0.000018,,,0.000022,0.000013,,0.000011,0.000013,0.000005,,,,0.000007,,,,,,,,,,,,,,,0.000011,,,,,,0.0,,,,,,,,,,,,,,,,,,,,,0.000011,,,0.000003,,,,,,,,,,,,,,,,,,0.0,,,,0.0,0.0,,0.000029,0.000021,0.000012,0.000012,0.000016,0.00001,0.000015,0.000011,0.000006,0.000004,0.000001,0.000001,,,,,,,,,,,,
0.001225,0.0,0.0,0.000001,0.000089,0.0,0.001224,0.016667,,,,,,,,,,,,,0.0,0.000001,,,,,,,,0.000019,0.000013,,0.000011,0.000011,0.000007,,,,0.000008,,,,,,,,,,,,,,,0.000013,,,,,,0.0,,,,,,,,,,,,,,,,,,,,,0.000017,,,0.000002,,,,,,,,,,,,,,,,,,0.0,,,,0.0,0.000001,,,,,,,,,,,,,,,,,,,,,,,,,
0.006761,0.000002,0.000111,0.000029,0.000164,0.000211,0.006548,0.016667,0.0,0.0,0.0,0.0,0.0,0.000002,0.000008,0.000002,0.000066,0.000033,0.000001,0.000001,0.000012,0.000017,,,,,0.000012,,,0.000026,0.000014,,0.000013,0.000016,0.000007,,,,0.000009,,,,,,,,,,,,,,,0.000016,,,,,,0.0,,,,,,,,,,,,,,,,,,,,,0.000015,,,0.000004,,,,,,,,,,,,,,,,,,0.000001,,,,0.0,0.0,,0.000018,0.000014,0.000008,0.000008,0.000013,0.000009,0.00001,0.000008,0.000004,0.000003,0.000001,0.000001,,,,,,,,,,,,
0.007127,0.0,0.0,0.00009,0.000119,0.0,0.007124,0.016667,,,,,,,,,,,,,0.000079,0.000011,,,,,,,,0.000033,0.000018,,0.000015,0.000019,0.000007,,,,0.000009,,,,,,,,,,,,,,,0.000019,,,,,,0.0,,,,,,,,,,,,,,,,,,,,,0.000017,,,0.000004,,,,,,,,,,,,,,,,,,0.0,,,,0.000001,0.0,,,,,,,,,,,,,,,,,,,,,,,,,
0.019413,0.000002,0.000084,0.00011,0.000175,0.00032,0.019091,0.016667,0.0,0.0,0.0,0.0,0.0,0.000002,0.000005,0.000002,0.000047,0.000022,0.000001,0.000007,0.000072,0.000038,,,,,0.00002,,,0.000023,0.000013,,0.000011,0.000013,0.000005,,,,0.000007,,,,,,,,,,,,,,,0.000012,,,,,,0.000001,,,,,,,,,,,,,,,,,,,,,0.00001,,,0.000003,,,,,,,,,,,,,,,,,,0.0,,,,0.000001,0.0,,0.000028,0.000025,0.000013,0.000014,0.000017,0.000013,0.000015,0.00001,0.000006,0.000005,0.000002,0.000002,,,,,,,,,,,,
0.001027,0.0,0.0,0.000003,0.000146,0.0,0.001024,0.016667,,,,,,,,,,,,,0.0,0.000003,,,,,,,,0.000036,0.000021,,0.000018,0.000022,0.000009,,,,0.000012,,,,,,,,,,,,,,,0.000025,,,,,,0.0,,,,,,,,,,,,,,,,,,,,,0.00002,,,0.000006,,,,,,,,,,,,,,,,,,0.000001,,,,0.0,0.000001,,,,,,,,,,,,,,,,,,,,,,,,,
0.000846,0.000002,0.000093,0.0,0.000153,0.000238,0.000606,0.016667,0.0,0.0,0.0,0.0,0.0,0.000002,0.000009,0.000002,0.00005,0.00003,0.0,0.000002,0.0,0.0,,,,,0.000017,,,0.000023,0.000013,,0.000012,0.000014,0.000004,,,,0.000006,,,,,,,,,,,,,,,0.000014,,,,,,0.0,,,,,,,,,,,,,,,,,,,,,0.000011,,,0.000003,,,,,,,,,,,,,,,,,,0.0,,,,0.0,0.0,,0.00002,0.000019,0.000008,0.000011,0.000011,0.00001,0.00001,0.000007,0.000005,0.000003,0.000002,0.000002,,,,,,,,,,,,
0.006132,0.0,0.0,0.000029,0.000074,0.0,0.00613,0.016667,,,,,,,,,,,,,0.000014,0.000015,,,,,,,,0.000018,0.000011,,0.00001,0.000011,0.000005,,,,0.000006,,,,,,,,,,,,,,,0.000012,,,,,,0.0,,,,,,,,,,,,,,,,,,,,,0.000011,,,0.000002,,,,,,,,,,,,,,,,,,0.0,,,,0.0,0.0,,,,,,,,,,,,,,,,,,,,,,,,,
0.006837,0.0,0.0,0.000009,0.000119,0.0,0.006834,0.016667,,,,,,,,,,,,,0.0,0.000009,,,,,,,,0.000031,0.000018,,0.000015,0.000017,0.000007,,,,0.000009,,,,,,,,,,,,,,,0.000019,,,,,,0.000001,,,,,,,,,,,,,,,,,,,,,0.000017,,,0.000004,,,,,,,,,,,,,,,,,,0.000001,,,,0.0,0.0,,,,,,,,,,,,,,,,,,,,,,,,,
0.010249,0.000006,0.000069,0.000162,0.000226,0.00038,0.009865,0.016667,0.0,0.0,0.0,0.0,0.0,0.000006,0.000007,0.000002,0.000044,0.000013,0.000001,0.000002,0.000122,0.00004,,,,,0.000029,,,0.00003,0.000019,,0.000015,0.000018,0.000006,,,,0.000009,,,,,,,,,,,,,,,0.000017,,,,,,0.0,,,,,,,,,,,,,,,,,,,,,0.000013,,,0.000005,,,,,,,,,,,,,,,,,,0.000001,,,,0.0,0.000001,,0.00003,0.000032,0.000012,0.000019,0.000017,0.000015,0.000016,0.00001,0.000009,0.000005,0.000002,0.000002,,,,,,,,,,,,
0.008759,0.0,0.0,0.000031,0.000098,0.0,0.008757,0.016667,,,,,,,,,,,,,0.000017,0.000014,,,,,,,,0.000027,0.000015,,0.000012,0.000015,0.000005,,,,0.000007,,,,,,,,,,,,,,,0.000015,,,,,,0.000001,,,,,,,,,,,,,,,,,,,,,0.000014,,,0.000004,,,,,,,,,,,,,,,,,,0.0,,,,0.0,0.0,,,,,,,,,,,,,,,,,,,,,,,,,
0.001358,0.000003,0.000134,0.000003,0.000213,0.000392,0.000963,0.016667,0.0,0.0,0.0,0.0,0.0,0.000003,0.000011,0.000003,0.000066,0.000031,0.0,0.000023,0.0,0.000003,,,,,0.000023,,,0.000029,0.000019,,0.000014,0.000017,0.000007,,,,0.000009,,,,,,,,,,,,,,,0.000015,,,,,,0.0,,,,,,,,,,,,,,,,,,,,,0.000017,,,0.000004,,,,,,,,,,,,,,,,,,0.0,,,,0.000001,0.0,,0.00003,0.000026,0.000012,0.000016,0.000017,0.000014,0.000016,0.00001,0.000007,0.000005,0.000003,0.000001,,,,,,,,,,,,
0.007117,0.0,0.0,0.000093,0.000068,0.0,0.007115,0.016667,,,,,,,,,,,,,0.000083,0.00001,,,,,,,,0.000015,0.000009,,0.000009,0.000009,0.000004,,,,0.000006,,,,,,,,,,,,,,,0.00001,,,,,,0.000001,,,,,,,,,,,,,,,,,,,,,0.000011,,,0.000002,,,,,,,,,,,,,,,,,,0.0,,,,0.000001,0.000001,,,,,,,,,,,,,,,,,,,,,,,,,
0.007482,0.0,0.0,0.000039,0.000115,0.0,0.007479,0.016667,,,,,,,,,,,,,0.000017,0.000022,,,,,,,,0.00003,0.000016,,0.000014,0.000017,0.000006,,,,0.000009,,,,,,,,,,,,,,,0.00002,,,,,,0.0,,,,,,,,,,,,,,,,,,,,,0.000017,,,0.000004,,,,,,,,,,,,,,,,,,0.0,,,,0.000001,0.0,,,,,,,,,,,,,,,,,,,,,,,,,
0.015434,0.000003,0.000131,0.000166,0.000175,0.000338,0.015093,0.016667,0.0,0.0,0.0,0.0,0.0,0.000003,0.000008,0.000003,0.000052,0.000046,0.000001,0.000021,0.000122,0.000044,,,,,0.000019,,,0.000027,0.000014,,0.000012,0.000016,0.000004,,,,0.000007,,,,,,,,,,,,,,,0.000015,,,,,,0.0,,,,,,,,,,,,,,,,,,,,,0.000012,,,0.000003,,,,,,,,,,,,,,,,,,0.0,,,,0.0,0.0,,0.000025,0.000021,0.00001,0.000012,0.000015,0.000011,0.000013,0.000008,0.000005,0.000004,0.000002,0.000002,,,,,,,,,,,,
0.000611,0.0,0.0,0.0,0.000091,0.0,0.000609,0.016667,,,,,,,,,,,,,0.0,0.0,,,,,,,,0.000028,0.000011,,0.000012,0.000015,0.000005,,,,0.000007,,,,,,,,,,,,,,,0.000014,,,,,,0.0,,,,,,,,,,,,,,,,,,,,,0.000012,,,0.000004,,,,,,,,,,,,,,,,,,0.0,,,,0.000001,0.0,,,,,,,,,,,,,,,,,,,,,,,,,
0.003801,0.000003,0.00011,0.000003,0.000145,0.000257,0.003543,0.016667,0.0,0.0,0.0,0.0,0.0,0.000003,0.00001,0.000012,0.000057,0.00003,0.0,0.000001,0.0,0.000003,,,,,0.000012,,,0.00002,0.000013,,0.000009,0.000013,0.000007,,,,0.000007,,,,,,,,,,,,,,,0.000014,,,,,,0.0,,,,,,,,,,,,,,,,,,,,,0.000014,,,0.000003,,,,,,,,,,,,,,,,,,0.0,,,,0.0,0.0,,0.000019,0.000015,0.000008,0.000009,0.000011,0.000009,0.00001,0.000006,0.000004,0.000003,0.000001,0.000001,,,,,,,,,,,,
0.006801,0.0,0.0,0.000018,0.000107,0.0,0.006799,0.016667,,,,,,,,,,,,,0.000004,0.000014,,,,,,,,0.000022,0.000015,,0.000013,0.000014,0.000006,,,,0.000007,,,,0.000005,,,,,,,0.000002,,,,0.00002,,,,,,0.0,,,,,,,,,,,,,,,,,,,,,0.000017,,,0.000003,,,,,,,,,,,,,,,,,,0.000001,,,,0.0,0.0,,,,,,,,,,,,,,,,,,,,,,,,,
0.00672,0.000003,0.000239,0.00002,0.000268,0.000558,0.00616,0.016667,0.0,0.0,0.0,0.0,0.0,0.000003,0.000016,0.000002,0.000058,0.00004,0.0,0.000123,0.0,0.00002,,,,,0.000013,,,0.000023,0.000016,,0.000014,0.000013,0.000007,,,,0.00001,,,,,,,,,,,,,,,0.000018,,,,,,0.0,,,,,,,,,,,,,,,,,,,,,0.000017,,,0.000004,,,,,,,,,,,,,,,,,,0.0,,,,0.0,0.0,,0.000025,0.00002,0.000007,0.000011,0.000018,0.000014,0.000015,0.000011,0.000006,0.000004,0.000003,0.000001,,,,,,0.000103,,,,,,
0.014237,0.0,0.0,0.000205,0.000105,0.0,0.014235,0.016667,,,,,,,,,,,,,0.000154,0.000051,,,,,,,,0.000029,0.000015,,0.000013,0.000015,0.000006,,,,0.000008,,,,,,,,,,,,,,,0.000018,,,,,,0.0,,,,,,,,,,,,,,,,,,,,,0.000013,,,0.000005,,,,,,,,,,,,,,,,,,0.000001,,,,0.000001,0.0,,,,,,,,,,,,,,,,,,,,,,,,,
0.000931,0.0,0.0,0.000002,0.000129,0.0,0.000928,0.016667,,,,,,,,,,,,,0.0,0.000002,,,,,,,,0.000024,0.000017,,0.000014,0.000016,0.000007,,,,0.000009,,,,0.000008,,,,,,,0.000003,,,,0.000023,,,,,,0.0,,,,,0.000001,,,,,,,,,,,,,,,,0.00002,,,0.000007,,,,,,,,,,,,,,,,,,0.0,,,,0.0,0.0,,,,,,,,,,,,,,,,,,,,,,,,,
0.005269,0.000004,0.00032,0.000002,0.000201,0.000414,0.004853,0.016667,0.0,0.0,0.0,0.0,0.0,0.000004,0.000016,0.000002,0.00012,0.000081,0.000001,0.0001,0.0,0.000002,,,,,0.000017,,,0.000015,0.00001,,0.000008,0.000009,0.000004,,,,0.000006,,,,,,,,,,,,,,,0.00001,,,,,,0.0,,,,,,,0.000064,,,,,,,,,,,,,,0.000009,,,0.000003,,,,,,,,,,,,,,,,,,0.0,,,,0.0,0.0,,0.000017,0.000027,0.000007,0.00001,0.000012,0.000007,0.000009,0.000007,,0.000003,0.000002,0.000001,,,,,,,0.000015,0.000006,,,,
0.007054,0.0,0.0,0.000033,0.000107,0.0,0.007052,0.016667,,,,,,,,,,,,,0.000017,0.000016,,,,,,,,0.000025,0.000016,,0.000013,0.000014,0.000007,,,,0.000008,,,,,,,,,,,,,,,0.000019,,,,,,0.0,,,,,,,,,,,,,,,,,,,,,0.000017,,,0.000004,,,,,,,,,,,,,,,,,,0.0,,,,0.0,0.0,,,,,,,,,,,,,,,,,,,,,,,,,
0.018969,0.000002,0.000148,0.000152,0.000153,0.000293,0.018674,0.016667,0.0,0.0,0.0,0.0,0.0,0.000002,0.000009,0.000002,0.000035,0.000061,0.000001,0.00004,0.000097,0.000055,,,,,0.000015,,,0.000017,0.000013,,0.00001,0.000011,0.000004,,,,0.000007,,,,,,,,,,,,,,,0.000011,,,,,,0.0,,0.000001,,,,0.000008,,,,,,,,,,,,,,,0.00001,,,0.000003,,,,,,,,,,,,,,,,,,0.0,,,,0.0,0.000001,,0.00002,0.000023,0.000006,0.000009,0.000012,0.000009,0.000014,0.000006,,0.000004,0.000002,0.000001,,,,,,,0.000012,0.000003,,,,
0.001015,0.0,0.0,0.0,0.000121,0.0,0.001012,0.016667,,,,,,,,,,,,,0.0,0.0,,,,,,,,0.00003,0.00002,,0.000014,0.000016,0.000007,,,,0.000009,,,,,,,,,,,,,,,0.000022,,,,,,0.000001,,,,,,,,,,,,,,,,,,,,,0.000017,,,0.000005,,,,,,,,,,,,,,,,,,0.0,,,,0.0,0.0,,,,,,,,,,,,,,,,,,,,,,,,,
0.000517,0.0,0.0,0.0,0.000077,0.0,0.000515,0.016667,,,,,,,,,,,,,0.0,0.0,,,,,,,,0.00002,0.00001,,0.000011,0.000011,0.000004,,,,0.000006,,,,,,,,,,,,,,,0.000014,,,,,,0.0,,,,,,,,,,,,,,,,,,,,,0.000011,,,0.000003,,,,,,,,,,,,,,,,,,0.0,,,,0.0,0.0,,,,,,,,,,,,,,,,,,,,,,,,,
0.007129,0.000002,0.000083,0.00007,0.000146,0.000242,0.006886,0.016667,0.0,0.0,0.0,0.0,0.0,0.000002,0.000005,0.000003,0.000037,0.000033,0.0,0.000005,0.000045,0.000025,,,,,0.000013,,,0.000017,0.000012,,0.00001,0.000011,0.000006,,,,0.000008,,,,,,,,,,,,,,,0.000014,,,,,,0.000001,,,,,,,,,,,,,,,,,,,,,0.000013,,,0.000003,,,,,,,,,,,,,,,,,,0.0,,,,0.0,0.0,,0.000018,0.000023,0.000006,0.000008,0.000012,0.000008,0.000011,0.000007,,0.000004,0.000001,0.000001,,,,,,,0.000011,0.000002,,,,
0.006408,0.0,0.0,0.000013,0.000183,0.0,0.006405,0.016667,,,,,,,,,,,,,0.0,0.000013,,,,,,,,0.000046,0.000025,,0.000021,0.000026,0.000011,,,,0.000013,,,,,,,,,,,,,,,0.000034,,,,,,0.000001,,,,,,,,,,,,,,,,,,,,,0.000026,,,0.000007,,,,,,,,,,,,,,,,,,0.000001,,,,0.000001,0.000001,,,,,,,,,,,,,,,,,,,,,,,,,
0.015462,0.000004,0.000079,0.000185,0.000194,0.00031,0.01515,0.016667,0.0,0.0,0.0,0.0,0.0,0.000004,0.000006,0.000002,0.000044,0.000026,0.0,0.000001,0.000127,0.000058,,,,,0.00002,,,0.000023,0.000019,,0.000014,0.000013,0.000007,,,,0.000008,,,,,,,,,,,,,,,0.00002,,,,,,0.000001,,,,,,,,,,,,,,,,,,,,,0.000015,,,0.000004,,,,,,,,,,,,,,,,,,0.000001,,,,0.0,0.0,,0.000024,0.000028,0.000008,0.000011,0.000013,0.00001,0.000014,0.000007,,0.000003,0.000002,0.000002,,,,,,,0.000013,0.000003,,,,
0.004204,0.0,0.0,0.000006,0.000119,0.0,0.004202,0.016667,,,,,,,,,,,,,0.0,0.000006,,,,,,,,0.00003,0.000019,,0.000014,0.000017,0.000007,,,,0.00001,,,,,,,,,,,,,,,0.00002,,,,,,0.0,,,,,,,,,,,,,,,,,,,,,0.000017,,,0.000004,,,,,,,,,,,,,,,,,,0.0,,,,0.0,0.0,,,,,,,,,,,,,,,,,,,,,,,,,
0.001317,0.000003,0.000105,0.000065,0.000198,0.000369,0.000945,0.016667,0.0,0.0,0.0,0.0,0.0,0.000003,0.000009,0.000003,0.00008,0.000011,0.0,0.000002,0.000057,0.000008,,,,,0.000018,,,0.000029,0.000018,,0.000014,0.000017,0.000007,,,,0.000011,,,,,,,,,,,,,,,0.00002,,,,,,0.0,,,,,,,,,,,,,,,,,,,,,0.000017,,,0.000004,,,,,,,,,,,,,,,,,,0.000001,,,,0.0,0.000001,,0.000018,0.000027,0.000007,0.000011,0.000013,0.00001,0.000011,0.000008,,0.000004,0.000002,0.000001,,,,,,,0.000012,0.000003,,,,
0.000521,0.0,0.0,0.0,0.00009,0.0,0.000519,0.016667,,,,,,,,,,,,,0.0,0.0,,,,,,,,0.00002,0.000013,,0.000011,0.000011,0.000006,,,,0.000007,,,,,,,,,,,,,,,0.000015,,,,,,0.0,,,,,,,,,,,,,,,,,,,,,0.000017,,,0.000003,,,,,,,,,,,,,,,,,,0.0,,,,0.0,0.0,,,,,,,,,,,,,,,,,,,,,,,,,
0.01268,0.0,0.0,0.000085,0.000047,0.0,0.012679,0.016667,,,,,,,,,,,,,0.000061,0.000024,,,,,,,,0.00001,0.000007,,0.000006,0.000006,0.000003,,,,0.000004,,,,,,,,,,,,,,,0.000009,,,,,,0.0,,,,,,,,,,,,,,,,,,,,,0.000008,,,0.000001,,,,,,,,,,,,,,,,,,0.0,,,,0.0,0.0,,,,,,,,,,,,,,,,,,,,,,,,,
0.014207,0.000002,0.000184,0.000078,0.000168,0.000268,0.013937,0.016667,0.0,0.0,0.0,0.0,0.0,0.000002,0.000006,0.000002,0.00005,0.000124,0.0,0.000002,0.000036,0.000042,,,,,0.00002,,,0.000022,0.000014,,0.000012,0.000013,0.000005,,,,0.000008,,,,,,,,,,,,,,,0.000014,,,,,,0.0,,,,,,,,,,,,,,,,,,,,,0.000014,,,0.000003,,,,,,,,,,,,,,,,,,0.0,,,,0.000001,0.0,,0.000019,0.000027,0.000006,0.000012,0.000013,0.00001,0.00001,0.000008,,0.000004,0.000002,0.000001,,,,,,,0.000013,0.000003,,,,
0.003373,0.0,0.0,0.000108,0.000126,0.0,0.00337,0.016667,,,,,,,,,,,,,0.000096,0.000012,,,,,,,,0.00004,0.000019,,0.000014,0.000027,0.000007,,,,0.000009,,,,,,,,,,,,,,,0.00002,,,,,,0.0,,,,,,,,,,,,,,,,,,,,,0.000013,,,0.000005,,,,,,,,,,,,,,,,,,0.000001,,,,0.0,0.000001,,,,,,,,,,,,,,,,,,,,,,,,,
0.003744,0.000002,0.000083,0.000006,0.00019,0.000305,0.003437,0.016667,0.0,0.0,0.0,0.0,0.0,0.000002,0.000006,0.000002,0.000043,0.000025,0.0,0.000007,0.0,0.000006,,,,,0.00002,,,0.000023,0.000014,,0.000016,0.000013,0.000006,,,,0.000008,,,,,,,,,,,,,,,0.000016,,,,,,0.0,,,,,,,,,,,,,,,,,,,,,0.000014,,,0.000003,,,,,,,,,,,,,,,,,,0.0,,,,0.0,0.0,,0.000026,0.000032,0.000008,0.000013,0.00002,0.000011,0.000015,0.000012,,0.000005,0.000002,0.000002,,,,,,,0.000014,0.000003,,,,
0.006269,0.0,0.0,0.000026,0.000103,0.0,0.006267,0.016667,,,,,,,,,,,,,0.000013,0.000013,,,,,,,,0.000027,0.000014,,0.000013,0.000015,0.000005,,,,0.000008,,,,,,,,,,,,,,,0.00002,,,,,,0.0,,,,,,,,,,,,,,,,,,,,,0.000013,,,0.000004,,,,,,,,,,,,,,,,,,0.000001,,,,0.0,0.0,,,,,,,,,,,,,,,,,,,,,,,,,
0.006983,0.0,0.0,0.000006,0.000096,0.0,0.006981,0.016667,,,,,,,,,,,,,0.0,0.000006,,,,,,,,0.000026,0.000014,,0.000012,0.000015,0.000005,,,,0.000008,,,,,,,,,,,,,,,0.000014,,,,,,0.000001,,,,,,,,,,,,,,,,,,,,,0.000011,,,0.000004,,,,,,,,,,,,,,,,,,0.000001,,,,0.000001,0.000001,,,,,,,,,,,,,,,,,,,,,,,,,
0.013924,0.000003,0.000091,0.000119,0.000168,0.000262,0.01366,0.016667,0.0,0.0,0.0,0.0,0.0,0.000003,0.00001,0.000002,0.000047,0.000019,0.0,0.000013,0.00009,0.000029,,,,,0.000019,,,0.000024,0.000015,,0.000012,0.000014,0.000005,,,,0.000007,,,,,,,,,,,,,,,0.000014,,,,,,0.0,,,,,,,,,,,,,,,,,,,,,0.000011,,,0.000003,,,,,,,,,,,,,,,,,,0.0,,,,0.0,0.0,,0.000018,0.000028,0.000006,0.000011,0.000014,0.00001,0.000011,0.000009,,0.000003,0.000002,0.000001,,,,,,,0.000013,0.000003,,,,
0.000799,0.0,0.0,0.0,0.000121,0.0,0.000796,0.016667,,,,,,,,,,,,,0.0,0.0,,,,,,,,0.000032,0.000018,,0.000014,0.000018,0.000007,,,,0.00001,,,,,,,,,,,,,,,0.000021,,,,,,0.0,,,,,,,,,,,,,,,,,,,,,0.000017,,,0.000004,,,,,,,,,,,,,,,,,,0.0,,,,0.0,0.000001,,,,,,,,,,,,,,,,,,,,,,,,,
0.00556,0.000004,0.000073,0.000014,0.000216,0.000393,0.005166,0.016667,0.0,0.0,0.0,0.0,0.0,0.000004,0.000006,0.000002,0.000041,0.000014,0.000001,0.000009,0.000002,0.000012,,,,,0.000019,,,0.000017,0.00001,,0.00001,0.00001,0.000039,,,,0.000006,,,,,,,,,,,,,,,0.000012,,,,,,0.000001,,,,,,,,,,,,,,,,,,,,,0.000012,,,0.000003,,,,,,,,,,,,,,,,,,0.000001,,,,0.0,0.0,,0.000027,0.000031,0.000008,0.000013,0.00002,0.000022,0.000017,0.000013,,0.000006,0.000002,0.000002,,,,,,,0.000014,0.000003,,,,
0.006824,0.0,0.0,0.000011,0.00011,0.0,0.006822,0.016667,,,,,,,,,,,,,0.0,0.000011,,,,,,,,0.000026,0.000017,,0.000014,0.000014,0.000007,,,,0.000009,,,,,,,,,,,,,,,0.000019,,,,,,0.0,,,,,,,,,,,,,,,,,,,,,0.000017,,,0.000003,,,,,,,,,,,,,,,,,,0.0,,,,0.0,0.000001,,,,,,,,,,,,,,,,,,,,,,,,,
0.015521,0.000002,0.000091,0.000127,0.000186,0.000264,0.015255,0.016667,0.0,0.0,0.0,0.0,0.0,0.000002,0.00001,0.000002,0.000049,0.000029,0.0,0.000001,0.000098,0.000029,,,,,0.000019,,,0.000026,0.000017,,0.000014,0.000015,0.000007,,,,0.000008,,,,,,,,,,,,,,,0.000017,,,,,,0.0,,,,,,,,,,,,,,,,,,,,,0.000016,,,0.000004,,,,,,,,,,,,,,,,,,0.0,,,,0.0,0.0,,0.000018,0.000025,0.000006,0.00001,0.000014,0.00001,0.000011,0.000008,,0.000005,0.000002,0.000001,,,,,,,0.000012,0.000002,,,,
0.005204,0.0,0.0,0.000012,0.000132,0.0,0.005202,0.016667,,,,,,,,,,,,,0.0,0.000012,,,,,,,,0.00003,0.000018,,0.000026,0.000017,0.000007,,,,0.000009,,,,,,,,,,,,,,,0.000021,,,,,,0.0,,,,,,,,,,,,,,,,,,,,,0.000019,,,0.000005,,,,,,,,,,,,,,,,,,0.0,,,,0.0,0.0,,,,,,,,,,,,,,,,,,,,,,,,,
0.000675,0.0,0.0,0.000003,0.000109,0.0,0.000672,0.016667,,,,,,,,,,,,,0.0,0.000003,,,,,,,,0.00003,0.000014,,0.000014,0.000017,0.000006,,,,0.000009,,,,,,,,,,,,,,,0.00002,,,,,,0.000001,,,,,,,,,,,,,,,,,,,,,0.000013,,,0.000004,,,,,,,,,,,,,,,,,,0.0,,,,0.0,0.0,,,,,,,,,,,,,,,,,,,,,,,,,
0.006482,0.000002,0.000093,0.000067,0.000142,0.000229,0.006251,0.016667,0.0,0.0,0.0,0.0,0.0,0.000002,0.000007,0.000001,0.000059,0.000023,0.000001,0.000002,0.000054,0.000013,,,,,0.000016,,,0.00002,0.00001,,0.000009,0.000011,0.000005,,,,0.000006,,,,,,,,,,,,,,,0.000012,,,,,,0.0,,,,,,,,,,,,,,,,,,,,,0.000011,,,0.000003,,,,,,,,,,,,,,,,,,0.000001,,,,0.0,0.0,,0.000018,0.000022,0.000006,0.000009,0.000013,0.00001,0.000011,0.000008,,0.000004,0.000001,0.000002,,,,,,,0.00001,0.000002,,,,
0.006462,0.0,0.0,0.000026,0.000107,0.0,0.00646,0.016667,,,,,,,,,,,,,0.000015,0.000011,,,,,,,,0.000026,0.000017,,0.000014,0.000015,0.000007,,,,0.000008,,,,,,,,,,,,,,,0.000017,,,,,,0.0,,,,,,,,,,,,,,,,,,,,,0.000017,,,0.000004,,,,,,,,,,,,,,,,,,0.0,,,,0.0,0.0,,,,,,,,,,,,,,,,,,,,,,,,,
0.016158,0.000002,0.000071,0.00004,0.000162,0.000269,0.015888,0.016667,0.0,0.0,0.0,0.0,0.0,0.000002,0.000007,0.000002,0.000044,0.000015,0.000001,0.000002,0.000013,0.000027,,,,,0.000017,,,0.000019,0.000012,,0.000011,0.00001,0.000004,,,,0.000007,,,,,,,,,,,,,,,0.000013,,,,,,0.0,,,,,,,,,,,,,,,,,,,,,0.00001,,,0.000003,,,,,,,,,,,,,,,,,,0.0,,,,0.0,0.0,,0.000029,0.000024,0.000017,0.00001,0.000014,0.00001,0.000011,0.000008,,0.000004,0.000001,0.000002,,,,,,,0.000012,0.000003,,,,
0.003635,0.0,0.0,0.000064,0.000256,0.0,0.003632,0.016667,,,,,,,,,,,,,0.000056,0.000008,,,,,,,,0.000041,0.000014,,0.000012,,0.000005,,,,0.000007,,,,0.000005,,,,,,,0.000001,,,,0.000104,,,,,,0.0,,,,,,,0.000055,,,,,,,,,,,,,,0.000011,,,0.000004,,,,,,,,,,,,,,,,,,0.0,,,,0.000001,0.0,,,,,,,,,,,,,,,0.000011,0.000012,0.000003,,,,,,,,
0.000841,0.0,0.0,0.000001,0.000108,0.0,0.000839,0.016667,,,,,,,,,,,,,0.0,0.000001,,,,,,,,0.000025,0.000015,,0.000012,,0.000007,,,,0.000008,,,,,,,,,,,,,,,0.00002,,,,,,0.000001,,,,,,,,,,,,,,,,,,,,,0.000016,,,0.000004,,,,,,,,,,,,,,,,,,0.0,,,,0.000001,0.0,,,,,,,,,,,,,,,,,,,,,,,,,
0.013128,0.000003,0.000102,0.000039,0.00018,0.000382,0.012744,0.016667,0.0,0.0,0.0,0.0,0.0,0.000003,0.000006,0.000002,0.000047,0.000028,0.000001,0.000018,0.000022,0.000017,,,,,0.00002,,,0.000024,0.000014,,0.000013,,0.000007,,,,0.000009,,,,,,,,,,,,,,,0.000017,,,,,,0.0,,,,,,,,,,,,,,,,,,,,,0.000015,,,0.000003,,,,,,,,,,,,,,,,,,0.000001,,,,0.0,0.0,,0.000018,0.000023,0.000006,0.000009,0.000014,0.00001,0.000011,0.000008,,0.000004,0.000002,0.000002,,,,,,,0.000011,0.000003,,,,
0.014549,0.0,0.0,0.000157,0.000097,0.0,0.014547,0.016667,,,,,,,,,,,,,0.000121,0.000036,,,,,,,,0.000026,0.000014,,0.000012,,0.000005,,,,0.000007,,,,,,,,,,,,,,,0.000017,,,,,,0.0,,,,,,,,,,,,,,,,,,,,,0.000013,,,0.000004,,,,,,,,,,,,,,,,,,0.0,,,,0.0,0.0,,,,,,,,,,,,,,,,,,,,,,,,,
0.00419,0.000003,0.000099,0.000005,0.000167,0.000264,0.003924,0.016667,0.0,0.0,0.0,0.0,0.0,0.000003,0.000007,0.000002,0.000046,0.000028,0.0,0.000016,0.0,0.000005,,,,,0.000016,,,0.000019,0.000018,,0.000013,,0.000005,,,,0.000008,,,,,,,,,,,,,,,0.000012,,,,,,0.0,,,,,,,,,,,,,,,,,,,,,0.00001,,,0.000003,,,,,,,,,,,,,,,,,,0.0,,,,0.000001,0.0,,0.000018,0.000025,0.000006,0.00001,0.000014,0.00001,0.000011,0.000009,,0.000004,0.000001,0.000002,,,,,,,0.000012,0.000003,,,,
0.002365,0.0,0.0,0.000001,0.000086,0.0,0.002364,0.016667,,,,,,,,,,,,,0.0,0.000001,,,,,,,,0.000017,0.000012,,0.000011,,0.000006,,,,0.000007,,,,,,,,,,,,,,,0.000016,,,,,,0.0,,,,,,,,,,,,,,,,,,,,,0.000015,,,0.000003,,,,,,,,,,,,,,,,,,0.0,,,,0.0,0.0,,,,,,,,,,,,,,,,,,,,,,,,,
0.006256,0.000005,0.000072,0.000109,0.000168,0.000278,0.005976,0.016667,0.0,0.0,0.0,0.0,0.0,0.000005,0.000006,0.000002,0.000037,0.000026,0.0,0.000001,0.000094,0.000015,,,,,0.000018,,,0.000019,0.000011,,0.00001,,0.000004,,,,0.000006,,,,,,,,,,,,,,,0.000011,,,,,,0.0,,,,,,,,,,,,,,,,,,,,,0.00001,,,0.000002,,,,,,,,,,,,,,,,,,0.0,,,,0.0,0.0,,0.000025,0.000032,0.000008,0.000013,0.000019,0.000013,0.000015,0.000013,,0.000006,0.000002,0.000002,,,,,,,0.000014,0.000002,,,,
0.007084,0.0,0.0,0.000042,0.000082,0.0,0.007082,0.016667,,,,,,,,,,,,,0.000031,0.000011,,,,,,,,0.000022,0.000012,,0.00001,,0.000004,,,,0.000006,,,,,,,,,,,,,,,0.000012,,,,,,0.0,,,,,,,,,,,,,,,,,,,,,0.000013,,,0.000003,,,,,,,,,,,,,,,,,,0.0,,,,0.0,0.0,,,,,,,,,,,,,,,,,,,,,,,,,
0.012683,0.0,0.0,0.000132,0.0002,0.0,0.012681,0.016667,,,,,,,,,,,,,0.000106,0.000026,,,,,,,,0.000027,0.000016,,0.000107,,0.000006,,,,0.000011,,,,,,,,,,,,,,,0.000018,,,,,,0.0,,,,,,,,,,,,,,,,,,,,,0.000011,,,0.000004,,,,,,,,,,,,,,,,,,0.0,,,,0.000001,0.0,,,,,,,,,,,,,,,,,,,,,,,,,
0.001577,0.000003,0.000066,0.000002,0.000224,0.000388,0.001185,0.016667,0.0,0.0,0.0,0.0,0.0,0.000003,0.000007,0.000002,0.000032,0.000017,0.0,0.000008,0.0,0.000002,,,,,0.000021,,,0.000025,0.000017,,0.000015,,0.000006,,,,0.000009,,,,,,,,,,,,,,,0.000015,,,,,,0.0,,,,,,,,,,,,,,,,,,,,,0.000015,,,0.000004,,,,,,,,,,,,,,,,,,0.000001,,,,0.0,0.0,,0.000041,0.000034,0.000008,0.000015,0.00002,0.000013,0.000031,0.000012,,0.000005,0.000002,0.000001,,,,,,,0.000016,0.000003,,,,
0.006291,0.0,0.0,0.000039,0.000059,0.0,0.00629,0.016667,,,,,,,,,,,,,0.000028,0.000011,,,,,,,,0.000011,0.000008,,0.000007,,0.000004,,,,0.000005,,,,,,,,,,,,,,,0.000009,,,,,,0.000001,,,,,,,,,,,,,,,,,,,,,0.00001,,,0.000002,,,,,,,,,,,,,,,,,,0.000001,,,,0.000001,0.0,,,,,,,,,,,,,,,,,,,,,,,,,
0.006931,0.000003,0.000107,0.000008,0.000171,0.000324,0.006604,0.016667,0.0,0.0,0.0,0.0,0.0,0.000003,0.000009,0.000003,0.000067,0.000025,0.000001,0.000002,0.0,0.000008,,,,,0.000018,,,0.000018,0.000011,,0.000011,,0.000005,,,,0.000006,,,,,,,,,,,,,,,0.000012,,,,,,0.0,,,,,,,,,,,,,,,,,,,,,0.00001,,,0.000002,,,,,,,,,,,,,,,,,,0.0,,,,0.0,0.000001,,0.000025,0.000031,0.000008,0.000013,0.00002,0.000013,0.000015,0.000012,,0.000005,0.000002,0.000002,,,,,,,0.000014,0.000003,,,,
0.006972,0.0,0.0,0.000077,0.00009,0.0,0.006971,0.016667,,,,,,,,,,,,,0.000067,0.00001,,,,,,,,0.000024,0.000013,,0.000011,,0.000005,,,,0.000007,,,,,,,,,,,,,,,0.000014,,,,,,0.0,,,,,,,,,,,,,,,,,,,,,0.000014,,,0.000004,,,,,,,,,,,,,,,,,,0.0,,,,0.0,0.0,,,,,,,,,,,,,,,,,,,,,,,,,
0.015039,0.0,0.0,0.00009,0.000094,0.0,0.015037,0.016667,,,,,,,,,,,,,0.000048,0.000042,,,,,,,,0.000025,0.000014,,0.000011,,0.000005,,,,0.000007,,,,,,,,,,,,,,,0.000015,,,,,,0.0,,,,,,,,,,,,,,,,,,,,,0.000014,,,0.000004,,,,,,,,,,,,,,,,,,0.0,,,,0.0,0.0,,,,,,,,,,,,,,,,,,,,,,,,,
0.000905,0.000003,0.000099,0.0,0.000201,0.000314,0.000588,0.016667,0.0,0.0,0.0,0.0,0.0,0.000003,0.000008,0.000002,0.000049,0.000039,0.0,0.000001,0.0,0.0,,,,,0.00002,,,0.00002,0.000017,,0.000011,,0.000004,,,,0.000007,,,,,,,,,,,,,,,0.000027,,,,,,0.0,,,,,,,,,,,,,,,,,,,,,0.00001,,,0.000003,,,,,,,,,,,,,,,,,,0.0,,,,0.0,0.0,,0.000025,0.000033,0.000007,0.000014,0.000021,0.000014,0.000015,0.000012,,0.000006,0.000003,0.000001,,,,,,,0.000015,0.000003,,,,
0.005374,0.0,0.0,0.000011,0.000057,0.0,0.005373,0.016667,,,,,,,,,,,,,0.0,0.000011,,,,,,,,0.000012,0.000008,,0.000007,,0.000004,,,,0.000005,,,,,,,,,,,,,,,0.000009,,,,,,0.0,,,,,,,,,,,,,,,,,,,,,0.000009,,,0.000003,,,,,,,,,,,,,,,,,,0.0,,,,0.0,0.0,,,,,,,,,,,,,,,,,,,,,,,,,
0.005919,0.000003,0.000091,0.000075,0.000158,0.00033,0.005586,0.016667,0.0,0.0,0.0,0.0,0.0,0.000003,0.000012,0.000002,0.00005,0.000009,0.000001,0.000017,0.000064,0.000011,,,,,0.000017,,,0.000017,0.000013,,0.000012,,0.000004,,,,0.000007,,,,,,,,,,,,,,,0.000011,,,,,,0.0,,,,,,,,,,,,,,,,,,,,,0.00001,,,0.000003,,,,,,,,,,,,,,,,,,0.0,,,,0.0,0.0,,0.000018,0.000026,0.000006,0.000011,0.000014,0.000015,0.000011,0.000009,,0.000004,0.000005,0.000001,,,,,,,0.000012,0.000002,,,,
0.020533,0.0,0.0,0.000192,0.000118,0.0,0.020531,0.016667,,,,,,,,,,,,,0.000159,0.000033,,,,,,,,0.000037,0.000018,,0.000012,,0.000007,,,,0.000008,,,,,,,,,,,,,,,0.000016,,,,,,0.0,,,,,,,,,,,,,,,,,,,,,0.000016,,,0.000004,,,,,,,,,,,,,,,,,,0.000001,,,,0.0,0.0,,,,,,,,,,,,,,,,,,,,,,,,,
0.001535,0.000003,0.000107,0.000005,0.000321,0.000387,0.001145,0.016667,0.0,0.0,0.0,0.0,0.0,0.000003,0.000007,0.000002,0.000039,0.000028,0.000001,0.00003,0.0,0.000005,,,,,0.000015,,,0.000026,0.000018,,0.000015,,0.000006,,,,0.000008,,,,0.000004,,,,,,,0.000001,,,,0.000016,,,,,,0.0,,,,,,0.000004,,,,,,,,,,,,,,,0.000014,,,0.000062,,,,,,,,,,,,,,,,,,0.000001,,,,0.0,0.0,,0.00009,0.000028,0.000007,0.000011,0.000015,0.000011,0.000082,0.000009,,0.000004,0.000002,0.000001,,,,,,,0.000012,0.000003,,,,
0.00128,0.0,0.0,0.000006,0.000313,0.0,0.001276,0.016667,,,,,,,,,,,,,0.0,0.000006,,,,,,,,0.000051,0.000029,,0.000026,,0.000008,,,,0.000018,,,,,,,,,,,,,,,0.000033,,,,,,0.0,,,,,,,,,,,,,,,,,,,,,0.000046,,,0.000103,,,,,,,,,,,,,,,,,,0.000001,,,,0.000002,0.000001,,,,,,,,,,,,,,,,,,,,,,,,,
0.010433,0.0,0.0,0.000078,0.000074,0.0,0.010432,0.016667,,,,,,,,,,,,,0.000064,0.000014,,,,,,,,0.000016,0.000008,,0.000011,,0.000004,,,,0.000007,,,,,,,,,,,,,,,0.000014,,,,,,0.0,,,,,,,,,,,,,,,,,,,,,0.00001,,,0.000003,,,,,,,,,,,,,,,,,,0.0,,,,0.000001,0.000001,,,,,,,,,,,,,,,,,,,,,,,,,
0.015044,0.000005,0.000093,0.000157,0.000233,0.000317,0.014724,0.016667,0.0,0.0,0.0,0.0,0.0,0.000005,0.000011,0.000004,0.000055,0.000016,0.0,0.000007,0.000125,0.000032,,,,,0.000019,,,0.00002,0.000013,,0.000016,,0.000005,,,,0.000007,,,,0.000007,,,,,,,0.000002,,,,0.000066,,,,,,0.0,,,,,,,,,,,,,,,,,,,,,0.00001,,,0.000003,,,,,,,,,,,,,,,,,,0.000001,,,,0.0,0.0,,0.000019,0.000033,0.000006,0.000014,0.000014,0.000012,0.00001,0.000008,,0.000004,0.000003,0.000001,,,,,,,0.000015,0.000003,,,,
0.004185,0.000003,0.000115,0.000005,0.000152,0.00028,0.003903,0.016667,0.0,0.0,0.0,0.0,0.0,0.000003,0.000006,0.000002,0.000062,0.000037,0.0,0.000008,0.0,0.000005,,,,,0.000016,,,0.000019,0.000013,,0.00001,,0.000004,,,,0.000006,,,,,,,,,,,,,,,0.000012,,,,,,0.000001,,,,,,,,,,,,,,,,,,,,,0.000011,,,0.000003,,,,,,,,,,,,,,,,,,0.000001,,,,0.0,0.0,,0.000018,0.000025,0.000005,0.000011,0.000012,0.000009,0.000011,0.000008,,0.000003,0.000002,0.000001,,,,,,,0.000012,0.000003,,,,
0.001862,0.0,0.0,0.000003,0.000091,0.0,0.00186,0.016667,,,,,,,,,,,,,0.0,0.000003,,,,,,,,0.000025,0.000012,,0.000013,,0.000005,,,,0.000007,,,,,,,,,,,,,,,0.000014,,,,,,0.0,,,,,,,,,,,,,,,,,,,,,0.000012,,,0.000004,,,,,,,,,,,,,,,,,,0.000001,,,,0.0,0.0,,,,,,,,,,,,,,,,,,,,,,,,,
0.006517,0.000003,0.000095,0.000093,0.000163,0.000273,0.006242,0.016667,0.0,0.0,0.0,0.0,0.0,0.000003,0.000026,0.000002,0.000044,0.000021,0.000001,0.000001,0.000073,0.00002,,,,,0.000021,,,0.000019,0.000013,,0.000012,,0.000005,,,,0.000006,,,,,,,,,,,,,,,0.00001,,,,,,0.0,,,,,,,,,,,,,,,,,,,,,0.000011,,,0.000003,,,,,,,,,,,,,,,,,,0.0,,,,0.0,0.000001,,0.000017,0.000034,0.000005,0.000014,0.000013,0.000012,0.00001,0.000007,,0.000003,0.000002,0.000002,,,,,,,0.000015,0.000003,,,,
0.006768,0.0,0.0,0.000104,0.000084,0.0,0.006767,0.016667,,,,,,,,,,,,,0.000091,0.000013,,,,,,,,0.000021,0.000012,,0.000011,,0.000005,,,,0.000007,,,,,,,,,,,,,,,0.000014,,,,,,0.0,,,,,,,,,,,,,,,,,,,,,0.000012,,,0.000003,,,,,,,,,,,,,,,,,,0.0,,,,0.0,0.0,,,,,,,,,,,,,,,,,,,,,,,,,
0.014027,0.000002,0.000081,0.000046,0.000155,0.000293,0.013731,0.016667,0.0,0.0,0.0,0.0,0.0,0.000002,0.000006,0.000002,0.000043,0.000021,0.0,0.000009,0.000027,0.000019,,,,,0.000021,,,0.000019,0.000012,,0.000011,,0.000004,,,,0.000006,,,,,,,,,,,,,,,0.000013,,,,,,0.0,,,,,,,,,,,,,,,,,,,,,0.000011,,,0.000003,,,,,,,,,,,,,,,,,,0.0,,,,0.000001,0.0,,0.000017,0.00003,0.000005,0.000013,0.000012,0.000009,0.00001,0.000006,,0.000004,0.000001,0.000002,,,,,,,0.000013,0.000003,,,,
0.003802,0.0,0.0,0.000087,0.000111,0.0,0.0038,0.016667,,,,,,,,,,,,,0.000075,0.000012,,,,,,,,0.000029,0.000017,,0.000013,,0.000006,,,,0.000008,,,,,,,,,,,,,,,0.000018,,,,,,0.0,,,,,,,,,,,,,,,,,,,,,0.000016,,,0.000005,,,,,,,,,,,,,,,,,,0.0,,,,0.000001,0.0,,,,,,,,,,,,,,,,,,,,,,,,,
0.002578,0.000002,0.00009,0.000002,0.000187,0.000292,0.002283,0.016667,0.0,0.0,0.0,0.0,0.0,0.000002,0.000005,0.000003,0.00004,0.000039,0.000001,0.000002,0.0,0.000002,,,,,0.000018,,,0.000029,0.000018,,0.000014,,0.000007,,,,0.000009,,,,,,,,,,,,,,,0.000016,,,,,,0.0,,,,,,,,,,,,,,,,,,,,,0.000017,,,0.000004,,,,,,,,,,,,,,,,,,0.0,,,,0.0,0.0,,0.000017,0.000026,0.000006,0.000012,0.000012,0.000009,0.000011,0.000007,,0.000004,0.000001,0.000002,,,,,,,0.000011,0.000003,,,,
0.006873,0.0,0.0,0.000034,0.000093,0.0,0.006872,0.016667,,,,,,,,,,,,,0.000021,0.000013,,,,,,,,0.000019,0.000015,,0.00001,,0.000006,,,,0.000008,,,,,,,,,,,,,,,0.000016,,,,,,0.0,,,,,,,,,,,,,,,,,,,,,0.000015,,,0.000004,,,,,,,,,,,,,,,,,,0.0,,,,0.0,0.000001,,,,,,,,,,,,,,,,,,,,,,,,,
0.006985,0.0,0.0,0.000006,0.000077,0.0,0.006983,0.016667,,,,,,,,,,,,,0.0,0.000006,,,,,,,,0.00002,0.000011,,0.000009,,0.000005,,,,0.000006,,,,,,,,,,,,,,,0.000013,,,,,,0.0,,,,,,,,,,,,,,,,,,,,,0.00001,,,0.000004,,,,,,,,,,,,,,,,,,0.0,,,,0.0,0.0,,,,,,,,,,,,,,,,,,,,,,,,,
0.015347,0.000002,0.000106,0.000224,0.000221,0.000303,0.015042,0.016667,0.0,0.0,0.0,0.0,0.0,0.000002,0.000006,0.000002,0.000042,0.00005,0.0,0.000006,0.000193,0.000031,,,,,0.000019,,,0.000021,0.000014,,0.000012,,0.000004,,,,0.000007,,,,,,,,,,,,,,,0.000013,,,,,,0.0,,,,,,,,,,,,,,,,,,,,,0.000062,,,0.000003,,,,,,,,,,,,,,,,,,0.0,,,,0.0,0.0,,0.00002,0.000033,0.000006,0.000012,0.000014,0.000011,0.000012,0.000009,,0.000004,0.000002,0.000002,,,,,,,0.000017,0.000004,,,,
0.001445,0.0,0.0,0.000002,0.00009,0.0,0.001443,0.016667,,,,,,,,,,,,,0.0,0.000002,,,,,,,,0.000024,0.000014,,0.000012,,0.000005,,,,0.000006,,,,,,,,,,,,,,,0.000015,,,,,,0.0,,,,,,,,,,,,,,,,,,,,,0.000011,,,0.000004,,,,,,,,,,,,,,,,,,0.0,,,,0.0,0.0,,,,,,,,,,,,,,,,,,,,,,,,,
0.003729,0.000003,0.000155,0.000001,0.000241,0.000349,0.003378,0.016667,0.0,0.0,0.0,0.0,0.0,0.000003,0.000009,0.000003,0.000051,0.000017,0.0,0.000075,0.0,0.000001,,,,,0.000013,,,0.000021,0.000017,,0.000012,,0.000006,,,,0.000008,,,,,,,,,,,,,,,0.000015,,,,,,0.0,,,,,,,0.000063,,,,,,,,,,,,,,0.000016,,,0.000003,,,,,,,,,,,,,,,,,,0.0,,,,0.000001,0.0,,0.000025,0.000023,0.000008,0.000009,0.000017,0.000012,0.000015,0.00001,,0.000005,0.000002,0.000002,,,,,,,0.000012,0.000002,,,,
0.006983,0.0,0.0,0.000131,0.000172,0.0,0.00698,0.016667,,,,,,,,,,,,,0.000113,0.000018,,,,,,,,0.000047,0.000019,,0.000024,,0.000009,,,,0.000017,,,,,,,,,,,,,,,0.000027,,,,,,0.0,,,,,,,,,,,,,,,,,,,,,0.000021,,,0.00001,,,,,,,,,,,,,,,,,,0.000001,,,,0.0,0.0,,,,,,,,,,,,,,,,,,,,,,,,,
0.007038,0.0,0.0,0.000037,0.000117,0.0,0.007035,0.016667,,,,,,,,,,,,,0.000025,0.000012,,,,,,,,0.000028,0.000018,,0.000014,,0.000006,,,,0.000012,,,,,,,,,,,,,,,0.000017,,,,,,0.0,,,,,,,,,,,,,,,,,,,,,0.000017,,,0.000004,,,,,,,,,,,,,,,,,,0.0,,,,0.000001,0.000001,,,,,,,,,,,,,,,,,,,,,,,,,
0.014314,0.000002,0.000085,0.000034,0.000161,0.000283,0.014029,0.016667,0.0,0.0,0.0,0.0,0.0,0.000002,0.000007,0.000003,0.000049,0.000024,0.000001,0.000001,0.000004,0.00003,,,,,0.000019,,,0.00002,0.000014,,0.000012,,0.000005,,,,0.000006,,,,,,,,,,,,,,,0.000011,,,,,,0.0,,,,,,,,,,,,,,,,,,,,,0.000011,,,0.000003,,,,,,,,,,,,,,,,,,0.0,,,,0.0,0.0,,0.000017,0.000027,0.000005,0.000012,0.000013,0.000009,0.00001,0.000007,,0.000004,0.000002,0.000002,,,,,,,0.000013,0.000003,,,,
0.000848,0.0,0.0,0.0,0.000112,0.0,0.000846,0.016667,,,,,,,,,,,,,0.0,0.0,,,,,,,,0.000027,0.000014,,0.000016,,0.000007,,,,0.000008,,,,,,,,,,,,,,,0.000019,,,,,,0.0,,,,,,,,,,,,,,,,,,,,,0.000016,,,0.000005,,,,,,,,,,,,,,,,,,0.0,,,,0.000001,0.0,,,,,,,,,,,,,,,,,,,,,,,,,
0.005371,0.000002,0.000115,0.000026,0.000171,0.000293,0.005077,0.016667,0.0,0.0,0.0,0.0,0.0,0.000002,0.000006,0.000003,0.000062,0.000026,0.0,0.000018,0.000015,0.000011,,,,,0.000014,,,0.000018,0.000015,,0.000011,,0.000006,,,,0.000007,,,,,,,,,,,,,,,0.000013,,,,,,0.0,,,,,,0.000004,,,,,,,,,,,,,,,0.00001,,,0.000002,,,,,,,,,,,,,,,,,,0.0,,,,0.0,0.0,,0.000025,0.000026,0.000008,0.000011,0.000018,0.00001,0.000014,0.000011,,0.000005,0.000002,0.000001,,,,,,,0.000013,0.000003,,,,
0.007238,0.0,0.0,0.000128,0.0001,0.0,0.007236,0.016667,,,,,,,,,,,,,0.000107,0.000021,,,,,,,,0.000023,0.000015,,0.000012,,0.000006,,,,0.000008,,,,,,,,,,,,,,,0.000017,,,,,,0.0,,,,,,,,,,,,,,,,,,,,,0.000016,,,0.000004,,,,,,,,,,,,,,,,,,0.0,,,,0.0,0.0,,,,,,,,,,,,,,,,,,,,,,,,,
0.019936,0.000002,0.000082,0.000157,0.000165,0.000257,0.019677,0.016667,0.0,0.0,0.0,0.0,0.0,0.000002,0.000008,0.000002,0.000055,0.000016,0.0,0.000001,0.00012,0.000037,,,,,0.000018,,,0.00002,0.000014,,0.000014,,0.000005,,,,0.000006,,,,,,,,,,,,,,,0.000013,,,,,,0.0,,,,,,,,,,,,,,,,,,,,,0.000012,,,0.000003,,,,,,,,,,,,,,,,,,0.000001,,,,0.000001,0.0,,0.000017,0.000025,0.000006,0.000011,0.000012,0.00001,0.00001,0.000007,,0.000003,0.000002,0.000002,,,,,,,0.000011,0.000003,,,,
0.000991,0.0,0.0,0.000002,0.000139,0.0,0.000986,0.016667,,,,,,,,,,,,,0.0,0.000002,,,,,,,,0.000033,0.000021,,0.000021,,0.000007,,,,0.000008,,,,,,,,,,,,,,,0.000024,,,,,,0.0,,,,,,,,,,,,,,,,,,,,,0.000018,,,0.000006,,,,,,,,,,,,,,,,,,0.000001,,,,0.000001,0.000001,,,,,,,,,,,,,,,,,,,,,,,,,
0.000555,0.0,0.0,0.0,0.000079,0.0,0.000553,0.016667,,,,,,,,,,,,,0.0,0.0,,,,,,,,0.000018,0.000013,,0.00001,,0.000006,,,,0.000006,,,,,,,,,,,,,,,0.000015,,,,,,0.0,,,,,,,,,,,,,,,,,,,,,0.000009,,,0.000003,,,,,,,,,,,,,,,,,,0.0,,,,0.0,0.0,,,,,,,,,,,,,,,,,,,,,,,,,
0.012619,0.000002,0.000083,0.000045,0.000106,0.000216,0.012401,0.016667,0.0,0.0,0.0,0.0,0.0,0.000002,0.000006,0.000002,0.000045,0.000029,0.0,0.000001,0.000019,0.000026,,,,,0.000011,,,0.00001,0.000007,,0.000006,,0.000003,,,,0.000003,,,,,,,,,,,,,,,0.000008,,,,,,0.0,,,,,,,,,,,,,,,,,,,,,0.000008,,,0.000006,,,,,,,,,,,,,,,,,,0.0,,,,0.0,0.0,,0.000018,0.000019,0.000006,0.000007,0.000013,0.000007,0.000011,0.000007,,0.000003,0.000001,0.000001,,,,,,,0.000009,0.000001,,,,
0.014859,0.0,0.0,0.000137,0.000091,0.0,0.014856,0.016667,,,,,,,,,,,,,0.000096,0.000041,,,,,,,,0.000021,0.000013,,0.00001,,0.000005,,,,0.000007,,,,0.000004,,,,,,,0.000003,,,,0.000014,,,,,,0.0,,,,,,,,,,,,,,,,,,,,,0.000011,,,0.000003,,,,,,,,,,,,,,,,,,0.0,,,,0.0,0.000001,,,,,,,,,,,,,,,,,,,,,,,,,
0.004177,0.000002,0.000071,0.000004,0.000238,0.000335,0.003838,0.016667,0.0,0.0,0.0,0.0,0.0,0.000002,0.000006,0.000002,0.000042,0.000013,0.000001,0.000007,0.0,0.000004,,,,,0.000021,,,0.000026,0.000018,,0.000014,,0.000006,,,,0.000008,,,,,,,,,,,,,,,0.000058,,,,,,0.0,,,,,,,,,,,,,,,,,,,,,0.00001,,,0.000003,,,,,,,,,,,,,,,,,,0.000001,,,,0.0,0.0,,0.000024,0.000033,0.000007,0.000015,0.000018,0.000012,0.000015,0.000011,,0.000005,0.000002,0.000002,,,,,,,0.000015,0.000003,,,,
0.000979,0.0,0.0,0.0,0.000083,0.0,0.000977,0.016667,,,,,,,,,,,,,0.0,0.0,,,,,,,,0.000016,0.000013,,0.00001,,0.000006,,,,0.000007,,,,,,,,,,,,,,,0.000013,,,,,,0.0,,,,,,,,,,,,,,,,,,,,,0.000014,,,0.000003,,,,,,,,,,,,,,,,,,0.000001,,,,0.0,0.000001,,,,,,,,,,,,,,,,,,,,,,,,,
0.007033,0.0,0.0,0.00007,0.000076,0.0,0.007031,0.016667,,,,,,,,,,,,,0.000059,0.000011,,,,,,,,0.000024,0.000011,,0.000011,,0.000004,,,,0.000006,,,,,,,,,,,,,,,0.00001,,,,,,0.0,,,,,,,,,,,,,,,,,,,,,0.000009,,,0.000002,,,,,,,,,,,,,,,,,,0.0,,,,0.0,0.0,,,,,,,,,,,,,,,,,,,,,,,,,
0.006763,0.000003,0.0001,0.000111,0.000194,0.00022,0.006541,0.016667,0.0,0.0,0.0,0.0,0.0,0.000003,0.000009,0.000003,0.000048,0.000038,0.000001,0.000001,0.000101,0.00001,,,,,0.000013,,,0.000017,0.000011,,0.000064,,0.000004,,,,0.000006,,,,0.000005,,,,,,,0.000003,,,,0.000011,,,,,,0.0,,,,,,,,,,,,,,,,,,,,,0.000009,,,0.000002,,,,,,,,,,,,,,,,,,0.0,,,,0.0,0.0,,0.000016,0.000022,0.000005,0.000009,0.000011,0.000008,0.00001,0.000007,,0.000003,0.000001,0.000002,,,,,,,0.000011,0.000002,,,,
0.01765,0.0,0.0,0.000129,0.000108,0.0,0.017648,0.016667,,,,,,,,,,,,,0.000092,0.000037,,,,,,,,0.000026,0.000016,,0.000012,,0.000007,,,,0.000008,,,,,,,,,,,,,,,0.000019,,,,,,0.0,,,,,,,,,,,,,,,,,,,,,0.000016,,,0.000004,,,,,,,,,,,,,,,,,,0.000001,,,,0.0,0.0,,,,,,,,,,,,,,,,,,,,,,,,,
0.000967,0.000002,0.000075,0.0,0.000153,0.000249,0.000716,0.016667,0.0,0.0,0.0,0.0,0.0,0.000002,0.000005,0.000002,0.00004,0.000021,0.000001,0.000006,0.0,0.0,,,,,0.000017,,,0.000018,0.000016,,0.00001,,0.000005,,,,0.000006,,,,,,,,,,,,,,,0.000011,,,,,,0.0,,,,,,,,,,,,,,,,,,,,,0.000012,,,0.000003,,,,,,,,,,,,,,,,,,0.000001,,,,0.000001,0.0,,0.000017,0.000026,0.000005,0.000011,0.000012,0.000008,0.00001,0.000007,,0.000004,0.000002,0.000001,,,,,,,0.000011,0.000003,,,,
0.001537,0.0,0.0,0.00002,0.00006,0.0,0.001536,0.016667,,,,,,,,,,,,,0.000015,0.000005,,,,,,,,0.00001,0.000009,,0.000007,,0.000004,,,,0.000005,,,,0.000003,,,,,,,0.000002,,,,0.000009,,,,,,0.0,,,,,,,,,,,,,,,,,,,,,0.000009,,,0.000002,,,,,,,,,,,,,,,,,,0.0,,,,0.0,0.0,,,,,,,,,,,,,,,,,,,,,,,,,
0.007144,0.000002,0.000083,0.000006,0.00013,0.000211,0.006932,0.016667,0.0,0.0,0.0,0.0,0.0,0.000002,0.000007,0.000003,0.000042,0.000026,0.0,0.000005,0.0,0.000006,,,,,0.000012,,,0.000015,0.00001,,0.000013,,0.000004,,,,0.000005,,,,,,,,,,,,,,,0.00001,,,,,,0.0,,,,,,,,,,,,,,,,,,,,,0.00001,,,0.000002,,,,,,,,,,,,,,,,,,0.0,,,,0.000001,0.0,,0.000016,0.000019,0.000005,0.000007,0.000011,0.000007,0.00001,0.000006,,0.000003,0.000002,0.000001,,,,,,,0.000009,0.000003,,,,
0.006943,0.0,0.0,0.000025,0.000084,0.0,0.006941,0.016667,,,,,,,,,,,,,0.000015,0.00001,,,,,,,,0.000017,0.000013,,0.000009,,0.000006,,,,0.000007,,,,,,,,,,,,,,,0.000014,,,,,,0.0,,,,,,,,,,,,,,,,,,,,,0.000015,,,0.000003,,,,,,,,,,,,,,,,,,0.0,,,,0.0,0.000001,,,,,,,,,,,,,,,,,,,,,,,,,
0.018426,0.0,0.0,0.000164,0.000147,0.0,0.018423,0.016667,,,,,,,,,,,,,0.000126,0.000038,,,,,,,,0.000038,0.000021,,0.000016,,0.000007,,,,0.000012,,,,,,,,,,,,,,,0.000025,,,,,,0.0,,,,,,,,,,,,,,,,,,,,,0.00002,,,0.000007,,,,,,,,,,,,,,,,,,0.000001,,,,0.0,0.000001,,,,,,,,,,,,,,,,,,,,,,,,,
0.001018,0.000002,0.000076,0.000001,0.00018,0.000257,0.000758,0.016667,0.0,0.0,0.0,0.0,0.0,0.000002,0.000006,0.000001,0.000038,0.000024,0.000001,0.000006,0.0,0.000001,,,,,0.000015,,,0.000025,0.000018,,0.000013,,0.000006,,,,0.000008,,,,0.000004,,,,,,,0.000003,,,,0.000017,,,,,,0.000001,,,,,,,,,,,,,,,,,,,,,0.000015,,,0.000004,,,,,,,,,,,,,,,,,,0.0,,,,0.0,0.000001,,0.000017,0.000024,0.000006,0.00001,0.000012,0.000009,0.00001,0.000008,,0.000004,0.000001,0.000002,,,,,,,0.000012,0.000002,,,,
0.000816,0.0,0.0,0.0,0.000196,0.0,0.000815,0.016667,,,,,,,,,,,,,0.0,0.0,,,,,,,,0.000012,0.000008,,0.000008,,0.000004,,,,0.000004,,,,,,,,,,,,,,,0.000143,,,,,,0.0,,,,,,,,,,,,,,,,,,,,,0.000015,,,0.000003,,,,,,,,,,,,,,,,,,0.0,,,,0.0,0.0,,,,,,,,,,,,,,,,,,,,,,,,,
0.007095,0.000002,0.000097,0.000097,0.000155,0.000234,0.006859,0.016667,0.0,0.0,0.0,0.0,0.0,0.000002,0.000008,0.000002,0.00005,0.00003,0.000001,0.000006,0.000086,0.000011,,,,,0.000012,,,0.000019,0.000012,,0.000011,,0.000006,,,,0.000007,,,,,,,,,,,,,,,0.000014,,,,,,0.0,,,,,,,,,,,,,,,,,,,,,0.000013,,,0.000004,,,,,,,,,,,,,,,,,,0.0,,,,0.0,0.0,,0.000016,0.000025,0.000005,0.00001,0.000017,0.000009,0.000009,0.000011,,0.000005,0.000002,0.000001,,,,,,,0.000012,0.000002,,,,
0.006795,0.0,0.0,0.00001,0.000092,0.0,0.006793,0.016667,,,,,,,,,,,,,0.0,0.00001,,,,,,,,0.000021,0.000013,,0.000011,,0.000006,,,,0.000007,,,,,,,,,,,,,,,0.000017,,,,,,0.0,,,,,,,,,,,,,,,,,,,,,0.000014,,,0.000004,,,,,,,,,,,,,,,,,,0.0,,,,0.0,0.0,,,,,,,,,,,,,,,,,,,,,,,,,
0.015883,0.0,0.0,0.000064,0.000102,0.0,0.015881,0.016667,,,,,,,,,,,,,0.000035,0.000029,,,,,,,,0.000026,0.000015,,0.000012,,0.000005,,,,0.000008,,,,,,,,,,,,,,,0.000015,,,,,,0.0,,,,,,,,,,,,,,,,,,,,,0.000016,,,0.000005,,,,,,,,,,,,,,,,,,0.000001,,,,0.000001,0.0,,,,,,,,,,,,,,,,,,,,,,,,,
0.00113,0.000003,0.000082,0.000001,0.000234,0.000361,0.000766,0.016667,0.0,0.0,0.0,0.0,0.0,0.000003,0.000006,0.000001,0.00003,0.00003,0.000001,0.000014,0.0,0.000001,,,,,0.000021,,,0.00003,0.000017,,0.000016,,0.000007,,,,0.000008,,,,0.000006,,,,,,,0.000003,,,,0.000016,,,,,,0.0,,,,,,,,,,,,,,,,,,,,,0.000015,,,0.000003,,,,,,,,,,,,,,,,,,0.0,,,,0.000001,0.0,,0.00003,0.000041,0.000009,0.000015,0.00002,0.000015,0.000019,0.000012,,0.000006,0.000004,0.000003,,,,,,,0.000021,0.000005,,,,
0.003461,0.0,0.0,0.000002,0.000055,0.0,0.003459,0.016667,,,,,,,,,,,,,0.0,0.000002,,,,,,,,0.000012,0.000008,,0.000007,,0.000003,,,,0.000005,,,,,,,,,,,,,,,0.000009,,,,,,0.0,,,,,,,,,,,,,,,,,,,,,0.000009,,,0.000002,,,,,,,,,,,,,,,,,,0.000001,,,,0.0,0.0,,,,,,,,,,,,,,,,,,,,,,,,,
0.007137,0.000003,0.0001,0.000105,0.000163,0.000282,0.006852,0.016667,0.0,0.0,0.0,0.0,0.0,0.000003,0.000009,0.000003,0.00004,0.000045,0.000001,0.000002,0.000091,0.000014,,,,,0.000018,,,0.000014,0.000012,,0.00001,,0.000006,,,,0.000006,,,,,,,,,,,,,,,0.000012,,,,,,0.0,,,,,,,,,,,,,,,,,,,,,0.000015,,,0.000002,,,,,,,,,,,,,,,,,,0.000001,,,,0.0,0.000001,,0.000018,0.000035,0.000005,0.000011,0.000014,0.000012,0.000011,0.000008,,0.000004,0.000002,0.000002,,,0.000001,,,,0.000021,0.000004,,,,
0.020415,0.0,0.0,0.000146,0.000122,0.0,0.020411,0.016667,,,,,,,,,,,,,0.000106,0.00004,,,,,,,,0.000034,0.000018,,0.000016,0.000018,0.000006,,,,0.000009,,,,,,,,,,,,,,,0.000021,,,,,,0.0,,,,,,,,,,,,,,,,,,,,,0.000015,,,0.000005,,,,,,,,,,,,,,,,,,0.0,,,,0.000001,0.000001,,,,,,,,,,,,,,,,,,,,,,,,,
0.001245,0.000002,0.000054,0.000001,0.000216,0.000435,0.000808,0.016667,0.0,0.0,0.0,0.0,0.0,0.000002,0.000004,0.000001,0.000032,0.000014,0.000001,0.000002,0.0,0.000001,,,,,0.00003,,,0.000022,0.000011,,0.000012,0.000012,0.000005,,,,0.000007,,,,,,,,,,,,,,,0.000013,,,,,,0.0,,,,,,,,,,,,,,,,,,,,,0.00001,,,0.000003,,,,,,,,,,,,,,,,,,0.0,,,,0.000001,0.0,,0.000032,0.000042,0.000011,0.000018,0.000027,0.000017,0.000019,0.000014,,0.000009,0.000003,0.000003,,,,,,,0.000019,0.000004,,,,
0.00048,0.0,0.0,0.0,0.000066,0.0,0.000479,0.016667,,,,,,,,,,,,,0.0,0.0,,,,,,,,0.000015,0.000009,,0.00001,0.000008,0.000004,,,,0.000006,,,,,,,,,,,,,,,0.000011,,,,,,0.0,,,,,,,,,,,,,,,,,,,,,0.000009,,,0.000003,,,,,,,,,,,,,,,,,,0.0,,,,0.0,0.0,,,,,,,,,,,,,,,,,,,,,,,,,
0.011523,0.0,0.0,0.000153,0.00005,0.0,0.011522,0.016667,,,,,,,,,,,,,0.000127,0.000026,,,,,,,,0.000012,0.000007,,0.000007,0.000006,0.000003,,,,0.000005,,,,,,,,,,,,,,,0.000009,,,,,,0.0,,,,,,,,,,,,,,,,,,,,,0.000008,,,0.000002,,,,,,,,,,,,,,,,,,0.0,,,,0.0,0.0,,,,,,,,,,,,,,,,,,,,,,,,,
0.01974,0.000002,0.000102,0.000143,0.000155,0.000226,0.019512,0.016667,0.0,0.0,0.0,0.0,0.0,0.000002,0.000011,0.000003,0.000049,0.000037,0.000001,0.000001,0.000106,0.000037,,,,,0.000017,,,0.000017,0.000013,,0.000011,0.00001,0.000005,,,,0.000006,,,,0.000004,,,,,,,0.000003,,,,0.000013,,,,,,0.0,,,,,,,,,,,,,,,,,,,,,0.000009,,,0.000003,,,,,,,,,,,,,,,,,,0.0,,,,0.0,0.0,,0.000018,0.000024,0.000005,0.00001,0.000013,0.00001,0.00001,0.000008,,0.000004,0.000002,0.000001,,,,,,,0.000011,0.000002,,,,
0.001265,0.000003,0.000062,0.0,0.000216,0.000347,0.000914,0.016667,0.0,0.0,0.0,0.0,0.0,0.000003,0.000006,0.000002,0.000033,0.000018,0.000001,0.000002,0.0,0.0,,,,,0.000024,,,0.000028,0.000021,,0.000016,0.000018,0.000007,,,,0.000009,,,,,,,,,,,,,,,0.000016,,,,,,0.0,,,,,,,,,,,,,,,,,,,,,0.000016,,,0.000004,,,,,,,,,,,,,,,,,,0.0,,,,0.0,0.0,,0.000024,0.000033,0.000007,0.000014,0.000018,0.000013,0.000015,0.00001,,0.000006,0.000002,0.000002,,,,,,,0.000015,0.000004,,,,
0.000479,0.0,0.0,0.0,0.000072,0.0,0.000478,0.016667,,,,,,,,,,,,,0.0,0.0,,,,,,,,0.000014,0.00001,,0.00001,0.000008,0.000005,,,,0.000007,,,,,,,,,,,,,,,0.000013,,,,,,0.0,,,,,,,,,,,,,,,,,,,,,0.000009,,,0.000003,,,,,,,,,,,,,,,,,,0.000001,,,,0.000001,0.0,,,,,,,,,,,,,,,,,,,,,,,,,
0.006389,0.000001,0.000106,0.000043,0.000137,0.000172,0.006217,0.016667,0.0,0.0,0.0,0.0,0.0,0.000001,0.000009,0.000002,0.000057,0.000036,0.000001,0.000001,0.000021,0.000022,,,,,0.000008,,,0.00002,0.000012,,0.000011,0.000012,0.000005,,,,0.000007,,,,,,,,,,,,,,,0.000014,,,,,,0.0,,,,,,,,,,,,,,,,,,,,,0.000014,,,0.000003,,,,,,,,,,,,,,,,,,0.0,,,,0.0,0.0,,0.000014,0.000014,0.000005,0.000006,0.000011,0.000008,0.000009,0.000006,,0.000003,0.000001,0.000001,,,,,,,0.000007,0.000002,,,,
0.005238,0.0,0.0,0.000016,0.000097,0.0,0.005235,0.016667,,,,,,,,,,,,,0.0,0.000016,,,,,,,,0.000021,0.000014,,0.000012,0.000014,0.000005,,,,0.000007,,,,0.000004,,,,,,,0.000003,,,,0.000017,,,,,,0.0,,,,,,,,,,,,,,,,,,,,,0.000011,,,0.000004,,,,,,,,,,,,,,,,,,0.0,,,,0.0,0.000001,,,,,,,,,,,,,,,,,,,,,,,,,
0.013771,0.000004,0.000063,0.000122,0.000166,0.000304,0.013464,0.016667,0.0,0.0,0.0,0.0,0.0,0.000004,0.000006,0.000002,0.000031,0.000022,0.0,0.000002,0.000096,0.000026,,,,,0.000024,,,0.000023,0.000013,,0.000011,0.000013,0.000005,,,,0.000007,,,,,,,,,,,,,,,0.000015,,,,,,0.000001,,,,,,,,,,,,,,,,,,,,,0.000012,,,0.000004,,,,,,,,,,,,,,,,,,0.0,,,,0.0,0.0,,0.000016,0.000023,0.000006,0.000009,0.000012,0.00001,0.00001,0.000007,,0.000004,0.000002,0.000001,,,,,,,0.000011,0.000003,,,,
0.004119,0.0,0.0,0.000003,0.000095,0.0,0.004117,0.016667,,,,,,,,,,,,,0.0,0.000003,,,,,,,,0.000027,0.000013,,0.000013,0.000014,0.000005,,,,0.000007,,,,,,,,,,,,,,,0.000016,,,,,,0.0,,,,,,,,,,,,,,,,,,,,,0.000013,,,0.000004,,,,,,,,,,,,,,,,,,0.000001,,,,0.0,0.0,,,,,,,,,,,,,,,,,,,,,,,,,
0.002196,0.000002,0.000065,0.000003,0.000188,0.0003,0.001893,0.016667,0.0,0.0,0.0,0.0,0.0,0.000002,0.000006,0.000002,0.000042,0.000013,0.0,0.000002,0.0,0.000003,,,,,0.000017,,,0.00002,0.000013,,0.000011,0.000011,0.000006,,,,0.000008,,,,,,,,,,,,,,,0.000015,,,,,,0.0,,,,,,,,,,,,,,,,,,,,,0.000013,,,0.000014,,,,,,,,,,,,,,,,,,0.000001,,,,0.000001,0.0,,0.000029,0.000028,0.000008,0.000012,0.000019,0.000012,0.000019,0.000011,,0.000006,0.000001,0.000002,,,,,,,0.000014,0.000003,,,,
0.0073,0.0,0.0,0.000029,0.000053,0.0,0.007299,0.016667,,,,,,,,,,,,,0.000016,0.000013,,,,,,,,0.00001,0.000007,,0.000006,0.000006,0.000004,,,,0.000005,,,,,,,,,,,,,,,0.00001,,,,,,0.0,,,,,,,,,,,,,,,,,,,,,0.000009,,,0.000002,,,,,,,,,,,,,,,,,,0.0,,,,0.000001,0.0,,,,,,,,,,,,,,,,,,,,,,,,,
0.006555,0.0,0.0,0.000096,0.000098,0.0,0.006553,0.016667,,,,,,,,,,,,,0.000082,0.000014,,,,,,,,0.000022,0.000013,,0.000012,0.000013,0.000005,,,,0.000008,,,,0.000004,,,,,,,0.000003,,,,0.000016,,,,,,0.0,,,,,,,,,,,,,,,,,,,,,0.000014,,,0.000004,,,,,,,,,,,,,,,,,,0.0,,,,0.0,0.0,,,,,,,,,,,,,,,,,,,,,,,,,
0.014301,0.000002,0.00008,0.000062,0.000216,0.000304,0.013995,0.016667,0.0,0.0,0.0,0.0,0.0,0.000002,0.000009,0.000001,0.000042,0.000026,0.000001,0.000001,0.000031,0.000031,,,,,0.000019,,,0.000023,0.000017,,0.000057,0.000013,0.000005,,,,0.000009,,,,,,,,,,,,,,,0.000014,,,,,,0.0,,,,,,,,,,,,,,,,,,,,,0.00001,,,0.000003,,,,,,,,,,,,,,,,,,0.0,,,,0.0,0.0,,0.000018,0.000027,0.000006,0.000012,0.000014,0.00001,0.000011,0.000007,,0.000005,0.000002,0.000002,,,,,,,0.000012,0.000003,,,,
0.002597,0.0,0.0,0.000001,0.000117,0.0,0.002594,0.016667,,,,,,,,,,,,,0.0,0.000001,,,,,,,,0.00003,0.000018,,0.000013,0.000016,0.000007,,,,0.000009,,,,,,,,,,,,,,,0.000021,,,,,,0.0,,,,,,,,,,,,,,,,,,,,,0.000017,,,0.000005,,,,,,,,,,,,,,,,,,0.000001,,,,0.0,0.0,,,,,,,,,,,,,,,,,,,,,,,,,
0.003508,0.000002,0.000066,0.000064,0.000166,0.000247,0.00326,0.016667,0.0,0.0,0.0,0.0,0.0,0.000002,0.000006,0.000002,0.000034,0.000023,0.0,0.000001,0.000051,0.000013,,,,,0.000016,,,0.000022,0.000014,,0.000012,0.000013,0.000007,,,,0.000008,,,,,,,,,,,,,,,0.000016,,,,,,0.0,,,,,,,,,,,,,,,,,,,,,0.000016,,,0.000003,,,,,,,,,,,,,,,,,,0.0,,,,0.0,0.0,,0.000017,0.000021,0.000005,0.000008,0.000013,0.000009,0.000011,0.000008,,0.000004,0.000002,0.000002,,,,,,,0.000011,0.000002,,,,
0.00699,0.0,0.0,0.000025,0.000092,0.0,0.006989,0.016667,,,,,,,,,,,,,0.000005,0.00002,,,,,,,,0.00002,0.000014,,0.000012,0.000012,0.000006,,,,0.000007,,,,,,,,,,,,,,,0.000017,,,,,,0.0,,,,,,,,,,,,,,,,,,,,,0.000014,,,0.000004,,,,,,,,,,,,,,,,,,0.0,,,,0.0,0.0,,,,,,,,,,,,,,,,,,,,,,,,,
0.006913,0.0,0.0,0.000003,0.000122,0.0,0.006909,0.016667,,,,,,,,,,,,,0.0,0.000003,,,,,,,,0.000024,0.000018,,0.000015,0.000016,0.000007,,,,0.000009,,,,0.000006,,,,,,,0.000003,,,,0.000021,,,,,,0.0,,,,,,,,,,,,,,,,,,,,,0.000016,,,0.000005,,,,,,,,,,,,,,,,,,0.0,,,,0.000001,0.0,,,,,,,,,,,,,,,,,,,,,,,,,
0.01511,0.000002,0.000092,0.000143,0.00018,0.000243,0.014865,0.016667,0.0,0.0,0.0,0.0,0.0,0.000002,0.000006,0.000001,0.000041,0.000043,0.0,0.000001,0.000105,0.000038,,,,,0.00002,,,0.000022,0.000015,,0.000014,0.000012,0.000006,,,,0.000008,,,,,,,,,,,,,,,0.000016,,,,,,0.000001,,,,,,,,,,,,,,,,,,,,,0.000016,,,0.000003,,,,,,,,,,,,,,,,,,0.0,,,,0.0,0.000001,,0.000019,0.000026,0.000006,0.00001,0.000015,0.00001,0.000011,0.000008,,0.000005,0.000002,0.000001,,,,,,,0.000012,0.000003,,,,
0.000591,0.0,0.0,0.000001,0.000105,0.0,0.000589,0.016667,,,,,,,,,,,,,0.0,0.000001,,,,,,,,0.000025,0.000016,,0.000011,0.000014,0.000005,,,,0.000014,,,,,,,,,,,,,,,0.000019,,,,,,0.0,,,,,,,,,,,,,,,,,,,,,0.00001,,,0.000004,,,,,,,,,,,,,,,,,,0.0,,,,0.000001,0.000001,,,,,,,,,,,,,,,,,,,,,,,,,
0.004868,0.000002,0.000054,0.000003,0.000113,0.000206,0.00466,0.016667,0.0,0.0,0.0,0.0,0.0,0.000002,0.000006,0.000002,0.000036,0.000009,0.0,0.000001,0.0,0.000003,,,,,0.000012,,,0.000013,0.000007,,0.000006,0.000008,0.000005,,,,0.000005,,,,,,,,,,,,,,,0.000007,,,,,,0.0,,,,,,,,,,,,,,,,,,,,,0.000008,,,0.000001,,,,,,,,,,,,,,,,,,0.0,,,,0.0,0.0,,0.000016,0.000019,0.000006,0.000007,0.000013,0.000008,0.00001,0.000007,,0.000003,0.000001,0.000001,,,,,,,0.00001,0.000002,,,,
0.006107,0.0,0.0,0.000025,0.000269,0.0,0.006102,0.016667,,,,,,,,,,,,,0.000011,0.000014,,,,,,,,0.000059,0.000036,,0.000035,0.000039,0.000009,,,,0.000022,,,,0.000021,,,,,,,0.00001,,,,0.000039,,,,,,0.0,,,,,,,,,,,,,,,,,,,,,0.000027,,,0.000013,,,,,,,,,,,,,,,,,,0.0,,,,0.000001,0.000001,,,,,,,,,,,,,,,,,,,,,,,,,
0.015189,0.000003,0.000068,0.000077,0.000231,0.000356,0.014832,0.016667,0.0,0.0,0.0,0.0,0.0,0.000003,0.000006,0.000001,0.00004,0.000017,0.000001,0.000003,0.000054,0.000023,,,,,0.000025,,,0.000029,0.000016,,0.000013,0.000017,0.000007,,,,0.000009,,,,,,,,,,,,,,,0.000018,,,,,,0.0,,,,,,,,,,,,,,,,,,,,,0.000015,,,0.000004,,,,,,,,,,,,,,,,,,0.0,,,,0.0,0.000001,,0.000037,0.000035,0.000021,0.000016,0.000019,0.000018,0.000014,0.000011,,0.000006,0.000003,0.000004,,,,,,,0.000016,0.000003,,,,
0.005146,0.0,0.0,0.000027,0.000096,0.0,0.005144,0.016667,,,,,,,,,,,,,0.000015,0.000012,,,,,,,,0.000026,0.000014,,0.000012,0.000014,0.000005,,,,0.000007,,,,,,,,,,,,,,,0.000016,,,,,,0.0,,,,,,,,,,,,,,,,,,,,,0.000013,,,0.000004,,,,,,,,,,,,,,,,,,0.000001,,,,0.0,0.000001,,,,,,,,,,,,,,,,,,,,,,,,,
0.00062,0.0,0.0,0.0,0.000095,0.0,0.000619,0.016667,,,,,,,,,,,,,0.0,0.0,,,,,,,,0.000022,0.000013,,0.00001,0.000012,0.000006,,,,0.000007,,,,,,,,,,,,,,,0.000017,,,,,,0.0,,,,,,,,,,,,,,,,,,,,,0.000016,,,0.000004,,,,,,,,,,,,,,,,,,0.000001,,,,0.000001,0.0,,,,,,,,,,,,,,,,,,,,,,,,,
0.013132,0.000002,0.000091,0.000111,0.000117,0.000208,0.012923,0.016667,0.0,0.0,0.0,0.0,0.0,0.000002,0.000009,0.000002,0.000051,0.000028,0.0,0.000001,0.000092,0.000019,,,,,0.000012,,,0.000012,0.000008,,0.000008,0.000008,0.000004,,,,0.000004,,,,,,,,,,,,,,,0.000012,,,,,,0.0,,,,,,,,,,,,,,,,,,,,,0.000008,,,0.000002,,,,,,,,,,,,,,,,,,0.0,,,,0.0,0.0,,0.000017,0.00002,0.000005,0.000008,0.000013,0.000008,0.00001,0.000007,,0.000003,0.000001,0.000001,,,,,,,0.00001,0.000003,,,,
0.015782,0.0,0.0,0.000069,0.000094,0.0,0.01578,0.016667,,,,,,,,,,,,,0.000033,0.000036,,,,,,,,0.00002,0.000014,,0.000012,0.000014,0.000005,,,,0.000007,,,,0.000004,,,,,,,0.000002,,,,0.000015,,,,,,0.0,,,,,,,,,,,,,,,,,,,,,0.000013,,,0.000004,,,,,,,,,,,,,,,,,,0.0,,,,0.0,0.0,,,,,,,,,,,,,,,,,,,,,,,,,
0.004488,0.000002,0.000064,0.000072,0.00018,0.000341,0.004145,0.016667,0.0,0.0,0.0,0.0,0.0,0.000002,0.000006,0.000002,0.000044,0.000009,0.000001,0.000002,0.000061,0.000011,,,,,0.000022,,,0.000019,0.000013,,0.000012,0.000011,0.000005,,,,0.000007,,,,,,,,,,,,,,,0.000011,,,,,,0.0,,,,,,,,,,,,,,,,,,,,,0.000011,,,0.000003,,,,,,,,,,,,,,,,,,0.0,,,,0.0,0.0,,0.000025,0.000032,0.000008,0.000014,0.000019,0.000013,0.000015,0.000011,,0.000006,0.000002,0.000002,,,,,,,0.000015,0.000003,,,,
0.00061,0.0,0.0,0.0,0.000087,0.0,0.000608,0.016667,,,,,,,,,,,,,0.0,0.0,,,,,,,,0.000018,0.000011,,0.000011,0.000012,0.000005,,,,0.000007,,,,0.000004,,,,,,,0.000003,,,,0.000014,,,,,,0.000001,,,,,,,,,,,,,,,,,,,,,0.000011,,,0.000003,,,,,,,,,,,,,,,,,,0.0,,,,0.0,0.000001,,,,,,,,,,,,,,,,,,,,,,,,,
0.006581,0.0,0.0,0.000008,0.000064,0.0,0.006581,0.016667,,,,,,,,,,,,,0.0,0.000008,,,,,,,,0.000014,0.000009,,0.000008,0.000008,0.000003,,,,0.000005,,,,,,,,,,,,,,,0.000012,,,,,,0.0,,,,,,,,,,,,,,,,,,,,,0.00001,,,0.000002,,,,,,,,,,,,,,,,,,0.0,,,,0.000001,0.000001,,,,,,,,,,,,,,,,,,,,,,,,,
0.006926,0.000002,0.000107,0.000073,0.000192,0.000326,0.006597,0.016667,0.0,0.0,0.0,0.0,0.0,0.000002,0.00001,0.000002,0.000042,0.000051,0.0,0.000002,0.00001,0.000063,,,,,0.000019,,,0.000024,0.000015,,0.000012,0.000013,0.000006,,,,0.000009,,,,,,,,,,,,,,,0.000016,,,,,,0.000001,,,,,,,,,,,,,,,,,,,,,0.000015,,,0.000005,,,,,,,,,,,,,,,,,,0.0,,,,0.000001,0.0,,0.000025,0.000029,0.000008,0.000012,0.000018,0.000013,0.000015,0.000011,,0.000005,0.000002,0.000002,,,,,,,0.000013,0.000002,,,,
0.01889,0.0,0.0,0.000113,0.000127,0.0,0.018887,0.016667,,,,,,,,,,,,,0.000075,0.000038,,,,,,,,0.000033,0.000018,,0.000016,0.000018,0.000007,,,,0.000009,,,,,,,,,,,,,,,0.000022,,,,,,0.0,,,,,,,,,,,,,,,,,,,,,0.000018,,,0.000006,,,,,,,,,,,,,,,,,,0.000001,,,,0.000001,0.000001,,,,,,,,,,,,,,,,,,,,,,,,,
0.001156,0.000002,0.000113,0.000001,0.000214,0.000329,0.000824,0.016667,0.0,0.0,0.0,0.0,0.0,0.000002,0.000008,0.000002,0.00005,0.00005,0.000001,0.000002,0.0,0.000001,,,,,0.00002,,,0.000024,0.000018,,0.000014,0.000014,0.000007,,,,0.000009,,,,0.000006,,,,,,,0.000003,,,,0.000017,,,,,,0.0,,,,,,,,,,,,,,,,,,,,,0.000016,,,0.000004,,,,,,,,,,,,,,,,,,0.0,,,,0.0,0.0,,0.000025,0.000033,0.000008,0.000014,0.00002,0.000013,0.000015,0.000012,,0.000006,0.000003,0.000001,,,,,,,0.000015,0.000003,,,,
0.000446,0.0,0.0,0.0,0.000068,0.0,0.000446,0.016667,,,,,,,,,,,,,0.0,0.0,,,,,,,,0.000015,0.000009,,0.000009,0.000009,0.000005,,,,0.000006,,,,,,,,,,,,,,,0.000013,,,,,,0.0,,,,,,,,,,,,,,,,,,,,,0.000009,,,0.000003,,,,,,,,,,,,,,,,,,0.0,,,,0.000001,0.0,,,,,,,,,,,,,,,,,,,,,,,,,
0.355054,0.000001,0.000108,0.001871,0.000124,0.000187,0.354866,0.016667,0.0,0.0,0.0,0.0,0.0,0.000001,0.000012,0.000002,0.000065,0.000027,0.000001,0.000001,0.001317,0.000554,,,,,0.000009,,,0.000014,0.00001,,0.000008,0.000008,0.000006,,,,0.000006,,,,,,,,,,,,,,,0.000013,,,,,,0.0,,,,,,,,,,,,,,,,,,,,,0.000012,,,0.000002,,,,,,,,,,,,,,,,,,0.0,,,,0.0,0.0,,0.000016,0.000016,0.000005,0.000006,0.000012,0.000008,0.00001,0.000007,,0.000004,0.000002,0.000002,,,,,,,0.000008,0.000002,,,,
0.005666,0.000041,0.000657,0.000034,0.000607,0.001441,0.001546,0.016667,0.0,0.0,0.0,0.0,0.0,0.000004,0.000007,0.0,0.000041,0.000031,0.0,0.000014,0.000003,0.000031,,,,,0.000115,,,0.000023,0.000015,,0.000016,0.000014,0.000004,,,,0.000008,,,,,,,,,,,,,,,0.000014,,,,,,0.0,,0.000001,,,,,,,,,,,,,,,,,,,0.000013,,,0.000004,,,,,,,,,,,,,,,,,,0.000001,,,,0.0,0.0,,0.00013,0.000149,0.000039,0.000061,0.000101,0.000072,0.000075,0.000054,,0.000035,0.00001,0.000008,0.000003,,,,,,0.000073,0.000014,,,,
0.001313,0.00001,0.000178,0.000108,0.000229,0.000357,0.000714,0.016667,0.0,0.0,0.0,0.0,0.0,0.000003,0.000011,0.000002,0.000059,0.000028,0.0,0.000007,0.000077,0.000031,,,,,0.000026,,,0.000021,0.000016,,0.000014,0.000012,0.000006,,,,0.000008,,,,0.00001,,,,,,,0.000004,,,,0.000014,,,,,,0.0,,,,,0.000001,,,,,,,,,,,,,,,,0.00001,,,0.000003,,,,,,,,,,,,,,,,,,0.0,,,,0.0,0.0,,0.000029,0.000036,0.00001,0.000015,0.000025,0.000026,0.000016,0.000013,,0.000008,0.000003,0.000002,,,,,,,0.000017,0.000004,,,,
0.013426,0.0,0.0,0.000042,0.000084,0.0,0.013425,0.016667,,,,,,,,,,,,,0.000013,0.000029,,,,,,,,0.000015,0.000011,,0.000015,0.000009,0.000006,,,,0.000006,,,,,,,,,,,,,,,0.000017,,,,,,0.0,,,,,,,,,,,,,,,,,,,,,0.000013,,,0.000003,,,,,,,,,,,,,,,,,,0.0,,,,0.0,0.0,,,,,,,,,,,,,,,,,,,,,,,,,
0.000914,0.0,0.0,0.0,0.0001,0.0,0.000913,0.016667,,,,,,,,,,,,,0.0,0.0,,,,,,,,0.000026,0.000015,,0.000013,0.000016,0.000005,,,,0.000008,,,,,,,,,,,,,,,0.000019,,,,,,0.0,,,,,,,,,,,,,,,,,,,,,0.000011,,,0.000004,,,,,,,,,,,,,,,,,,0.0,,,,0.0,0.000001,,,,,,,,,,,,,,,,,,,,,,,,,
0.000656,0.0,0.0,0.000003,0.000101,0.0,0.000654,0.016667,,,,,,,,,,,,,0.0,0.000003,,,,,,,,0.000021,0.000009,,0.00001,0.000011,0.000004,,,,0.000006,,,,,,,,,,,,,,,0.000015,,,,,,0.000001,,,,,,,,,,,,,,,,,,,,,0.000015,,,0.000022,,,,,,,,,,,,,,,,,,0.0,,,,0.0,0.000001,,,,,,,,,,,,,,,,,,,,,,,,,
0.012701,0.0,0.0,0.000102,0.000079,0.0,0.0127,0.016667,,,,,,,,,,,,,0.000072,0.00003,,,,,,,,0.00002,0.00001,,0.000011,0.000012,0.000004,,,,0.000006,,,,,,,,,,,,,,,0.000012,,,,,,0.000001,,,,,,,,,,,,,,,,,,,,,0.000011,,,0.000003,,,,,,,,,,,,,,,,,,0.000001,,,,0.0,0.000001,,,,,,,,,,,,,,,,,,,,,,,,,
0.01752,0.000003,0.000081,0.000091,0.00016,0.000385,0.017132,0.016667,0.0,0.0,0.0,0.0,0.0,0.000003,0.000006,0.000001,0.000059,0.000013,0.0,0.000002,0.000057,0.000034,,,,,0.000019,,,0.000019,0.000012,,0.000011,0.000011,0.000005,,,,0.000006,,,,,,,,,,,,,,,0.000012,,,,,,0.0,,,,,,,,,,,,,,,,,,,,,0.000011,,,0.000003,,,,,,,,,,,,,,,,,,0.0,,,,0.000001,0.0,,0.000017,0.000024,0.000006,0.00001,0.000014,0.000018,0.00001,0.000007,,0.000004,0.000002,0.000001,,,,,,,0.000012,0.000003,,,,
0.001062,0.000003,0.000078,0.0,0.000273,0.000353,0.000707,0.016667,0.0,0.0,0.0,0.0,0.0,0.000003,0.00001,0.000003,0.000039,0.000025,0.0,0.000001,0.0,0.0,,,,,0.00002,,,0.000028,0.000021,,0.00002,0.000017,0.000007,,,,0.000012,,,,,,,,,,,,,,,0.000022,,,,,,0.0,,,,,,,,,,,,,,,,,,,,,0.000015,,,0.000005,,,,,,,,,,,,,,,,,,0.0,,,,0.000001,0.0,,0.000016,0.000027,0.000006,0.000011,0.000014,0.000077,0.000009,0.000008,,0.000005,0.000002,0.000001,,,,,,,0.000012,0.000003,,,,
0.0016,0.0,0.0,0.00002,0.000081,0.0,0.001598,0.016667,,,,,,,,,,,,,0.00001,0.00001,,,,,,,,0.000017,0.000012,,0.000009,0.00001,0.000006,,,,0.000006,,,,,,,,,,,,,,,0.000014,,,,,,0.0,,,,,,,,,,,,,,,,,,,,,0.000015,,,0.000003,,,,,,,,,,,,,,,,,,0.000001,,,,0.0,0.000001,,,,,,,,,,,,,,,,,,,,,,,,,
0.007033,0.000002,0.000097,0.000013,0.000202,0.000322,0.00671,0.016667,0.0,0.0,0.0,0.0,0.0,0.000002,0.000012,0.000004,0.000069,0.00001,0.000001,0.000001,0.0,0.000013,,,,,0.000011,,,0.000013,0.00001,,0.000008,0.000007,0.000004,,,,0.000005,,,,,,,,,,,,,,,0.00001,,,,,,0.0,,,,,,,,,,,,,,,,,,,,,0.00001,,,0.000002,,,,,,,,,,,,,,,,,,0.0,,,,0.000001,0.0,,0.000014,0.000018,0.000005,0.000007,0.000011,0.000093,0.000008,0.000006,,0.000003,0.000002,0.000001,,,,,,,0.000009,0.000002,,,,
0.007199,0.0,0.0,0.000074,0.000105,0.0,0.007197,0.016667,,,,,,,,,,,,,0.000061,0.000013,,,,,,,,0.000029,0.000017,,0.000013,0.000017,0.000007,,,,0.000007,,,,,,,,,,,,,,,0.000017,,,,,,0.000001,,,,,,,,,,,,,,,,,,,,,0.00001,,,0.000003,,,,,,,,,,,,,,,,,,0.0,,,,0.000001,0.000001,,,,,,,,,,,,,,,,,,,,,,,,,
0.015576,0.000003,0.00011,0.00007,0.000413,0.000547,0.015027,0.016667,0.0,0.0,0.0,0.0,0.0,0.000003,0.000007,0.000002,0.00005,0.000042,0.0,0.000009,0.000042,0.000028,,,,,0.000027,,,0.000021,0.000014,,0.000012,0.000012,0.000005,,,,0.000007,,,,,,,,,,,,,,,0.000012,,,,,,0.0,,,,,,,,,,,,,,,,,,,,,0.000011,,,0.000002,,,,,,,,,,,,,,,,,,0.0,,,,0.0,0.0,,0.00002,0.000036,0.000008,0.000015,0.000088,0.000177,0.00001,0.000074,,0.00001,0.000002,0.000002,,,,,,,0.000017,0.000004,,,,
0.000659,0.0,0.0,0.0,0.000094,0.0,0.000656,0.016667,,,,,,,,,,,,,0.0,0.0,,,,,,,,0.000027,0.000014,,0.000013,0.000015,0.000005,,,,0.000006,,,,,,,,,,,,,,,0.000015,,,,,,0.0,,,,,,,,,,,,,,,,,,,,,0.000013,,,0.000004,,,,,,,,,,,,,,,,,,0.0,,,,0.0,0.0,,,,,,,,,,,,,,,,,,,,,,,,,
0.004793,0.000004,0.000073,0.000008,0.000215,0.000356,0.004436,0.016667,0.0,0.0,0.0,0.0,0.0,0.000004,0.000012,0.000003,0.000037,0.000014,0.000001,0.000006,0.0,0.000008,,,,,0.000015,,,0.000015,0.000009,,0.000009,0.000009,0.000004,,,,0.000005,,,,,,,,,,,,,,,0.000011,,,,,,0.0,,,,,,,,,,,,,,,,,,,,,0.00001,,,0.000002,,,,,,,,,,,,,,,,,,0.000001,,,,0.0,0.0,,0.000016,0.000021,0.000007,0.000008,0.000012,0.000096,0.000008,0.000007,,0.000004,0.000001,0.000002,,,,,,,0.00001,0.000002,,,,
0.006273,0.0,0.0,0.000027,0.000089,0.0,0.006272,0.016667,,,,,,,,,,,,,0.000016,0.000011,,,,,,,,0.000024,0.000013,,0.000011,0.000014,0.000005,,,,0.000007,,,,,,,,,,,,,,,0.000015,,,,,,0.0,,,,,,,,,,,,,,,,,,,,,0.000012,,,0.000004,,,,,,,,,,,,,,,,,,0.0,,,,0.0,0.0,,,,,,,,,,,,,,,,,,,,,,,,,
0.007015,0.0,0.0,0.000079,0.000091,0.0,0.007014,0.016667,,,,,,,,,,,,,0.000057,0.000022,,,,,,,,0.000024,0.000013,,0.000011,0.000013,0.000005,,,,0.000009,,,,,,,,,,,,,,,0.000015,,,,,,0.0,,,,,,,,,,,,,,,,,,,,,0.000011,,,0.000004,,,,,,,,,,,,,,,,,,0.000001,,,,0.0,0.0,,,,,,,,,,,,,,,,,,,,,,,,,
0.013742,0.000003,0.00011,0.000066,0.000305,0.000451,0.013289,0.016667,0.0,0.0,0.0,0.0,0.0,0.000003,0.000008,0.000003,0.000046,0.000043,0.0,0.00001,0.000049,0.000017,,,,,0.000024,,,0.000023,0.000014,,0.000012,0.000013,0.000005,,,,0.000006,,,,,,,,,,,,,,,0.000013,,,,,,0.0,,,,,,,,,,,,,,,,,,,,,0.00001,,,0.000003,,,,,,,,,,,,,,,,,,0.0,,,,0.000001,0.0,,0.00002,0.000029,0.000007,0.000011,0.000017,0.000142,0.000011,0.000009,,0.000006,0.000002,0.000002,,,,,,,0.000014,0.000003,,,,
0.001139,0.0,0.0,0.0,0.000114,0.0,0.001137,0.016667,,,,,,,,,,,,,0.0,0.0,,,,,,,,0.000031,0.000017,,0.000014,0.000017,0.000007,,,,0.000008,,,,,,,,,,,,,,,0.00002,,,,,,0.0,,,,,,,,,,,,,,,,,,,,,0.000016,,,0.000005,,,,,,,,,,,,,,,,,,0.0,,,,0.0,0.0,,,,,,,,,,,,,,,,,,,,,,,,,
0.005364,0.000004,0.000094,0.000085,0.00026,0.000395,0.004968,0.016667,0.0,0.0,0.0,0.0,0.0,0.000004,0.000011,0.000004,0.000049,0.000022,0.000001,0.000007,0.000072,0.000013,,,,,0.000019,,,0.000019,0.000011,,0.000011,0.000011,0.000006,,,,0.000007,,,,,,,,,,,,,,,0.000012,,,,,,0.0,,,,,,,,,,,,,,,,,,,,,0.000009,,,0.000003,,,,,,,,,,,,,,,,,,0.000001,,,,0.000001,0.000001,,0.000017,0.000026,0.000006,0.00001,0.000014,0.000114,0.000009,0.000008,,0.000004,0.000002,0.000002,,,,,,,0.000012,0.000003,,,,
0.007031,0.0,0.0,0.000011,0.000099,0.0,0.007029,0.016667,,,,,,,,,,,,,0.0,0.000011,,,,,,,,0.000031,0.000013,,0.000015,0.000017,0.000005,,,,0.000006,,,,,,,,,,,,,,,0.000016,,,,,,0.000001,,,,,,,,,,,,,,,,,,,,,0.000012,,,0.000004,,,,,,,,,,,,,,,,,,0.0,,,,0.0,0.0,,,,,,,,,,,,,,,,,,,,,,,,,
0.014749,0.000004,0.000109,0.000146,0.000302,0.00042,0.014326,0.016667,0.0,0.0,0.0,0.0,0.0,0.000004,0.00001,0.000004,0.000051,0.000034,0.0,0.00001,0.000116,0.00003,,,,,0.000021,,,0.000021,0.000013,,0.000011,0.000012,0.000005,,,,0.000007,,,,,,,,,,,,,,,0.000048,,,,,,0.000001,,,,,,,,,,,,,,,,,,,,,0.000011,,,0.000003,,,,,,,,,,,,,,,,,,0.0,,,,0.0,0.0,,0.000016,0.000034,0.000006,0.000015,0.000014,0.000114,0.000008,0.000007,,0.000005,0.000003,0.000002,,,,,,,0.000015,0.000003,,,,
0.005618,0.0,0.0,0.000012,0.000122,0.0,0.005615,0.016667,,,,,,,,,,,,,0.0,0.000012,,,,,,,,0.000033,0.000018,,0.000015,0.000019,0.000007,,,,0.000009,,,,,,,,,,,,,,,0.00002,,,,,,0.0,,,,,,,,,,,,,,,,,,,,,0.000018,,,0.000005,,,,,,,,,,,,,,,,,,0.0,,,,0.0,0.0,,,,,,,,,,,,,,,,,,,,,,,,,
0.001117,0.000003,0.000089,0.000011,0.000322,0.000479,0.000634,0.016667,0.0,0.0,0.0,0.0,0.0,0.000003,0.000012,0.000003,0.000048,0.000016,0.000001,0.000009,0.000003,0.000008,,,,,0.000027,,,0.000021,0.000013,,0.000012,0.000012,0.000005,,,,0.000007,,,,,,,,,,,,,,,0.000012,,,,,,0.0,,,,,,,,,,,,,,,,,,,,,0.000011,,,0.000003,,,,,,,,,,,,,,,,,,0.0,,,,0.0,0.000001,,0.000021,0.000034,0.000008,0.000013,0.000018,0.000151,0.000011,0.00001,,0.000005,0.000003,0.000002,,,,,,,0.000017,0.000004,,,,
0.006063,0.0,0.0,0.000007,0.000049,0.0,0.006062,0.016667,,,,,,,,,,,,,0.0,0.000007,,,,,,,,0.000011,0.000007,,0.000006,0.000006,0.000004,,,,0.000003,,,,,,,,,,,,,,,0.000008,,,,,,0.0,,,,,,,,,,,,,,,,,,,,,0.000008,,,0.000002,,,,,,,,,,,,,,,,,,0.0,,,,0.000001,0.0,,,,,,,,,,,,,,,,,,,,,,,,,
0.006482,0.0,0.0,0.000105,0.000088,0.0,0.00648,0.016667,,,,,,,,,,,,,0.000092,0.000013,,,,,,,,0.000023,0.000012,,0.000011,0.000013,0.000005,,,,0.000007,,,,,,,,,,,,,,,0.000013,,,,,,0.000001,,,,,,,,,,,,,,,,,,,,,0.000012,,,0.000004,,,,,,,,,,,,,,,,,,0.000001,,,,0.0,0.000001,,,,,,,,,,,,,,,,,,,,,,,,,
0.014348,0.000002,0.000096,0.000035,0.000264,0.000371,0.013975,0.016667,0.0,0.0,0.0,0.0,0.0,0.000002,0.000016,0.000004,0.000048,0.00002,0.000001,0.000007,0.000017,0.000018,,,,,0.000018,,,0.000027,0.000013,,0.000016,0.000016,0.000005,,,,0.000006,,,,,,,,,,,,,,,0.000012,,,,,,0.0,,,,,,,,,,,,,,,,,,,,,0.000011,,,0.000003,,,,,,,,,,,,,,,,,,0.0,,,,0.0,0.000001,,0.000019,0.000024,0.000007,0.000009,0.000018,0.000101,0.00001,0.000009,,0.000006,0.000002,0.000001,,,,,,,0.000012,0.000003,,,,
0.004061,0.0,0.0,0.000076,0.000093,0.0,0.004059,0.016667,,,,,,,,,,,,,0.000065,0.000011,,,,,,,,0.000019,0.000013,,0.000011,0.000013,0.000005,,,,0.000006,,,,0.000007,,,,,,,0.000003,,,,0.000015,,,,,,0.0,,,,,0.0,,,,,,,,,,,,,,,,0.000014,,,0.000003,,,,,,,,,,,,,,,,,,0.0,,,,0.0,0.0,,,,,,,,,,,,,,,,,,,,,,,,,
0.001895,0.000003,0.000088,0.000001,0.000233,0.000328,0.001565,0.016667,0.0,0.0,0.0,0.0,0.0,0.000003,0.000009,0.000002,0.000055,0.00002,0.000001,0.000001,0.0,0.000001,,,,,0.000017,,,0.00002,0.000013,,0.000013,0.000011,0.000005,,,,0.000006,,,,,,,,,,,,,,,0.000011,,,,,,0.0,,,,,,,,,,,,,,,,,,,,,0.000009,,,0.000003,,,,,,,,,,,,,,,,,,0.0,,,,0.000001,0.0,,0.000016,0.000026,0.000006,0.000011,0.000014,0.000093,0.000008,0.000007,,0.000004,0.000002,0.000001,,,,,,,0.000012,0.000002,,,,
0.007189,0.0,0.0,0.000006,0.000054,0.0,0.007188,0.016667,,,,,,,,,,,,,0.0,0.000006,,,,,,,,0.000011,0.000008,,0.000006,0.000007,0.000004,,,,0.000005,,,,,,,,,,,,,,,0.00001,,,,,,0.0,,,,,,,,,,,,,,,,,,,,,0.000009,,,0.000002,,,,,,,,,,,,,,,,,,0.0,,,,0.0,0.0,,,,,,,,,,,,,,,,,,,,,,,,,
0.006888,0.0,0.0,0.00003,0.000109,0.0,0.006885,0.016667,,,,,,,,,,,,,0.000016,0.000014,,,,,,,,0.000028,0.000016,,0.000014,0.000014,0.000006,,,,0.000008,,,,,,,,,,,,,,,0.00002,,,,,,0.000001,,,,,,,,,,,,,,,,,,,,,0.000016,,,0.000004,,,,,,,,,,,,,,,,,,0.0,,,,0.0,0.0,,,,,,,,,,,,,,,,,,,,,,,,,
0.01542,0.000002,0.000073,0.00012,0.000242,0.000327,0.015092,0.016667,0.0,0.0,0.0,0.0,0.0,0.000002,0.000007,0.000003,0.000043,0.000018,0.0,0.000002,0.000083,0.000037,,,,,0.000018,,,0.000025,0.000011,,0.000016,0.000015,0.000005,,,,0.000006,,,,,,,,,,,,,,,0.000012,,,,,,0.0,,,,,,,,,,,,,,,,,,,,,0.000009,,,0.000003,,,,,,,,,,,,,,,,,,0.0,,,,0.000001,0.0,,0.000016,0.000029,0.000007,0.000011,0.000013,0.000085,0.000009,0.000007,,0.000005,0.000002,0.000002,,,,,,,0.000013,0.000003,,,,
0.002569,0.0,0.0,0.000004,0.000092,0.0,0.002567,0.016667,,,,,,,,,,,,,0.0,0.000004,,,,,,,,0.000024,0.000014,,0.000012,0.000013,0.000005,,,,0.000006,,,,,,,,,,,,,,,0.000015,,,,,,0.0,,,,,,,,,,,,,,,,,,,,,0.000014,,,0.000004,,,,,,,,,,,,,,,,,,0.0,,,,0.0,0.0,,,,,,,,,,,,,,,,,,,,,,,,,
0.002924,0.000003,0.000076,0.000005,0.000255,0.000401,0.002522,0.016667,0.0,0.0,0.0,0.0,0.0,0.000003,0.000005,0.000003,0.000043,0.000019,0.000001,0.000005,0.0,0.000005,,,,,0.000014,,,0.000018,0.000012,,0.000008,0.000011,0.000005,,,,0.000006,,,,,,,,,,,,,,,0.000013,,,,,,0.0,,,,,,,,,,,,,,,,,,,,,0.000013,,,0.000003,,,,,,,,,,,,,,,,,,0.000001,,,,0.0,0.0,,0.000019,0.000027,0.000007,0.000011,0.000018,0.00011,0.000011,0.000011,,0.000005,0.000002,0.000002,,,,,,,0.000012,0.000002,,,,
0.006515,0.0,0.0,0.000066,0.00024,0.0,0.006509,0.016667,,,,,,,,,,,,,0.000058,0.000008,,,,,,,,0.00008,0.000039,,0.000033,0.000042,0.000012,,,,0.000021,,,,,,,,,,,,,,,0.000036,,,,,,0.0,,,,,,,,,,,,,,,,,,,,,0.000017,,,0.000008,,,,,,,,,,,,,,,,,,0.0,,,,0.0,0.0,,,,,,,,,,,,,,,,,,,,,,,,,
0.006863,0.0,0.0,0.000032,0.000105,0.0,0.006861,0.016667,,,,,,,,,,,,,0.000018,0.000014,,,,,,,,0.000028,0.000015,,0.000012,0.000016,0.000007,,,,0.000008,,,,,,,,,,,,,,,0.000018,,,,,,0.0,,,,,,,,,,,,,,,,,,,,,0.000016,,,0.000004,,,,,,,,,,,,,,,,,,0.0,,,,0.0,0.0,,,,,,,,,,,,,,,,,,,,,,,,,
0.014451,0.000003,0.000111,0.000084,0.000285,0.000343,0.014106,0.016667,0.0,0.0,0.0,0.0,0.0,0.000003,0.000007,0.000002,0.00005,0.000051,0.0,0.000001,0.000065,0.000019,,,,,0.00002,,,0.000065,0.000019,,0.000014,0.000011,0.000006,,,,0.00001,,,,,,,,,,,,,,,0.000018,,,,,,0.0,,,,,,,,,,,,,,,,,,,,,0.000012,,,0.000004,,,,,,,,,,,,,,,,,,0.0,,,,0.0,0.0,,0.000021,0.000029,0.000008,0.000012,0.00002,0.000058,0.00001,0.000009,,0.000008,0.000002,0.000002,,,,,,,0.000014,0.000003,,,,
0.001355,0.0,0.0,0.000002,0.00009,0.0,0.001352,0.016667,,,,,,,,,,,,,0.0,0.000002,,,,,,,,0.000024,0.000014,,0.000012,0.000012,0.000004,,,,0.000007,,,,,,,,,,,,,,,0.000015,,,,,,0.0,,,,,,,,,,,,,,,,,,,,,0.000014,,,0.000003,,,,,,,,,,,,,,,,,,0.0,,,,0.000001,0.0,,,,,,,,,,,,,,,,,,,,,,,,,
0.004654,0.000003,0.000082,0.000019,0.000206,0.000279,0.004374,0.016667,0.0,0.0,0.0,0.0,0.0,0.000003,0.000008,0.000004,0.00004,0.000029,0.0,0.000001,0.000011,0.000008,,,,,0.000014,,,0.000021,0.000014,,0.000017,0.000012,0.000006,,,,0.000008,,,,,,,,,,,,,,,0.000016,,,,,,0.0,,,,,,,,,,,,,,,,,,,,,0.000014,,,0.000004,,,,,,,,,,,,,,,,,,0.0,,,,0.0,0.0,,0.000016,0.000022,0.000006,0.000009,0.000012,0.000051,0.000008,0.000007,,0.000004,0.000002,0.000001,,,,,,,0.000011,0.000003,,,,
0.006744,0.0,0.0,0.000078,0.000078,0.0,0.006742,0.016667,,,,,,,,,,,,,0.000065,0.000013,,,,,,,,0.00002,0.00001,,0.000013,0.000011,0.000005,,,,0.000005,,,,,,,,,,,,,,,0.000013,,,,,,0.000001,,,,,,,,,,,,,,,,,,,,,0.000011,,,0.000037,,,,,,,,,,,,,,,,,,0.0,,,,0.0,0.0,,,,,,,,,,,,,,,,,,,,,,,,,
0.008529,0.0,0.0,0.000008,0.000092,0.0,0.008528,0.016667,,,,,,,,,,,,,0.0,0.000008,,,,,,,,0.000026,0.000014,,0.000011,0.000013,0.000004,,,,0.000007,,,,,,,,,,,,,,,0.000016,,,,,,0.0,,,,,,,,,,,,,,,,,,,,,0.000012,,,0.000004,,,,,,,,,,,,,,,,,,0.000001,,,,0.0,0.0,,,,,,,,,,,,,,,,,,,,,,,,,
0.0129,0.000004,0.000078,0.000052,0.000282,0.000559,0.012339,0.016667,0.0,0.0,0.0,0.0,0.0,0.000004,0.000007,0.000003,0.00004,0.000021,0.0,0.000007,0.000028,0.000024,,,,,0.000021,,,0.000022,0.000017,,0.000013,0.000013,0.000006,,,,0.000009,,,,,,,,,,,,,,,0.000016,,,,,,0.0,,,,,,,,,,,,,,,,,,,,,0.000015,,,0.000004,,,,,,,,,,,,,,,,,,0.0,,,,0.000001,0.000001,,0.000024,0.000034,0.000009,0.000014,0.00002,0.000092,0.000013,0.000011,,0.000006,0.000003,0.000001,,,,,,,0.000015,0.000003,,,,
0.000617,0.0,0.0,0.0,0.000122,0.0,0.000615,0.016667,,,,,,,,,,,,,0.0,0.0,,,,,,,,0.000035,0.000022,,0.000019,0.000021,0.000007,,,,0.00001,,,,,,,,,,,,,,,0.000017,,,,,,0.0,,,,,,,,,,,,,,,,,,,,,0.000013,,,0.000004,,,,,,,,,,,,,,,,,,0.0,,,,0.0,0.0,,,,,,,,,,,,,,,,,,,,,,,,,
0.006117,0.000002,0.000108,0.000012,0.00019,0.000268,0.005848,0.016667,0.0,0.0,0.0,0.0,0.0,0.000002,0.000008,0.000003,0.000066,0.000029,0.000001,0.000001,0.0,0.000012,,,,,0.000013,,,0.000015,0.000008,,0.000009,0.000007,0.000004,,,,0.00001,,,,,,,,,,,,,,,0.000008,,,,,,0.0,,,,,,,,,,,,,,,,,,,,,0.000009,,,0.000002,,,,,,,,,,,,,,,,,,0.0,,,,0.0,0.0,,0.000015,0.000022,0.000006,0.000009,0.000013,0.000073,0.000008,0.000007,,0.000004,0.000001,0.000002,,,,,,,0.00001,0.000003,,,,
0.005931,0.0,0.0,0.000073,0.000091,0.0,0.005929,0.016667,,,,,,,,,,,,,0.000061,0.000012,,,,,,,,0.000024,0.000013,,0.000012,0.000012,0.000004,,,,0.000006,,,,,,,,,,,,,,,0.000017,,,,,,0.0,,,,,,,,,,,,,,,,,,,,,0.000013,,,0.000004,,,,,,,,,,,,,,,,,,0.000001,,,,0.0,0.0,,,,,,,,,,,,,,,,,,,,,,,,,
0.015428,0.0,0.0,0.000055,0.000112,0.0,0.015426,0.016667,,,,,,,,,,,,,0.000018,0.000037,,,,,,,,0.000026,0.000017,,0.000013,0.000014,0.000007,,,,0.000009,,,,,,,,,,,,,,,0.000018,,,,,,0.000001,,,,,,,,,,,,,,,,,,,,,0.00002,,,0.000004,,,,,,,,,,,,,,,,,,0.0,,,,0.0,0.0,,,,,,,,,,,,,,,,,,,,,,,,,
0.005061,0.000007,0.000057,0.000002,0.000349,0.000479,0.004575,0.016667,0.0,0.0,0.0,0.0,0.0,0.000007,0.000005,0.000002,0.00004,0.000008,0.0,0.000002,0.0,0.000002,,,,,0.000021,,,0.000021,0.000013,,0.000016,0.000011,0.000004,,,,0.000007,,,,,,,,,,,,,,,0.000012,,,,,,0.000001,,,,,,,,,,,,,,,,,,,,,0.000012,,,0.000003,,,,,,,,,,,,,,,,,,0.000001,,,,0.0,0.0,,0.000024,0.000034,0.000009,0.000014,0.00002,0.000172,0.000013,0.000012,,0.000006,0.000002,0.000002,,,,,,,0.000016,0.000003,,,,
0.000668,0.0,0.0,0.0,0.000119,0.0,0.000667,0.016667,,,,,,,,,,,,,0.0,0.0,,,,,,,,0.000027,0.000019,,0.000016,0.000014,0.000008,,,,0.000011,,,,,,,,,,,,,,,0.000018,,,,,,0.000001,,,,,,,,,,,,,,,,,,,,,0.000017,,,0.000004,,,,,,,,,,,,,,,,,,0.0,,,,0.000001,0.000001,,,,,,,,,,,,,,,,,,,,,,,,,
0.013358,0.000002,0.00008,0.000105,0.000164,0.000231,0.013126,0.016667,0.0,0.0,0.0,0.0,0.0,0.000002,0.000008,0.000003,0.000047,0.000022,0.0,0.0,0.000085,0.00002,,,,,0.000009,,,0.000013,0.000008,,0.000009,0.000008,0.000006,,,,0.000004,,,,,,,,,,,,,,,0.000009,,,,,,0.0,,,,,,,,,,,,,,,,,,,,,0.000009,,,0.000002,,,,,,,,,,,,,,,,,,0.0,,,,0.0,0.0,,0.000015,0.000018,0.000005,0.000007,0.000012,0.00006,0.000008,0.000007,,0.000003,0.000001,0.000001,,,,,,,0.000008,0.000001,,,,
0.019225,0.0,0.0,0.000129,0.000112,0.0,0.019222,0.016667,,,,,,,,,,,,,0.000092,0.000037,,,,,,,,0.000028,0.000017,,0.000014,0.000015,0.000007,,,,0.000008,,,,,,,,,,,,,,,0.00002,,,,,,0.0,,,,,,,,,,,,,,,,,,,,,0.000017,,,0.000004,,,,,,,,,,,,,,,,,,0.0,,,,0.0,0.0,,,,,,,,,,,,,,,,,,,,,,,,,
0.001136,0.000005,0.000065,0.000018,0.000329,0.000433,0.0007,0.016667,0.0,0.0,0.0,0.0,0.0,0.000005,0.000006,0.000002,0.000038,0.000011,0.000001,0.000007,0.000011,0.000007,,,,,0.000021,,,0.000028,0.000018,,0.000015,0.000017,0.000007,,,,0.000008,,,,0.000008,,,,,,,0.000003,,,,0.000019,,,,,,0.000001,,,,,,,,,,,,,,,,,,,,,0.000017,,,0.000004,,,,,,,,,,,,,,,,,,0.0,,,,0.0,0.0,,0.000027,0.000037,0.00001,0.000015,0.000023,0.000109,0.000015,0.000013,,0.000007,0.000002,0.000002,,,,,,,0.000017,0.000004,,,,
0.000431,0.0,0.0,0.0,0.000058,0.0,0.00043,0.016667,,,,,,,,,,,,,0.0,0.0,,,,,,,,0.000013,0.000009,,0.000007,0.000008,0.000004,,,,0.000004,,,,,,,,,,,,,,,0.000009,,,,,,0.000001,,,,,,,,,,,,,,,,,,,,,0.000009,,,0.000002,,,,,,,,,,,,,,,,,,0.0,,,,0.000001,0.0,,,,,,,,,,,,,,,,,,,,,,,,,
0.006624,0.0,0.0,0.000004,0.000042,0.0,0.006623,0.016667,,,,,,,,,,,,,0.0,0.000004,,,,,,,,0.000008,0.000006,,0.000005,0.000005,0.000003,,,,0.000003,,,,,,,,,,,,,,,0.000008,,,,,,0.0,,,,,,,,,,,,,,,,,,,,,0.000007,,,0.000002,,,,,,,,,,,,,,,,,,0.000001,,,,0.0,0.0,,,,,,,,,,,,,,,,,,,,,,,,,
0.006961,0.000003,0.000082,0.000065,0.000261,0.000391,0.006567,0.016667,0.0,0.0,0.0,0.0,0.0,0.000003,0.000009,0.000003,0.000046,0.000021,0.000001,0.000002,0.000054,0.000011,,,,,0.000018,,,0.000024,0.000011,,0.000008,0.000015,0.000004,,,,0.000008,,,,,,,,,,,,,,,0.00001,,,,,,0.0,,,,,,,,,,,,,,,,,,,,,0.000011,,,0.000002,,,,,,,,,,,,,,,,,,0.0,,,,0.0,0.0,,0.000022,0.000026,0.000008,0.000011,0.000019,0.00011,0.000012,0.000011,,0.000006,0.000002,0.000002,,,,,,,0.000012,0.000003,,,,
0.018787,0.0,0.0,0.000132,0.000124,0.0,0.018785,0.016667,,,,,,,,,,,,,0.000098,0.000034,,,,,,,,0.000035,0.000017,,0.000016,0.000019,0.000008,,,,0.00001,,,,,,,,,,,,,,,0.000021,,,,,,0.0,,,,,,,,,,,,,,,,,,,,,0.000016,,,0.000005,,,,,,,,,,,,,,,,,,0.0,,,,0.0,0.0,,,,,,,,,,,,,,,,,,,,,,,,,
0.00132,0.000003,0.000102,0.000002,0.000298,0.000491,0.000826,0.016667,0.0,0.0,0.0,0.0,0.0,0.000003,0.000011,0.000003,0.000065,0.000014,0.0,0.000009,0.0,0.000002,,,,,0.000022,,,0.000022,0.000018,,0.000013,0.000013,0.000006,,,,0.000009,,,,,,,,,,,,,,,0.000014,,,,,,0.0,,,,,,,,,,,,,,,,,,,,,0.000015,,,0.000003,,,,,,,,,,,,,,,,,,0.0,,,,0.0,0.000001,,0.000023,0.000032,0.000009,0.000013,0.00002,0.000116,0.000012,0.000011,,0.000006,0.000003,0.000001,,,,,,,0.000015,0.000003,,,,
0.000393,0.0,0.0,0.0,0.000053,0.0,0.000393,0.016667,,,,,,,,,,,,,0.0,0.0,,,,,,,,0.000012,0.000007,,0.000007,0.000007,0.000003,,,,0.000004,,,,,,,,,,,,,,,0.000009,,,,,,0.0,,,,,,,,,,,,,,,,,,,,,0.000009,,,0.000001,,,,,,,,,,,,,,,,,,0.000001,,,,0.0,0.0,,,,,,,,,,,,,,,,,,,,,,,,,
0.006909,0.0,0.0,0.000027,0.000041,0.0,0.006908,0.016667,,,,,,,,,,,,,0.000015,0.000012,,,,,,,,0.000009,0.000006,,0.000004,0.000006,0.000003,,,,0.000003,,,,,,,,,,,,,,,0.000007,,,,,,0.0,,,,,,,,,,,,,,,,,,,,,0.000006,,,0.000002,,,,,,,,,,,,,,,,,,0.0,,,,0.000001,0.0,,,,,,,,,,,,,,,,,,,,,,,,,
0.006669,0.000002,0.000151,0.000006,0.000261,0.000393,0.006273,0.016667,0.0,0.0,0.0,0.0,0.0,0.000002,0.000014,0.000003,0.000055,0.000077,0.0,0.000002,0.0,0.000006,,,,,0.000018,,,0.000024,0.000022,,0.000017,0.000014,0.000006,,,,0.000007,,,,,,,,,,,,,,,0.000015,,,,,,0.0,,,,,,,,,,,,,,,,,,,,,0.000014,,,0.000003,,,,,,,,,,,,,,,,,,0.0,,,,0.0,0.0,,0.000021,0.000027,0.000008,0.000011,0.000019,0.000078,0.000012,0.000011,,0.000006,0.000001,0.000002,,,,,,,0.000013,0.000003,,,,
0.014302,0.0,0.0,0.000095,0.000103,0.0,0.014299,0.016667,,,,,,,,,,,,,0.00007,0.000025,,,,,,,,0.000028,0.000013,,0.000012,0.000015,0.000006,,,,0.00001,,,,,,,,,,,,,,,0.000019,,,,,,0.0,,,,,,,,,,,,,,,,,,,,,0.000013,,,0.000004,,,,,,,,,,,,,,,,,,0.0,,,,0.000001,0.0,,,,,,,,,,,,,,,,,,,,,,,,,
0.002231,0.000003,0.000122,0.000002,0.000242,0.00036,0.001868,0.016667,0.0,0.0,0.0,0.0,0.0,0.000003,0.000011,0.000002,0.000064,0.000044,0.0,0.000001,0.0,0.000002,,,,,0.000022,,,0.000021,0.000014,,0.000012,0.000013,0.000004,,,,0.000006,,,,,,,,,,,,,,,0.000012,,,,,,0.0,,,,,,,,,,,,,,,,,,,,,0.000011,,,0.000002,,,,,,,,,,,,,,,,,,0.0,,,,0.0,0.0,,0.000023,0.000031,0.000008,0.000013,0.000021,0.000075,0.000012,0.000012,,0.000006,0.000003,0.000002,,,,,,,0.000015,0.000003,,,,
0.004124,0.0,0.0,0.000001,0.000085,0.0,0.004123,0.016667,,,,,,,,,,,,,0.0,0.000001,,,,,,,,0.000018,0.000013,,0.00001,0.00001,0.000006,,,,0.000007,,,,,,,,,,,,,,,0.000013,,,,,,0.0,,,,,,,,,,,,,,,,,,,,,0.000016,,,0.000003,,,,,,,,,,,,,,,,,,0.000001,,,,0.0,0.0,,,,,,,,,,,,,,,,,,,,,,,,,
0.007104,0.000002,0.000074,0.000034,0.000212,0.000334,0.006768,0.016667,0.0,0.0,0.0,0.0,0.0,0.000002,0.000011,0.000004,0.000042,0.000012,0.0,0.000005,0.000019,0.000015,,,,,0.000014,,,0.000019,0.00001,,0.000009,0.000011,0.000004,,,,0.000005,,,,,,,,,,,,,,,0.000016,,,,,,0.000001,,,,,,,,,,,,,,,,,,,,,0.000009,,,0.000002,,,,,,,,,,,,,,,,,,0.0,,,,0.0,0.0,,0.000023,0.000025,0.000008,0.00001,0.000019,0.00007,0.000012,0.000011,,0.000005,0.000002,0.000001,,,,,,,0.000011,0.000002,,,,
0.008444,0.0,0.0,0.000051,0.000119,0.0,0.008441,0.016667,,,,,,,,,,,,,0.000027,0.000024,,,,,,,,0.000029,0.000025,,0.000015,0.000016,0.000006,,,,0.000008,,,,,,,,,,,,,,,0.000018,,,,,,0.0,,,,,,,,,,,,,,,,,,,,,0.000017,,,0.000004,,,,,,,,,,,,,,,,,,0.0,,,,0.0,0.000001,,,,,,,,,,,,,,,,,,,,,,,,,
0.012772,0.0,0.0,0.000046,0.000095,0.0,0.01277,0.016667,,,,,,,,,,,,,0.000033,0.000013,,,,,,,,0.000027,0.000013,,0.000012,0.000015,0.000005,,,,0.000007,,,,,,,,,,,,,,,0.000014,,,,,,0.0,,,,,,,,,,,,,,,,,,,,,0.000013,,,0.000005,,,,,,,,,,,,,,,,,,0.0,,,,0.0,0.0,,,,,,,,,,,,,,,,,,,,,,,,,
0.001019,0.000003,0.000095,0.000001,0.000258,0.000419,0.000597,0.016667,0.0,0.0,0.0,0.0,0.0,0.000003,0.000012,0.000002,0.000052,0.000021,0.000001,0.000007,0.0,0.000001,,,,,0.000022,,,0.000019,0.000012,,0.000012,0.000011,0.000004,,,,0.000006,,,,,,,,,,,,,,,0.000011,,,,,,0.0,,,,,,,,,,,,,,,,,,,,,0.000011,,,0.000003,,,,,,,,,,,,,,,,,,0.0,,,,0.000001,0.0,,0.000024,0.000031,0.000009,0.000013,0.000022,0.000097,0.000012,0.000012,,0.000007,0.000002,0.000002,,,,,,,0.000014,0.000003,,,,
0.005153,0.0,0.0,0.00008,0.000069,0.0,0.005152,0.016667,,,,,,,,,,,,,0.000074,0.000006,,,,,,,,0.000016,0.000009,,0.000011,0.000009,0.000004,,,,0.000006,,,,,,,,,,,,,,,0.000011,,,,,,0.0,,,,,,,,,,,,,,,,,,,,,0.00001,,,0.000003,,,,,,,,,,,,,,,,,,0.000001,,,,0.000001,0.0,,,,,,,,,,,,,,,,,,,,,,,,,
0.006889,0.000002,0.000102,0.000085,0.000233,0.000392,0.006496,0.016667,0.0,0.0,0.0,0.0,0.0,0.000002,0.000011,0.000003,0.00006,0.000026,0.000001,0.000001,0.000066,0.000019,,,,,0.000015,,,0.000024,0.000015,,0.000012,0.000015,0.000006,,,,0.000008,,,,,,,,,,,,,,,0.000016,,,,,,0.0,,,,,,,,,,,,,,,,,,,,,0.000015,,,0.000003,,,,,,,,,,,,,,,,,,0.0,,,,0.0,0.0,,0.000024,0.000023,0.000007,0.000009,0.000017,0.00007,0.000015,0.00001,,0.000005,0.000002,0.000001,,,,,,,0.000011,0.000002,,,,
0.016339,0.0,0.0,0.000036,0.000094,0.0,0.016337,0.016667,,,,,,,,,,,,,0.000003,0.000033,,,,,,,,0.000026,0.000014,,0.000012,0.000014,0.000005,,,,0.000007,,,,,,,,,,,,,,,0.000015,,,,,,0.0,,,,,,,,,,,,,,,,,,,,,0.000013,,,0.000004,,,,,,,,,,,,,,,,,,0.000001,,,,0.0,0.0,,,,,,,,,,,,,,,,,,,,,,,,,
0.004345,0.000002,0.000126,0.000017,0.000237,0.000389,0.003954,0.016667,0.0,0.0,0.0,0.0,0.0,0.000002,0.00001,0.000002,0.000053,0.000058,0.000001,0.000002,0.000011,0.000006,,,,,0.000023,,,0.000031,0.000018,,0.000015,0.000021,0.000007,,,,0.000009,,,,,,,,,,,,,,,0.000016,,,,,,0.0,,,,,,,,,,,,,,,,,,,,,0.000015,,,0.000004,,,,,,,,,,,,,,,,,,0.0,,,,0.0,0.000001,,0.000024,0.000032,0.000008,0.000013,0.00002,0.000033,0.000013,0.000012,,0.000006,0.000003,0.000002,,,,,,,0.000015,0.000003,,,,
0.00072,0.0,0.0,0.0,0.000103,0.0,0.000718,0.016667,,,,,,,,,,,,,0.0,0.0,,,,,,,,0.000026,0.000015,,0.000012,0.000015,0.000006,,,,0.000008,,,,,,,,,,,,,,,0.000017,,,,,,0.0,,,,,,,,,,,,,,,,,,,,,0.000017,,,0.000004,,,,,,,,,,,,,,,,,,0.0,,,,0.0,0.000001,,,,,,,,,,,,,,,,,,,,,,,,,
0.00604,0.0,0.0,0.000004,0.000069,0.0,0.006039,0.016667,,,,,,,,,,,,,0.0,0.000004,,,,,,,,0.000014,0.000011,,0.000007,0.000009,0.000006,,,,0.000005,,,,,,,,,,,,,,,0.000011,,,,,,0.0,,,,,,,,,,,,,,,,,,,,,0.000013,,,0.000003,,,,,,,,,,,,,,,,,,0.0,,,,0.0,0.0,,,,,,,,,,,,,,,,,,,,,,,,,
0.006882,0.000002,0.000143,0.00008,0.000225,0.000374,0.006505,0.016667,0.0,0.0,0.0,0.0,0.0,0.000002,0.00001,0.000003,0.000055,0.000067,0.000001,0.000007,0.000064,0.000016,,,,,0.000017,,,0.000023,0.000014,,0.000015,0.000015,0.000006,,,,0.000007,,,,,,,,,,,,,,,0.000019,,,,,,0.0,,,,,,,,,,,,,,,,,,,,,0.000014,,,0.000003,,,,,,,,,,,,,,,,,,0.0,,,,0.0,0.0,,0.000022,0.000026,0.000008,0.00001,0.000017,0.000054,0.000011,0.00001,,0.000005,0.000002,0.000002,,,,,,,0.000013,0.000003,,,,
0.018566,0.0,0.0,0.000058,0.000137,0.0,0.018564,0.016667,,,,,,,,,,,,,0.000026,0.000032,,,,,,,,0.000038,0.00002,,0.000017,0.000022,0.000008,,,,0.000013,,,,,,,,,,,,,,,0.00002,,,,,,0.0,,,,,,,,,,,,,,,,,,,,,0.000018,,,0.000005,,,,,,,,,,,,,,,,,,0.0,,,,0.000001,0.000001,,,,,,,,,,,,,,,,,,,,,,,,,
0.001161,0.000003,0.000128,0.000002,0.000241,0.000344,0.000814,0.016667,0.0,0.0,0.0,0.0,0.0,0.000003,0.00001,0.000002,0.000073,0.000042,0.0,0.000001,0.0,0.000002,,,,,0.000023,,,0.000028,0.000018,,0.000018,0.000016,0.000007,,,,0.000008,,,,,,,,,,,,,,,0.000017,,,,,,0.0,,,,,,,,,,,,,,,,,,,,,0.000015,,,0.000004,,,,,,,,,,,,,,,,,,0.0,,,,0.0,0.000001,,0.000023,0.000032,0.000008,0.000013,0.00002,0.000042,0.000013,0.000011,,0.000007,0.000002,0.000002,,,,,,,0.000015,0.000003,,,,
0.000638,0.0,0.0,0.0,0.000051,0.0,0.000638,0.016667,,,,,,,,,,,,,0.0,0.0,,,,,,,,0.000011,0.000007,,0.000007,0.000007,0.000005,,,,0.000004,,,,,,,,,,,,,,,0.000009,,,,,,0.0,,,,,,,,,,,,,,,,,,,,,0.000008,,,0.000002,,,,,,,,,,,,,,,,,,0.0,,,,0.0,0.0,,,,,,,,,,,,,,,,,,,,,,,,,
0.007543,0.0,0.0,0.000135,0.000041,0.0,0.007542,0.016667,,,,,,,,,,,,,0.000114,0.000021,,,,,,,,0.000009,0.000007,,0.000004,0.000005,0.000004,,,,0.000004,,,,,,,,,,,,,,,0.000007,,,,,,0.0,,,,,,,,,,,,,,,,,,,,,0.000006,,,0.000001,,,,,,,,,,,,,,,,,,0.0,,,,0.0,0.0,,,,,,,,,,,,,,,,,,,,,,,,,
0.006527,0.000003,0.00009,0.000027,0.000183,0.000293,0.006233,0.016667,0.0,0.0,0.0,0.0,0.0,0.000003,0.000011,0.000002,0.000055,0.00002,0.000001,0.000001,0.000017,0.00001,,,,,0.000019,,,0.000021,0.000013,,0.000015,0.000013,0.000005,,,,0.000007,,,,,,,,,,,,,,,0.000013,,,,,,0.0,,,,,,,,,,,,,,,,,,,,,0.000011,,,0.000003,,,,,,,,,,,,,,,,,,0.000001,,,,0.0,0.0,,0.000016,0.000024,0.000006,0.00001,0.000013,0.000029,0.000009,0.000007,,0.000005,0.000002,0.000002,,,,,,,0.000012,0.000003,,,,
0.014726,0.0,0.0,0.000111,0.000116,0.0,0.014724,0.016667,,,,,,,,,,,,,0.000061,0.00005,,,,,,,,0.00003,0.000017,,0.000014,0.000017,0.000006,,,,0.000008,,,,,,,,,,,,,,,0.000021,,,,,,0.0,,,,,,,,,,,,,,,,,,,,,0.000015,,,0.000005,,,,,,,,,,,,,,,,,,0.0,,,,0.000001,0.000001,,,,,,,,,,,,,,,,,,,,,,,,,
0.003973,0.000005,0.000105,0.000004,0.000231,0.000387,0.003583,0.016667,0.0,0.0,0.0,0.0,0.0,0.000005,0.000007,0.000003,0.00005,0.000038,0.000001,0.000006,0.0,0.000004,,,,,0.000025,,,0.000027,0.000016,,0.000014,0.000016,0.000007,,,,0.000009,,,,,,,,,,,,,,,0.000017,,,,,,0.0,,,,,,,,,,,,,,,,,,,,,0.000017,,,0.000004,,,,,,,,,,,,,,,,,,0.0,,,,0.0,0.0,,0.000025,0.000032,0.000009,0.000013,0.00002,0.000032,0.000013,0.000011,,0.000006,0.000002,0.000002,,,,,,,0.000015,0.000003,,,,
0.001516,0.0,0.0,0.000024,0.000091,0.0,0.001515,0.016667,,,,,,,,,,,,,0.000016,0.000008,,,,,,,,0.000019,0.000015,,0.000011,0.000012,0.000006,,,,0.000008,,,,,,,,,,,,,,,0.000014,,,,,,0.0,,,,,,,,,,,,,,,,,,,,,0.000015,,,0.000003,,,,,,,,,,,,,,,,,,0.000001,,,,0.0,0.0,,,,,,,,,,,,,,,,,,,,,,,,,
0.007352,0.000002,0.0001,0.000008,0.000137,0.000199,0.007152,0.016667,0.0,0.0,0.0,0.0,0.0,0.000002,0.000012,0.000003,0.000047,0.000034,0.0,0.000004,0.0,0.000008,,,,,0.00001,,,0.000019,0.000011,,0.000012,0.000011,0.000005,,,,0.000006,,,,,,,,,,,,,,,0.00001,,,,,,0.0,,,,,,,,,,,,,,,,,,,,,0.000011,,,0.000003,,,,,,,,,,,,,,,,,,0.0,,,,0.000001,0.000001,,0.000017,0.000017,0.000006,0.000006,0.000012,0.000008,0.00001,0.000007,,0.000004,0.000001,0.000001,,,,,,,0.000009,0.000001,,,,
0.006685,0.0,0.0,0.000066,0.000117,0.0,0.006682,0.016667,,,,,,,,,,,,,0.000056,0.00001,,,,,,,,0.000032,0.000017,,0.000014,0.000018,0.000006,,,,0.000008,,,,,,,,,,,,,,,0.000019,,,,,,0.000001,,,,,,,,,,,,,,,,,,,,,0.000016,,,0.000005,,,,,,,,,,,,,,,,,,0.000001,,,,0.0,0.0,,,,,,,,,,,,,,,,,,,,,,,,,
0.014191,0.0,0.0,0.000062,0.000095,0.0,0.014189,0.016667,,,,,,,,,,,,,0.000034,0.000028,,,,,,,,0.000027,0.000015,,0.000012,0.000014,0.000004,,,,0.000007,,,,,,,,,,,,,,,0.000017,,,,,,0.0,,,,,,,,,,,,,,,,,,,,,0.000013,,,0.000004,,,,,,,,,,,,,,,,,,0.0,,,,0.0,0.0,,,,,,,,,,,,,,,,,,,,,,,,,
0.001982,0.000002,0.000064,0.000083,0.00016,0.000234,0.001745,0.016667,0.0,0.0,0.0,0.0,0.0,0.000002,0.000008,0.000002,0.000038,0.000014,0.0,0.000002,0.000072,0.000011,,,,,0.000019,,,0.000025,0.000014,,0.000011,0.000014,0.000005,,,,0.000007,,,,,,,,,,,,,,,0.000013,,,,,,0.0,,,,,,,,,,,,,,,,,,,,,0.000011,,,0.000003,,,,,,,,,,,,,,,,,,0.0,,,,0.0,0.0,,0.000018,0.000024,0.000006,0.00001,0.000012,0.000009,0.00001,0.000007,,0.000004,0.000002,0.000001,,,,,,,0.000012,0.000003,,,,
0.004185,0.0,0.0,0.000004,0.000063,0.0,0.004184,0.016667,,,,,,,,,,,,,0.0,0.000004,,,,,,,,0.000015,0.000009,,0.000009,0.000008,0.000004,,,,0.000006,,,,,,,,,,,,,,,0.000012,,,,,,0.0,,,,,,,,,,,,,,,,,,,,,0.000009,,,0.000002,,,,,,,,,,,,,,,,,,0.0,,,,0.0,0.0,,,,,,,,,,,,,,,,,,,,,,,,,
0.007016,0.000003,0.000065,0.000023,0.000168,0.000286,0.006728,0.016667,0.0,0.0,0.0,0.0,0.0,0.000003,0.000005,0.000002,0.000037,0.000015,0.000001,0.000005,0.000012,0.000011,,,,,0.000017,,,0.00002,0.000014,,0.000012,0.000012,0.000006,,,,0.000008,,,,,,,,,,,,,,,0.000016,,,,,,0.000001,,,,,,,,,,,,,,,,,,,,,0.000014,,,0.000003,,,,,,,,,,,,,,,,,,0.0,,,,0.000001,0.0,,0.00002,0.000022,0.000007,0.000009,0.000019,0.000009,0.000011,0.000012,,0.000006,0.000001,0.000001,,,,,,,0.00001,0.000002,,,,
0.007529,0.0,0.0,0.000096,0.000093,0.0,0.007528,0.016667,,,,,,,,,,,,,0.000081,0.000015,,,,,,,,0.000026,0.000014,,0.000012,0.000014,0.000004,,,,0.000007,,,,,,,,,,,,,,,0.000015,,,,,,0.0,,,,,,,,,,,,,,,,,,,,,0.00001,,,0.000004,,,,,,,,,,,,,,,,,,0.000001,,,,0.000001,0.000001,,,,,,,,,,,,,,,,,,,,,,,,,
0.014523,0.0,0.0,0.000057,0.000244,0.0,0.014515,0.016667,,,,,,,,,,,,,0.000016,0.000041,,,,,,,,0.000081,0.000041,,0.000035,0.000043,0.000009,,,,0.000028,,,,,,,,,,,,,,,0.000025,,,,,,0.0,,,,,,,,,,,,,,,,,,,,,0.000026,,,0.000006,,,,,,,,,,,,,,,,,,0.0,,,,0.0,0.000001,,,,,,,,,,,,,,,,,,,,,,,,,
0.001083,0.000004,0.000116,0.000002,0.000201,0.000314,0.000765,0.016667,0.0,0.0,0.0,0.0,0.0,0.000004,0.000008,0.000001,0.000068,0.000029,0.000001,0.000009,0.0,0.000002,,,,,0.000022,,,0.000026,0.000016,,0.000014,0.000015,0.000006,,,,0.000009,,,,,,,,,,,,,,,0.000017,,,,,,0.0,,,,,,,,,,,,,,,,,,,,,0.000014,,,0.000004,,,,,,,,,,,,,,,,,,0.0,,,,0.000001,0.0,,0.000024,0.00003,0.000008,0.000012,0.000017,0.000012,0.000014,0.00001,,0.000005,0.000003,0.000001,,,,,,,0.000015,0.000004,,,,
0.004004,0.0,0.0,0.000028,0.000078,0.0,0.004003,0.016667,,,,,,,,,,,,,0.000016,0.000012,,,,,,,,0.000017,0.000011,,0.00001,0.00001,0.000005,,,,0.000007,,,,,,,,,,,,,,,0.000014,,,,,,0.0,,,,,,,,,,,,,,,,,,,,,0.000013,,,0.000003,,,,,,,,,,,,,,,,,,0.0,,,,0.000001,0.0,,,,,,,,,,,,,,,,,,,,,,,,,
0.006871,0.000003,0.000078,0.000009,0.000298,0.000331,0.006538,0.016667,0.0,0.0,0.0,0.0,0.0,0.000003,0.000007,0.000003,0.000045,0.00002,0.000001,0.000002,0.0,0.000009,,,,,0.000019,,,0.000025,0.000016,,0.000057,0.000015,0.000007,,,,0.00001,,,,,,,,,,,,,,,0.000017,,,,,,0.0,,,,,,,,,,,,,,,,,,,,,0.000067,,,0.000005,,,,,,,,,,,,,,,,,,0.0,,,,0.0,0.000001,,0.000032,0.000028,0.000009,0.00001,0.000017,0.000012,0.00002,0.00001,,0.000004,0.000002,0.000001,,,,,,,0.000014,0.000003,,,,
0.007002,0.0,0.0,0.000016,0.000116,0.0,0.007,0.016667,,,,,,,,,,,,,0.000003,0.000013,,,,,,,,0.00003,0.000017,,0.000014,0.000017,0.000007,,,,0.000009,,,,,,,,,,,,,,,0.000022,,,,,,0.0,,,,,,,,,,,,,,,,,,,,,0.000016,,,0.000005,,,,,,,,,,,,,,,,,,0.0,,,,0.0,0.0,,,,,,,,,,,,,,,,,,,,,,,,,
0.006964,0.000003,0.000111,0.000091,0.000265,0.000337,0.006624,0.016667,0.0,0.0,0.0,0.0,0.0,0.000003,0.000007,0.000002,0.000074,0.000026,0.0,0.000002,0.000071,0.00002,,,,,0.000023,,,0.000051,0.000048,,0.000017,0.000041,0.000006,,,,0.000014,,,,,,,,,,,,,,,0.000019,,,,,,0.0,,,,,,,,,,,,,,,,,,,,,0.000017,,,0.000004,,,,,,,,,,,,,,,,,,0.000001,,,,0.0,0.0,,0.000022,0.00003,0.000007,0.000011,0.000015,0.000011,0.000013,0.00001,,0.000005,0.000002,0.000001,,,,,,,0.000014,0.000003,,,,
0.006492,0.0,0.0,0.00001,0.00025,0.0,0.006489,0.016667,,,,,,,,,,,,,0.0,0.00001,,,,,,,,0.000047,0.000015,,0.000013,,0.000006,,,,0.000008,,,,0.000005,,,,,,,0.000001,,,,0.0001,,,,,,0.0,,,,,,,0.000039,,,,,,,,,,,,,,0.000015,,,0.000005,,,,,,,,,,,,,,,,,,0.0,,,,0.0,0.0,,,,,,,,,,,,,,,0.000015,0.000014,0.000003,,,,,,,,
0.006899,0.0,0.0,0.000031,0.000263,0.0,0.006897,0.016667,,,,,,,,,,,,,0.000016,0.000015,,,,,,,,0.000027,0.000017,,0.000013,,0.000007,,,,0.000095,,,,,,,,,,,,,,,0.000021,,,,,,0.0,,,,,,,,,,,,,,,,,,,,,0.000078,,,0.000006,,,,,,,,,,,,,,,,,,0.0,,,,0.0,0.0,,,,,,,,,,,,,,,,,,,,,,,,,
0.010338,0.000005,0.000136,0.000254,0.000215,0.000428,0.009907,0.016667,0.0,0.0,0.0,0.0,0.0,0.000005,0.000007,0.000003,0.000079,0.000027,0.000001,0.000019,0.000097,0.000157,,,,,0.000019,,,0.000022,0.000018,,0.000014,,0.000009,,,,0.000011,,,,0.000011,,,,,,,0.000003,,,,0.000016,,,,,,0.0,,,,,0.0,,,,,,,,,,,,,,,,0.000015,,,0.000004,,,,,,,,,,,,,,,,,,0.0,,,,0.0,0.000001,,0.000023,0.000034,0.000008,0.000014,0.000016,0.000012,0.000014,0.000009,,0.000005,0.000003,0.000001,,,,,,,0.000016,0.000003,,,,
0.00976,0.0,0.0,0.000072,0.000136,0.0,0.009757,0.016667,,,,,,,,,,,,,0.000039,0.000033,,,,,,,,0.000034,0.000021,,0.000016,,0.000007,,,,0.000012,,,,,,,,,,,,,,,0.000023,,,,,,0.0,,,,,,,,,,,,,,,,,,,,,0.000017,,,0.000006,,,,,,,,,,,,,,,,,,0.000001,,,,0.0,0.0,,,,,,,,,,,,,,,,,,,,,,,,,
0.00115,0.000003,0.000103,0.0,0.000198,0.000324,0.000822,0.016667,0.0,0.0,0.0,0.0,0.0,0.000003,0.000011,0.000002,0.000049,0.000014,0.0,0.000027,0.0,0.0,,,,,0.00002,,,0.000024,0.000015,,0.000015,,0.000007,,,,0.000009,,,,,,,,,,,,,,,0.000017,,,,,,0.000001,,,,,,,,,,,,,,,,,,,,,0.000014,,,0.000004,,,,,,,,,,,,,,,,,,0.0,,,,0.0,0.000001,,0.000023,0.000032,0.000007,0.000012,0.000017,0.000011,0.000013,0.000009,,0.000005,0.000003,0.000002,,,,,,,0.000016,0.000003,,,,
0.013887,0.0,0.0,0.000177,0.00017,0.0,0.013885,0.016667,,,,,,,,,,,,,0.000134,0.000043,,,,,,,,0.000019,0.000094,,0.000012,,0.000006,,,,0.000009,,,,,,,,,,,,,,,0.000015,,,,,,0.0,,,,,,,,,,,,,,,,,,,,,0.000013,,,0.000003,,,,,,,,,,,,,,,,,,0.0,,,,0.0,0.0,,,,,,,,,,,,,,,,,,,,,,,,,
0.004081,0.000003,0.00007,0.000006,0.000252,0.000387,0.003691,0.016667,0.0,0.0,0.0,0.0,0.0,0.000003,0.000007,0.000002,0.000041,0.000018,0.0,0.000002,0.0,0.000006,,,,,0.000022,,,0.000033,0.000023,,0.000022,,0.000008,,,,0.000014,,,,,,,,,,,,,,,0.000028,,,,,,0.0,,,,,,,,,,,,,,,,,,,,,0.00002,,,0.000007,,,,,,,,,,,,,,,,,,0.0,,,,0.0,0.000001,,0.000024,0.000034,0.000008,0.000014,0.000018,0.000013,0.000014,0.00001,,0.000005,0.000003,0.000002,,,,,,,0.000016,0.000003,,,,
0.000948,0.0,0.0,0.0,0.000108,0.0,0.000946,0.016667,,,,,,,,,,,,,0.0,0.0,,,,,,,,0.000025,0.000015,,0.000012,,0.000009,,,,0.00001,,,,,,,,,,,,,,,0.000017,,,,,,0.0,,,,,,,,,,,,,,,,,,,,,0.000015,,,0.000005,,,,,,,,,,,,,,,,,,0.0,,,,0.0,0.000001,,,,,,,,,,,,,,,,,,,,,,,,,
0.016824,0.0,0.0,0.000237,0.000103,0.0,0.016822,0.016667,,,,,,,,,,,,,0.000113,0.000124,,,,,,,,0.000024,0.000014,,0.000013,,0.000006,,,,0.000009,,,,,,,,,,,,,,,0.000019,,,,,,0.0,,,,,,,,,,,,,,,,,,,,,0.000014,,,0.000004,,,,,,,,,,,,,,,,,,0.0,,,,0.000001,0.0,,,,,,,,,,,,,,,,,,,,,,,,,
0.004348,0.000003,0.000143,0.000008,0.000232,0.000303,0.004042,0.016667,0.0,0.0,0.0,0.0,0.0,0.000003,0.000007,0.000003,0.00005,0.000075,0.000001,0.000007,0.0,0.000008,,,,,0.00002,,,0.000023,0.000015,,0.000014,,0.000006,,,,0.000008,,,,,,,,,,,,,,,0.000013,,,,,,0.0,,,,,,,,,,,,,,,,,,,,,0.000014,,,0.000047,,,,,,,,,,,,,,,,,,0.0,,,,0.000001,0.0,,0.000024,0.00003,0.000008,0.000013,0.000019,0.000011,0.000014,0.000011,,0.000006,0.000002,0.000002,,,,,,,0.000014,0.000003,,,,
0.006477,0.0,0.0,0.000101,0.000106,0.0,0.006473,0.016667,,,,,,,,,,,,,0.000082,0.000019,,,,,,,,0.000024,0.000016,,0.000013,,0.000005,,,,0.000007,,,,0.000004,,,,,,,0.000002,,,,0.000016,,,,,,0.0,,,,,,,,,,,,,,,,,,,,,0.000015,,,0.000004,,,,,,,,,,,,,,,,,,0.0,,,,0.0,0.000001,,,,,,,,,,,,,,,,,,,,,,,,,
0.006404,0.000003,0.000068,0.000047,0.000248,0.00032,0.006082,0.016667,0.0,0.0,0.0,0.0,0.0,0.000003,0.000008,0.000002,0.000048,0.000008,0.0,0.000002,0.00003,0.000017,,,,,0.000023,,,0.000023,0.000075,,0.000011,,0.000005,,,,0.000008,,,,,,,,,,,,,,,0.000015,,,,,,0.0,,,,,,,,,,,,,,,,,,,,,0.000013,,,0.000004,,,,,,,,,,,,,,,,,,0.0,,,,0.0,0.0,,0.000024,0.000032,0.000008,0.000012,0.000016,0.000012,0.000014,0.000009,,0.000004,0.000002,0.000002,,,,,,,0.000016,0.000004,,,,
0.015001,0.0,0.0,0.000155,0.000107,0.0,0.014998,0.016667,,,,,,,,,,,,,0.000123,0.000032,,,,,,,,0.000029,0.000015,,0.000015,,0.000005,,,,0.000008,,,,,,,,,,,,,,,0.000019,,,,,,0.0,,,,,,,,,,,,,,,,,,,,,0.000013,,,0.000005,,,,,,,,,,,,,,,,,,0.0,,,,0.0,0.0,,,,,,,,,,,,,,,,,,,,,,,,,
0.001316,0.000002,0.000101,0.000002,0.000178,0.000297,0.001016,0.016667,0.0,0.0,0.0,0.0,0.0,0.000002,0.000007,0.000002,0.000048,0.000042,0.0,0.000002,0.0,0.000002,,,,,0.000017,,,0.000021,0.000014,,0.000012,,0.000005,,,,0.000008,,,,,,,,,,,,,,,0.000031,,,,,,0.0,,,,,,,,,,,,,,,,,,,,,0.00001,,,0.000003,,,,,,,,,,,,,,,,,,0.0,,,,0.0,0.0,,0.000019,0.000025,0.000006,0.00001,0.000013,0.000009,0.00001,0.000008,,0.000003,0.000002,0.000001,,,,,,,0.000012,0.000003,,,,
0.004201,0.0,0.0,0.000031,0.000068,0.0,0.0042,0.016667,,,,,,,,,,,,,0.000021,0.00001,,,,,,,,0.000015,0.000009,,0.000009,,0.000004,,,,0.000006,,,,,,,,,,,,,,,0.000012,,,,,,0.0,,,,,,,,,,,,,,,,,,,,,0.000011,,,0.000003,,,,,,,,,,,,,,,,,,0.0,,,,0.0,0.0,,,,,,,,,,,,,,,,,,,,,,,,,
0.006819,0.0,0.0,0.000011,0.00011,0.0,0.006817,0.016667,,,,,,,,,,,,,0.0,0.000011,,,,,,,,0.000023,0.000016,,0.000012,,0.000009,,,,0.00001,,,,,,,,,,,,,,,0.000019,,,,,,0.0,,,,,,,,,,,,,,,,,,,,,0.000016,,,0.000004,,,,,,,,,,,,,,,,,,0.000001,,,,0.000001,0.0,,,,,,,,,,,,,,,,,,,,,,,,,
0.006972,0.000002,0.00013,0.000121,0.000155,0.000266,0.006703,0.016667,0.0,0.0,0.0,0.0,0.0,0.000002,0.000006,0.000002,0.000068,0.000037,0.000001,0.000016,0.000107,0.000014,,,,,0.000016,,,0.000022,0.000013,,0.000012,,0.000004,,,,0.000006,,,,,,,,,,,,,,,0.000012,,,,,,0.0,,,,,,,,,,,,,,,,,,,,,0.000011,,,0.000003,,,,,,,,,,,,,,,,,,0.0,,,,0.0,0.0,,0.000021,0.000025,0.000006,0.00001,0.000013,0.000009,0.000012,0.000007,,0.000003,0.000001,0.000002,,,,,,,0.000012,0.000003,,,,
0.013591,0.0,0.0,0.000138,0.000115,0.0,0.013588,0.016667,,,,,,,,,,,,,0.00011,0.000028,,,,,,,,0.000026,0.000016,,0.000013,,0.000006,,,,0.000009,,,,0.000005,,,,,,,0.000002,,,,0.000018,,,,,,0.0,,,,,,,,,,,,,,,,,,,,,0.000016,,,0.000005,,,,,,,,,,,,,,,,,,0.0,,,,0.0,0.000001,,,,,,,,,,,,,,,,,,,,,,,,,
0.001448,0.000003,0.000098,0.000001,0.000168,0.000265,0.00118,0.016667,0.0,0.0,0.0,0.0,0.0,0.000003,0.000005,0.000002,0.00005,0.000013,0.0,0.000028,0.0,0.000001,,,,,0.000015,,,0.000021,0.000014,,0.000011,,0.000006,,,,0.000007,,,,0.000004,,,,,,,0.000001,,,,0.000013,,,,,,0.0,,,,,,0.000004,,,,,,,,,,,,,,,0.000013,,,0.000003,,,,,,,,,,,,,,,,,,0.000001,,,,0.0,0.0,,0.000018,0.000025,0.000006,0.00001,0.000013,0.000009,0.00001,0.000007,,0.000004,0.000001,0.000001,,,,,,,0.000012,0.000003,,,,
0.005484,0.0,0.0,0.000007,0.000063,0.0,0.005483,0.016667,,,,,,,,,,,,,0.0,0.000007,,,,,,,,0.000013,0.000009,,0.000008,,0.000004,,,,0.000006,,,,,,,,,,,,,,,0.000011,,,,,,0.0,,,,,,,,,,,,,,,,,,,,,0.000009,,,0.000003,,,,,,,,,,,,,,,,,,0.0,,,,0.0,0.0,,,,,,,,,,,,,,,,,,,,,,,,,
0.006464,0.000002,0.000092,0.000015,0.000162,0.00028,0.006182,0.016667,0.0,0.0,0.0,0.0,0.0,0.000002,0.000007,0.000001,0.000045,0.000026,0.000001,0.000012,0.000003,0.000012,,,,,0.00002,,,0.00002,0.000014,,0.000011,,0.000005,,,,0.000006,,,,,,,,,,,,,,,0.000011,,,,,,0.0,,,,,,,,,,,,,,,,,,,,,0.00001,,,0.000004,,,,,,,,,,,,,,,,,,0.000001,,,,0.000001,0.0,,0.000019,0.000029,0.000006,0.000011,0.000016,0.00001,0.00001,0.00001,,0.000003,0.000002,0.000001,,,,,,,0.000014,0.000002,,,,
0.019925,0.0,0.0,0.000151,0.000165,0.0,0.019923,0.016667,,,,,,,,,,,,,0.000115,0.000036,,,,,,,,0.000025,0.000015,,0.000013,,0.000006,,,,0.000008,,,,,,,,,,,,,,,0.000077,,,,,,0.0,,,,,,,,,,,,,,,,,,,,,0.000016,,,0.000004,,,,,,,,,,,,,,,,,,0.000001,,,,0.000001,0.0,,,,,,,,,,,,,,,,,,,,,,,,,
0.00144,0.000003,0.000088,0.000002,0.000225,0.000595,0.000842,0.016667,0.0,0.0,0.0,0.0,0.0,0.000003,0.000008,0.000002,0.000047,0.000021,0.000001,0.000009,0.0,0.000002,,,,,0.000022,,,0.000039,0.000017,,0.000013,,0.000007,,,,0.000008,,,,,,,,,,,,,,,0.000018,,,,,,0.0,,,,,,,,,,,,,,,,,,,,,0.000017,,,0.000005,,,,,,,,,,,,,,,,,,0.0,,,,0.0,0.0,,0.000026,0.000033,0.000009,0.000014,0.000019,0.000012,0.000016,0.000012,,0.000005,0.000003,0.000001,,,,,,,0.000015,0.000003,,,,
0.005913,0.0,0.0,0.000112,0.000074,0.0,0.005912,0.016667,,,,,,,,,,,,,0.000096,0.000016,,,,,,,,0.000016,0.00001,,0.00001,,0.000005,,,,0.000006,,,,,,,,,,,,,,,0.000013,,,,,,0.0,,,,,,,,,,,,,,,,,,,,,0.000012,,,0.000003,,,,,,,,,,,,,,,,,,0.0,,,,0.0,0.0,,,,,,,,,,,,,,,,,,,,,,,,,
0.006962,0.0,0.0,0.000047,0.000113,0.0,0.006959,0.016667,,,,,,,,,,,,,0.000032,0.000015,,,,,,,,0.000027,0.000016,,0.000014,,0.000006,,,,0.000008,,,,,,,,,,,,,,,0.000018,,,,,,0.000001,,,,,,,,,,,,,,,,,,,,,0.000018,,,0.000005,,,,,,,,,,,,,,,,,,0.0,,,,0.0,0.000001,,,,,,,,,,,,,,,,,,,,,,,,,
0.015321,0.000002,0.000126,0.000089,0.000166,0.000339,0.014979,0.016667,0.0,0.0,0.0,0.0,0.0,0.000002,0.000012,0.000003,0.000063,0.000042,0.000001,0.000005,0.000065,0.000024,,,,,0.000016,,,0.000022,0.000014,,0.000011,,0.000006,,,,0.000008,,,,,,,,,,,,,,,0.000016,,,,,,0.0,,,,,,,,,,,,,,,,,,,,,0.00001,,,0.000003,,,,,,,,,,,,,,,,,,0.0,,,,0.0,0.000001,,0.000018,0.000028,0.000007,0.00001,0.000012,0.000009,0.000011,0.000008,,0.000004,0.000002,0.000002,,,,,,,0.000014,0.000002,,,,
0.004422,0.000003,0.000166,0.000008,0.000207,0.000359,0.00406,0.016667,0.0,0.0,0.0,0.0,0.0,0.000003,0.000007,0.000002,0.000051,0.000094,0.000001,0.000011,0.0,0.000008,,,,,0.000019,,,0.000026,0.000018,,0.000013,,0.000007,,,,0.000009,,,,,,,,,,,,,,,0.000016,,,,,,0.0,,,,,,,,,,,,,,,,,,,,,0.000017,,,0.000004,,,,,,,,,,,,,,,,,,0.0,,,,0.000001,0.0,,0.000025,0.000032,0.000008,0.000013,0.000019,0.000012,0.000015,0.000011,,0.000005,0.000003,0.000002,,,,,,,0.000015,0.000004,,,,
0.000859,0.0,0.0,0.0,0.000093,0.0,0.000857,0.016667,,,,,,,,,,,,,0.0,0.0,,,,,,,,0.000023,0.000014,,0.000012,,0.000005,,,,0.000008,,,,,,,,,,,,,,,0.000013,,,,,,0.0,,,,,,,,,,,,,,,,,,,,,0.000013,,,0.000005,,,,,,,,,,,,,,,,,,0.0,,,,0.0,0.000001,,,,,,,,,,,,,,,,,,,,,,,,,
0.000922,0.000002,0.00012,0.000031,0.000146,0.000296,0.000625,0.016667,0.0,0.0,0.0,0.0,0.0,0.000002,0.000009,0.000003,0.000063,0.000039,0.0,0.000006,0.000022,0.000009,,,,,0.000015,,,0.000017,0.00001,,0.000009,,0.000004,,,,0.000006,,,,,,,,,,,,,,,0.00001,,,,,,0.0,,,,,,,,,,,,,,,,,,,,,0.00001,,,0.000003,,,,,,,,,,,,,,,,,,0.0,,,,0.0,0.000001,,0.000022,0.000026,0.000007,0.000009,0.000015,0.00001,0.000013,0.000008,,0.000005,0.000002,0.000001,,,,,,,0.000013,0.000003,,,,
0.012904,0.0,0.0,0.000093,0.000067,0.0,0.012902,0.016667,,,,,,,,,,,,,0.000075,0.000018,,,,,,,,0.000013,0.00001,,0.000007,,0.000005,,,,0.000005,,,,,,,,,,,,,,,0.000012,,,,,,0.0,,,,,,,,,,,,,,,,,,,,,0.000013,,,0.000003,,,,,,,,,,,,,,,,,,0.0,,,,0.0,0.0,,,,,,,,,,,,,,,,,,,,,,,,,
0.016966,0.000003,0.000113,0.000239,0.000207,0.000343,0.01662,0.016667,0.0,0.0,0.0,0.0,0.0,0.000003,0.000008,0.000002,0.000071,0.000023,0.000001,0.000008,0.000196,0.000043,,,,,0.000034,,,0.000026,0.000016,,0.000013,,0.000006,,,,0.000008,,,,,,,,,,,,,,,0.000016,,,,,,0.0,,,,,,,,,,,,,,,,,,,,,0.000015,,,0.000004,,,,,,,,,,,,,,,,,,0.000001,,,,0.000001,0.0,,0.000019,0.000032,0.000006,0.000012,0.000016,0.000011,0.000011,0.000009,,0.000004,0.000002,0.000002,,,,,,,0.000015,0.000003,,,,
0.000614,0.0,0.0,0.0,0.000091,0.0,0.000612,0.016667,,,,,,,,,,,,,0.0,0.0,,,,,,,,0.000022,0.000014,,0.00001,,0.000005,,,,0.000007,,,,0.000004,,,,,,,0.000001,,,,0.000013,,,,,,0.0,,,,,,,,,,,,,,,,,,,,,0.000011,,,0.000004,,,,,,,,,,,,,,,,,,0.000001,,,,0.0,0.0,,,,,,,,,,,,,,,,,,,,,,,,,
0.002495,0.000002,0.000116,0.000003,0.000144,0.000264,0.00223,0.016667,0.0,0.0,0.0,0.0,0.0,0.000002,0.000006,0.000003,0.000062,0.00003,0.000001,0.000014,0.0,0.000003,,,,,0.000019,,,0.000016,0.00001,,0.000009,,0.000004,,,,0.000006,,,,,,,,,,,,,,,0.000011,,,,,,0.0,,,,,,,,,,,,,,,,,,,,,0.000011,,,0.000002,,,,,,,,,,,,,,,,,,0.000001,,,,0.0,0.0,,0.000018,0.000024,0.000007,0.000009,0.000012,0.000009,0.000011,0.000007,,0.000004,0.000001,0.000002,,,,,,,0.000012,0.000003,,,,
0.006926,0.0,0.0,0.000046,0.000092,0.0,0.006924,0.016667,,,,,,,,,,,,,0.000029,0.000017,,,,,,,,0.00002,0.000015,,0.000011,,0.000006,,,,0.000007,,,,,,,,,,,,,,,0.000014,,,,,,0.0,,,,,,,,,,,,,,,,,,,,,0.000017,,,0.000003,,,,,,,,,,,,,,,,,,0.0,,,,0.0,0.0,,,,,,,,,,,,,,,,,,,,,,,,,
0.006714,0.0,0.0,0.000006,0.000093,0.0,0.006711,0.016667,,,,,,,,,,,,,0.0,0.000006,,,,,,,,0.000022,0.000013,,0.000011,,0.000005,,,,0.000007,,,,0.000006,,,,,,,0.000002,,,,0.000014,,,,,,0.0,,,,,,,,,,,,,,,,,,,,,0.000011,,,0.000004,,,,,,,,,,,,,,,,,,0.0,,,,0.0,0.0,,,,,,,,,,,,,,,,,,,,,,,,,
0.014181,0.000002,0.000089,0.000203,0.000248,0.000421,0.013757,0.016667,0.0,0.0,0.0,0.0,0.0,0.000002,0.000006,0.000002,0.000044,0.000036,0.0,0.000001,0.000162,0.000041,,,,,0.00002,,,0.000026,0.000013,,0.000011,,0.000005,,,,0.000008,,,,,,,,,,,,,,,0.000012,,,,,,0.0,,,,,,,,,,,,,,,,,,,,,0.000012,,,0.000003,,,,,,,,,,,,,,,,,,0.0,,,,0.000001,0.0,,0.00009,0.000032,0.000007,0.000011,0.000013,0.000012,0.000081,0.000007,,0.000004,0.000002,0.000002,,,,,,,0.000017,0.000003,,,,
0.001757,0.0,0.0,0.000002,0.000087,0.0,0.001755,0.016667,,,,,,,,,,,,,0.0,0.000002,,,,,,,,0.000025,0.000013,,0.000011,,0.000005,,,,0.000006,,,,,,,,,,,,,,,0.000014,,,,,,0.0,,,,,,,,,,,,,,,,,,,,,0.00001,,,0.000004,,,,,,,,,,,,,,,,,,0.0,,,,0.0,0.0,,,,,,,,,,,,,,,,,,,,,,,,,
0.004867,0.000002,0.000088,0.00001,0.000165,0.000275,0.00459,0.016667,0.0,0.0,0.0,0.0,0.0,0.000002,0.000012,0.000004,0.000051,0.00002,0.0,0.000001,0.0,0.00001,,,,,0.000014,,,0.000024,0.000014,,0.000012,,0.000007,,,,0.000008,,,,,,,,,,,,,,,0.000014,,,,,,0.0,,,,,,,,,,,,,,,,,,,,,0.000015,,,0.000003,,,,,,,,,,,,,,,,,,0.000001,,,,0.000001,0.0,,0.000019,0.000022,0.000006,0.000008,0.000012,0.000009,0.00001,0.000007,,0.000004,0.000002,0.000001,,,,,,,0.000011,0.000003,,,,
0.006247,0.0,0.0,0.000027,0.000093,0.0,0.006245,0.016667,,,,,,,,,,,,,0.000017,0.00001,,,,,,,,0.000027,0.000013,,0.000011,,0.000005,,,,0.000007,,,,,,,,,,,,,,,0.000014,,,,,,0.0,,,,,,,,,,,,,,,,,,,,,0.000013,,,0.000004,,,,,,,,,,,,,,,,,,0.0,,,,0.0,0.0,,,,,,,,,,,,,,,,,,,,,,,,,
0.016686,0.0,0.0,0.000138,0.000087,0.0,0.016684,0.016667,,,,,,,,,,,,,0.000102,0.000036,,,,,,,,0.000023,0.000013,,0.000011,,0.000005,,,,0.000007,,,,,,,,,,,,,,,0.000014,,,,,,0.0,,,,,,,,,,,,,,,,,,,,,0.000011,,,0.000004,,,,,,,,,,,,,,,,,,0.0,,,,0.000001,0.0,,,,,,,,,,,,,,,,,,,,,,,,,
0.004684,0.000002,0.000109,0.000004,0.000157,0.000254,0.004428,0.016667,0.0,0.0,0.0,0.0,0.0,0.000002,0.000008,0.000003,0.000058,0.000038,0.0,0.000002,0.0,0.000004,,,,,0.000017,,,0.000022,0.000013,,0.000013,,0.000005,,,,0.000007,,,,,,,,,,,,,,,0.000012,,,,,,0.0,,,,,,,,,,,,,,,,,,,,,0.00001,,,0.000003,,,,,,,,,,,,,,,,,,0.0,,,,0.0,0.0,,0.000017,0.000026,0.000006,0.000011,0.000013,0.00001,0.00001,0.000007,,0.000004,0.000002,0.000001,,,,,,,0.000012,0.000003,,,,
0.000838,0.0,0.0,0.000001,0.000115,0.0,0.000835,0.016667,,,,,,,,,,,,,0.0,0.000001,,,,,,,,0.000028,0.000018,,0.000016,,0.000007,,,,0.00001,,,,,,,,,,,,,,,0.000016,,,,,,0.0,,,,,,,,,,,,,,,,,,,,,0.000017,,,0.000005,,,,,,,,,,,,,,,,,,0.0,,,,0.0,0.0,,,,,,,,,,,,,,,,,,,,,,,,,
0.005352,0.000003,0.000075,0.000012,0.00013,0.00023,0.005121,0.016667,0.0,0.0,0.0,0.0,0.0,0.000003,0.000006,0.000002,0.000045,0.00002,0.0,0.000002,0.000003,0.000009,,,,,0.000011,,,0.000016,0.000014,,0.000009,,0.000005,,,,0.000005,,,,,,,,,,,,,,,0.00001,,,,,,0.0,,,,,,,,,,,,,,,,,,,,,0.000008,,,0.000003,,,,,,,,,,,,,,,,,,0.0,,,,0.000001,0.0,,0.000016,0.000019,0.000006,0.000008,0.000011,0.000009,0.000009,0.000007,,0.000003,0.000001,0.000002,,,,,,,0.000009,0.000003,,,,
0.006883,0.0,0.0,0.000106,0.000091,0.0,0.006882,0.016667,,,,,,,,,,,,,0.000093,0.000013,,,,,,,,0.000019,0.000014,,0.00001,,0.000006,,,,0.000008,,,,,,,,,,,,,,,0.000015,,,,,,0.0,,,,,,,,,,,,,,,,,,,,,0.000014,,,0.000004,,,,,,,,,,,,,,,,,,0.0,,,,0.000001,0.0,,,,,,,,,,,,,,,,,,,,,,,,,
0.015379,0.000002,0.000089,0.000036,0.000179,0.000301,0.015075,0.016667,0.0,0.0,0.0,0.0,0.0,0.000002,0.000005,0.000002,0.000046,0.000031,0.0,0.000005,0.000019,0.000017,,,,,0.000015,,,0.000027,0.000016,,0.000016,,0.000007,,,,0.000008,,,,,,,,,,,,,,,0.000017,,,,,,0.0,,,,,,,,,,,,,,,,,,,,,0.000016,,,0.000004,,,,,,,,,,,,,,,,,,0.000001,,,,0.0,0.0,,0.000018,0.000024,0.000006,0.00001,0.000012,0.000009,0.00001,0.000007,,0.000003,0.000001,0.000002,,,,,,,0.000012,0.000003,,,,
0.003833,0.0,0.0,0.000068,0.000093,0.0,0.003831,0.016667,,,,,,,,,,,,,0.00006,0.000008,,,,,,,,0.000023,0.000013,,0.000011,,0.000005,,,,0.000006,,,,0.000004,,,,,,,0.000001,,,,0.000015,,,,,,0.0,,,,,,,,,,,,,,,,,,,,,0.000012,,,0.000004,,,,,,,,,,,,,,,,,,0.0,,,,0.0,0.0,,,,,,,,,,,,,,,,,,,,,,,,,
0.00065,0.0,0.0,0.000002,0.000096,0.0,0.000647,0.016667,,,,,,,,,,,,,0.0,0.000002,,,,,,,,0.000021,0.000017,,0.000011,,0.000005,,,,0.000007,,,,0.000004,,,,,,,0.000001,,,,0.000014,,,,,,0.0,,,,,,,,,,,,,,,,,,,,,0.000011,,,0.000004,,,,,,,,,,,,,,,,,,0.000001,,,,0.0,0.000001,,,,,,,,,,,,,,,,,,,,,,,,,
0.004915,0.000004,0.000124,0.000012,0.000158,0.000211,0.004698,0.016667,0.0,0.0,0.0,0.0,0.0,0.000004,0.000007,0.000002,0.000074,0.00004,0.0,0.000001,0.0,0.000012,,,,,0.000013,,,0.000016,0.000018,,0.000008,,0.000006,,,,0.000007,,,,0.000003,,,,,,,0.000001,,,,0.000016,,,,,,0.000001,,,,,,,,,,,,,,,,,,,,,0.000014,,,0.000004,,,,,,,,,,,,,,,,,,0.0,,,,0.0,0.0,,0.000018,0.000021,0.000005,0.000008,0.000013,0.000008,0.000011,0.000009,,0.000003,0.000002,0.000001,,,,,,,0.000011,0.000002,,,,
0.00576,0.0,0.0,0.000026,0.000086,0.0,0.005758,0.016667,,,,,,,,,,,,,0.000017,0.000009,,,,,,,,0.000021,0.000013,,0.000009,,0.000005,,,,0.000006,,,,0.000004,,,,,,,0.000001,,,,0.000012,,,,,,0.0,,,,,,,,,,,,,,,,,,,,,0.000011,,,0.000004,,,,,,,,,,,,,,,,,,0.0,,,,0.000001,0.0,,,,,,,,,,,,,,,,,,,,,,,,,
0.01385,0.000005,0.000065,0.000162,0.000167,0.000248,0.013599,0.016667,0.0,0.0,0.0,0.0,0.0,0.000005,0.000007,0.000003,0.000042,0.000011,0.0,0.000002,0.00013,0.000032,,,,,0.000026,,,0.000016,0.00001,,0.00001,,0.000005,,,,0.000007,,,,0.000005,,,,,,,0.000002,,,,0.000011,,,,,,0.0,,,,,,,,,,,,,,,,,,,,,0.000011,,,0.000002,,,,,,,,,,,,,,,,,,0.0,,,,0.0,0.0,,0.000019,0.000029,0.000006,0.000011,0.000014,0.000011,0.000011,0.000009,,0.000003,0.000002,0.000002,,,,,,,0.000014,0.000003,,,,
0.002837,0.0,0.0,0.000004,0.000088,0.0,0.002834,0.016667,,,,,,,,,,,,,0.0,0.000004,,,,,,,,0.000022,0.000013,,0.000011,,0.000004,,,,0.000007,,,,0.000004,,,,,,,0.000001,,,,0.000013,,,,,,0.0,,,,,,,,,,,,,,,,,,,,,0.000011,,,0.000004,,,,,,,,,,,,,,,,,,0.0,,,,0.0,0.0,,,,,,,,,,,,,,,,,,,,,,,,,
0.001401,0.0,0.0,0.000002,0.000108,0.0,0.001398,0.016667,,,,,,,,,,,,,0.0,0.000002,,,,,,,,0.000022,0.000014,,0.000011,,0.000007,,,,0.000008,,,,0.000005,,,,,,,0.000001,,,,0.000018,,,,,,0.0,,,,,,,,,,,,,,,,,,,,,0.000018,,,0.000005,,,,,,,,,,,,,,,,,,0.0,,,,0.0,0.0,,,,,,,,,,,,,,,,,,,,,,,,,
0.006592,0.000005,0.000066,0.000077,0.000161,0.000285,0.006305,0.016667,0.0,0.0,0.0,0.0,0.0,0.000005,0.000007,0.000002,0.000038,0.000017,0.0,0.000002,0.00005,0.000027,,,,,0.000022,,,0.000018,0.00001,,0.00001,,0.000005,,,,0.000006,,,,0.000005,,,,,,,0.0,,,,0.000011,,,,,,0.0,,,,,,,,,,,,,,,,,,,,,0.000009,,,0.000003,,,,,,,,,,,,,,,,,,0.0,,,,0.000001,0.0,,0.000018,0.000034,0.000006,0.000013,0.000012,0.00001,0.000011,0.000006,,0.000004,0.000002,0.000001,,,,,,,0.000017,0.000004,,,,
0.006723,0.0,0.0,0.000105,0.00009,0.0,0.006721,0.016667,,,,,,,,,,,,,0.000091,0.000014,,,,,,,,0.000022,0.000013,,0.000011,,0.000004,,,,0.000006,,,,0.000004,,,,,,,0.000001,,,,0.000014,,,,,,0.0,,,,,,,,,,,,,,,,,,,,,0.000012,,,0.000004,,,,,,,,,,,,,,,,,,0.0,,,,0.0,0.0,,,,,,,,,,,,,,,,,,,,,,,,,
0.013553,0.000004,0.000099,0.000056,0.000191,0.000331,0.013219,0.016667,0.0,0.0,0.0,0.0,0.0,0.000004,0.000009,0.000003,0.000053,0.000031,0.000001,0.000002,0.000025,0.000031,,,,,0.000016,,,0.00002,0.000014,,0.000012,,0.000005,,,,0.000007,,,,0.000004,,,,,,,0.000001,,,,0.000013,,,,,,0.0,,,,,,,,,,,,,,,,,,,,,0.000013,,,0.000003,,,,,,,,,,,,,,,,,,0.000001,,,,0.000001,0.0,,0.000039,0.000029,0.000007,0.000011,0.000016,0.00001,0.000029,0.000008,,0.000005,0.000002,0.000001,,,,,,,0.000015,0.000004,,,,
0.00069,0.0,0.0,0.000002,0.000093,0.0,0.000687,0.016667,,,,,,,,,,,,,0.0,0.000002,,,,,,,,0.000023,0.000013,,0.000011,,0.000004,,,,0.000006,,,,0.000004,,,,,,,0.000001,,,,0.000015,,,,,,0.0,,,,,,,,,,,,,,,,,,,,,0.000013,,,0.000004,,,,,,,,,,,,,,,,,,0.0,,,,0.0,0.0,,,,,,,,,,,,,,,,,,,,,,,,,
0.004778,0.000002,0.000083,0.000096,0.00015,0.000219,0.004558,0.016667,0.0,0.0,0.0,0.0,0.0,0.000002,0.000006,0.000002,0.000042,0.000028,0.000001,0.000004,0.000083,0.000013,,,,,0.000012,,,0.000019,0.000016,,0.000009,,0.000006,,,,0.000006,,,,0.000003,,,,,,,0.0,,,,0.000012,,,,,,0.0,,,,,,,,,,,,,,,,,,,,,0.000014,,,0.000003,,,,,,,,,,,,,,,,,,0.0,,,,0.0,0.0,,0.000018,0.000019,0.000006,0.000007,0.000012,0.000008,0.00001,0.000007,,0.000004,0.000001,0.000001,,,,,,,0.00001,0.000002,,,,
0.00532,0.0,0.0,0.000024,0.00012,0.0,0.005316,0.016667,,,,,,,,,,,,,0.0,0.000024,,,,,,,,0.000026,0.000018,,0.000014,,0.000007,,,,0.000009,,,,0.000005,,,,,,,0.000002,,,,0.000018,,,,,,0.0,,,,,,,,,,,,,,,,,,,,,0.000018,,,0.000005,,,,,,,,,,,,,,,,,,0.0,,,,0.0,0.0,,,,,,,,,,,,,,,,,,,,,,,,,
0.002698,0.0,0.0,0.000044,0.000126,0.0,0.002694,0.016667,,,,,,,,,,,,,0.000023,0.000021,,,,,,,,0.000025,0.000017,,0.000014,,0.000007,,,,0.000012,,,,0.000009,,,,,,,0.000003,,,,0.000019,,,,,,0.0,,,,,,,,,,,,,,,,,,,,,0.000016,,,0.000005,,,,,,,,,,,,,,,,,,0.0,,,,0.000001,0.0,,,,,,,,,,,,,,,,,,,,,,,,,
0.017709,0.000009,0.000107,0.000162,0.000222,0.000358,0.017347,0.016667,0.0,0.0,0.0,0.0,0.0,0.000009,0.000008,0.000003,0.000047,0.000026,0.0,0.000023,0.000111,0.000051,,,,,0.000029,,,0.000024,0.000018,,0.000015,,0.000007,,,,0.00001,,,,,,,,,,,,,,,0.000019,,,,,,0.0,,,,,,,,,,,,,,,,,,,,,0.000018,,,0.000005,,,,,,,,,,,,,,,,,,0.0,,,,0.0,0.000001,,0.000026,0.000035,0.000008,0.000013,0.000017,0.000013,0.000015,0.000009,,0.000005,0.000002,0.000001,,,,,,,0.000019,0.000004,,,,
0.000798,0.0,0.0,0.0,0.000116,0.0,0.000795,0.016667,,,,,,,,,,,,,0.0,0.0,,,,,,,,0.000029,0.000018,,0.000015,,0.000006,,,,0.000009,,,,,,,,,,,,,,,0.000019,,,,,,0.0,,,,,,,,,,,,,,,,,,,,,0.000015,,,0.000005,,,,,,,,,,,,,,,,,,0.0,,,,0.0,0.000001,,,,,,,,,,,,,,,,,,,,,,,,,
0.001708,0.000003,0.000099,0.000003,0.000147,0.000444,0.001262,0.016667,0.0,0.0,0.0,0.0,0.0,0.000003,0.000015,0.000003,0.000051,0.000019,0.0,0.000011,0.0,0.000003,,,,,0.000014,,,0.000014,0.000009,,0.000008,,0.000005,,,,0.000007,,,,,,,,,,,,,,,0.000012,,,,,,0.0,,,,,,,,,,,,,,,,,,,,,0.000012,,,0.000003,,,,,,,,,,,,,,,,,,0.000001,,,,0.000001,0.0,,0.000021,0.000024,0.000006,0.000009,0.000014,0.000009,0.000013,0.000008,,0.000004,0.000002,0.000001,,,0.000005,,,,0.000012,0.000002,,,,
0.006188,0.0,0.0,0.0001,0.000074,0.0,0.006186,0.016667,,,,,,,,,,,,,0.000088,0.000012,,,,,,,,0.000015,0.000011,,0.000009,0.000008,0.000005,,,,0.000006,,,,,,,,,,,,,,,0.000013,,,,,,0.0,,,,,,,,,,,,,,,,,,,,,0.000013,,,0.000003,,,,,,,,,,,,,,,,,,0.000001,,,,0.0,0.0,,,,,,,,,,,,,,,,,,,,,,,,,
0.007652,0.0,0.0,0.000082,0.000087,0.0,0.00765,0.016667,,,,,,,,,,,,,0.000046,0.000036,,,,,,,,0.000022,0.000013,,0.000011,0.000011,0.000005,,,,0.000007,,,,,,,,,,,,,,,0.000015,,,,,,0.0,,,,,,,,,,,,,,,,,,,,,0.000012,,,0.000004,,,,,,,,,,,,,,,,,,0.0,,,,0.0,0.000001,,,,,,,,,,,,,,,,,,,,,,,,,
0.013337,0.000004,0.000148,0.000029,0.000233,0.000371,0.012964,0.016667,0.0,0.0,0.0,0.0,0.0,0.000004,0.000009,0.000003,0.00004,0.00001,0.0,0.000086,0.000004,0.000025,,,,,0.000015,,,0.00002,0.000011,,0.000011,0.000011,0.000005,,,,0.000007,,,,,,,,,,,,,,,0.000013,,,,,,0.000001,,,,,,,,,,,,,,,,,,,,,0.000012,,,0.000003,,,,,,,,,,,,,,,,,,0.000001,,,,0.000019,0.000001,,0.00002,0.000026,0.000007,0.00001,0.000013,0.000009,0.00001,0.000008,,0.000004,0.000001,0.000002,,,,,,,0.000012,0.000002,0.000062,0.000015,,
0.002373,0.0,0.0,0.000001,0.000142,0.0,0.002371,0.016667,,,,,,,,,,,,,0.0,0.000001,,,,,,,,0.000075,0.000018,,0.00001,0.000013,0.000005,,,,0.000007,,,,,,,,,,,,,,,0.000015,,,,,,0.0,,,,,,,,,,,,,,,,,,,,,0.000011,,,0.000003,,,,,,,,,,,,,,,,,,0.0,,,,0.000001,0.0,,,,,,,,,,,,,,,,,,,,,,,,0.000006,
0.00401,0.000003,0.000075,0.00012,0.000235,0.000329,0.003679,0.016667,0.0,0.0,0.0,0.0,0.0,0.000003,0.000007,0.000002,0.000035,0.000015,0.0,0.000016,0.000111,0.000009,,,,,0.000015,,,0.000081,0.000014,,0.000013,0.000012,0.000006,,,,0.000007,,,,,,,,,,,,,,,0.000014,,,,,,0.000001,,,,,,0.000003,,,,,,,,,,,,,,,0.000014,,,0.000003,,,,,,,,,,,,,,,,,,0.0,,,,0.0,0.0,,0.000024,0.000028,0.000009,0.000009,0.000014,0.00001,0.000012,0.000009,,0.000004,0.000002,0.000002,,,,,,,0.000015,0.000004,,,0.000004,
0.006749,0.0,0.0,0.000006,0.000154,0.0,0.006747,0.016667,,,,,,,,,,,,,0.0,0.000006,,,,,,,,0.000078,0.000015,,0.000012,0.000012,0.000007,,,,0.000008,,,,,,,,,,,,,,,0.000016,,,,,,0.0,,,,,,,,,,,,,,,,,,,,,0.000017,,,0.000004,,,,,,,,,,,,,,,,,,0.0,,,,0.0,0.0,,,,,,,,,,,,,,,,,,,,,,,,0.000004,
0.020497,0.000004,0.000075,0.000167,0.000248,0.000338,0.020157,0.016667,0.0,0.0,0.0,0.0,0.0,0.000004,0.000008,0.000003,0.000043,0.000019,0.0,0.000002,0.000133,0.000034,,,,,0.000018,,,0.000088,0.000019,,0.000013,0.000013,0.000007,,,,0.000011,,,,,,,,,,,,,,,0.000018,,,,,,0.0,,,,,,,,,,,,,,,,,,,,,0.000017,,,0.000004,,,,,,,,,,,,,,,,,,0.0,,,,0.0,0.000001,,0.00002,0.000022,0.000007,0.000009,0.000013,0.000009,0.000011,0.000007,,0.000005,0.000002,0.000002,,,,,,,0.000009,,,,0.000005,
0.000995,0.0,0.0,0.000031,0.000177,0.0,0.000993,0.016667,,,,,,,,,,,,,0.000023,0.000008,,,,,,,,0.00009,0.000017,,0.000013,0.000015,0.000007,,,,0.000009,,,,,,,,,,,,,,,0.00002,,,,,,0.0,,,,,,,,,,,,,,,,,,,,,0.000018,,,0.000005,,,,,,,,,,,,,,,,,,0.0,,,,0.000001,0.0,,,,,,,,,,,,,,,,,,,,,,,,0.000006,
0.006128,0.0,0.0,0.000005,0.00008,0.0,0.006127,0.016667,,,,,,,,,,,,,0.0,0.000005,,,,,,,,0.000042,0.000006,,0.000007,0.000007,0.000003,,,,0.000004,,,,,,,,,,,,,,,0.00001,,,,,,0.0,,,,,,,,,,,,,,,,,,,,,0.000008,,,0.000002,,,,,,,,,,,,,,,,,,0.0,,,,0.0,0.0,,,,,,,,,,,,,,,,,,,,,,,,0.000003,
0.006519,0.000002,0.000138,0.000069,0.000229,0.000306,0.006211,0.016667,0.0,0.0,0.0,0.0,0.0,0.000002,0.000007,0.000004,0.000065,0.000059,0.0,0.000003,0.000045,0.000024,,,,,0.000016,,,0.000079,0.000012,,0.00001,0.00001,0.000006,,,,0.000006,,,,,,,,,,,,,,,0.000018,,,,,,0.0,,,,,,,,,,,,,,,,,,,,,0.000017,,,0.000003,,,,,,,,,,,,,,,,,,0.000001,,,,0.0,0.0,,0.000026,0.00002,0.000008,0.000011,0.000019,0.00001,0.000016,0.000011,,0.000005,0.000002,0.000002,,,,,,,0.000005,,,,0.000003,
0.015016,0.0,0.0,0.000122,0.000137,0.0,0.015014,0.016667,,,,,,,,,,,,,0.000093,0.000029,,,,,,,,0.000069,0.000013,,0.000011,0.000012,0.000005,,,,0.000008,,,,,,,,,,,,,,,0.000016,,,,,,0.0,,,,,,,,,,,,,,,,,,,,,0.000013,,,0.000004,,,,,,,,,,,,,,,,,,0.000001,,,,0.000001,0.0,,,,,,,,,,,,,,,,,,,,,,,,0.000004,
0.004199,0.000003,0.000098,0.000035,0.000201,0.000241,0.003956,0.016667,0.0,0.0,0.0,0.0,0.0,0.000003,0.000004,0.000002,0.000054,0.000036,0.0,0.000002,0.000022,0.000013,,,,,0.000024,,,0.000066,0.000012,,0.00001,0.000009,0.000004,,,,0.000007,,,,,,,,,,,,,,,0.000013,,,,,,0.0,,,,,,,,,,,,,,,,,,,,,0.000011,,,0.000003,,,,,,,,,,,,,,,,,,0.0,,,,0.0,0.000001,,0.000018,0.000019,0.000006,0.00001,0.000013,0.000008,0.000011,0.000007,,0.000004,0.000002,0.000001,,,,,,,0.000006,,,,0.000003,
0.001691,0.0,0.0,0.000002,0.000129,0.0,0.00169,0.016667,,,,,,,,,,,,,0.0,0.000002,,,,,,,,0.000054,0.000013,,0.000012,0.000009,0.000006,,,,0.000008,,,,,,,,,,,,,,,0.000018,,,,,,0.0,,,,,,,,,,,,,,,,,,,,,0.000016,,,0.000004,,,,,,,,,,,,,,,,,,0.0,,,,0.0,0.0,,,,,,,,,,,,,,,,,,,,,,,,0.000003,
0.00692,0.0,0.0,0.000101,0.000129,0.0,0.006918,0.016667,,,,,,,,,,,,,0.000089,0.000012,,,,,,,,0.00006,0.000013,,0.000011,0.000009,0.000007,,,,0.000007,,,,,,,,,,,,,,,0.000015,,,,,,0.0,,,,,,,,,,,,,,,,,,,,,0.000016,,,0.000003,,,,,,,,,,,,,,,,,,0.000001,,,,0.0,0.0,,,,,,,,,,,,,,,,,,,,,,,,0.000003,
0.007146,0.000002,0.000069,0.000013,0.000217,0.000255,0.00689,0.016667,0.0,0.0,0.0,0.0,0.0,0.000002,0.000004,0.000002,0.000037,0.000025,0.0,0.000001,0.0,0.000013,,,,,0.000014,,,0.000083,0.000015,,0.000012,0.000011,0.000007,,,,0.000008,,,,,,,,,,,,,,,0.000016,,,,,,0.0,,,,,,,,,,,,,,,,,,,,,0.000015,,,0.000003,,,,,,,,,,,,,,,,,,0.000001,,,,0.0,0.0,,0.000018,0.000017,0.000007,0.000009,0.000013,0.000008,0.000011,0.000007,,0.000003,0.000001,0.000001,,,,,,,0.000005,,,,0.000004,
0.01433,0.0,0.0,0.000164,0.00014,0.0,0.014328,0.016667,,,,,,,,,,,,,0.000132,0.000032,,,,,,,,0.000074,0.000011,,0.000012,0.000012,0.000005,,,,0.000007,,,,,,,,,,,,,,,0.000015,,,,,,0.0,,,,,,,,,,,,,,,,,,,,,0.000014,,,0.000004,,,,,,,,,,,,,,,,,,0.0,,,,0.0,0.0,,,,,,,,,,,,,,,,,,,,,,,,0.000005,
0.003379,0.000003,0.000102,0.000005,0.000244,0.000259,0.003116,0.016667,0.0,0.0,0.0,0.0,0.0,0.000003,0.000003,0.000003,0.00007,0.000023,0.000001,0.000002,0.0,0.000005,,,,,0.000017,,,0.000102,0.000016,,0.000013,0.000012,0.000007,,,,0.000009,,,,,,,,,,,,,,,0.000017,,,,,,0.0,,,,,,,,,,,,,,,,,,,,,0.000015,,,0.000003,,,,,,,,,,,,,,,,,,0.0,,,,0.0,0.0,,0.000018,0.000019,0.000006,0.00001,0.000012,0.000009,0.00001,0.000006,,0.000004,0.000002,0.000002,,,,,,,0.000005,,,,0.000006,
0.002552,0.0,0.0,0.000002,0.000116,0.0,0.00255,0.016667,,,,,,,,,,,,,0.0,0.000002,,,,,,,,0.000057,0.000011,,0.000009,0.000008,0.000006,,,,0.000006,,,,,,,,,,,,,,,0.000013,,,,,,0.0,,,,,,,,,,,,,,,,,,,,,0.000014,,,0.000002,,,,,,,,,,,,,,,,,,0.0,,,,0.0,0.0,,,,,,,,,,,,,,,,,,,,,,,,0.000003,
0.007643,0.000003,0.000097,0.000076,0.000182,0.000179,0.00746,0.016667,0.0,0.0,0.0,0.0,0.0,0.000003,0.000003,0.000002,0.000063,0.000027,0.000001,0.000001,0.000062,0.000014,,,,,0.000011,,,0.000077,0.000011,,0.000009,0.000009,0.000005,,,,0.000006,,,,,,,,,,,,,,,0.000012,,,,,,0.0,,,,,,,,,,,,,,,,,,,,,0.000013,,,0.000002,,,,,,,,,,,,,,,,,,0.0,,,,0.0,0.0,,0.000016,0.000014,0.000005,0.000007,0.000013,0.000007,0.000008,0.000008,,0.000003,0.000001,0.000001,,,,,,,0.000004,,,,0.000004,
0.006039,0.0,0.0,0.000071,0.000143,0.0,0.006037,0.016667,,,,,,,,,,,,,0.000061,0.00001,,,,,,,,0.000078,0.000012,,0.00001,0.000011,0.000005,,,,0.000007,,,,,,,,,,,,,,,0.000018,,,,,,0.0,,,,,,,,,,,,,,,,,,,,,0.000014,,,0.000004,,,,,,,,,,,,,,,,,,0.0,,,,0.0,0.0,,,,,,,,,,,,,,,,,,,,,,,,0.000004,
0.01474,0.0,0.0,0.000087,0.000168,0.0,0.014732,0.016667,,,,,,,,,,,,,0.000046,0.000041,,,,,,,,0.000095,0.000016,,0.000012,0.000014,0.000005,,,,0.000008,,,,,,,,,,,,,,,0.000017,,,,,,0.0,,,,,,,,,,,,,,,,,,,,,0.000013,,,0.000004,,,,,,,,,,,,,,,,,,0.000001,,,,0.0,0.0,,,,,,,,,,,,,,,,,,,,,,,,0.000004,
0.001327,0.000002,0.000049,0.000001,0.000212,0.000231,0.001094,0.016667,0.0,0.0,0.0,0.0,0.0,0.000002,0.000003,0.000002,0.000036,0.000007,0.0,0.000001,0.0,0.000001,,,,,0.000016,,,0.000086,0.000012,,0.00001,0.00001,0.000005,,,,0.000007,,,,,,,,,,,,,,,0.000013,,,,,,0.0,,,,,,,,,,,,,,,,,,,,,0.00001,,,0.000003,,,,,,,,,,,,,,,,,,0.0,,,,0.0,0.0,,0.000017,0.000018,0.000006,0.00001,0.000013,0.000008,0.00001,0.000008,,0.000004,0.000002,0.000002,,,,,,,0.000006,,,,0.000003,
0.004418,0.0,0.0,0.000063,0.000104,0.0,0.004417,0.016667,,,,,,,,,,,,,0.000057,0.000006,,,,,,,,0.000051,0.000009,,0.000009,0.000008,0.000004,,,,0.000006,,,,,,,,,,,,,,,0.000014,,,,,,0.0,,,,,,,,,,,,,,,,,,,,,0.000009,,,0.000002,,,,,,,,,,,,,,,,,,0.0,,,,0.000001,0.0,,,,,,,,,,,,,,,,,,,,,,,,0.000003,
0.006898,0.000003,0.000068,0.000006,0.000229,0.000275,0.00662,0.016667,0.0,0.0,0.0,0.0,0.0,0.000003,0.000003,0.000002,0.000049,0.000013,0.0,0.000001,0.0,0.000006,,,,,0.000014,,,0.000086,0.000014,,0.000012,0.000012,0.000006,,,,0.000008,,,,,,,,,,,,,,,0.000016,,,,,,0.0,,,,,,,,,,,,,,,,,,,,,0.000014,,,0.000004,,,,,,,,,,,,,,,,,,0.0,,,,0.0,0.0,,0.000022,0.000019,0.000006,0.00001,0.000016,0.00001,0.000013,0.000008,,0.000005,0.000002,0.000002,,,,,,,0.000005,,,,0.000004,
0.020972,0.0,0.0,0.00017,0.000177,0.0,0.02097,0.016667,,,,,,,,,,,,,0.000122,0.000048,,,,,,,,0.00009,0.000016,,0.000014,0.000015,0.000007,,,,0.000009,,,,,,,,,,,,,,,0.000021,,,,,,0.0,,,,,,,,,,,,,,,,,,,,,0.000017,,,0.000005,,,,,,,,,,,,,,,,,,0.0,,,,0.000001,0.0,,,,,,,,,,,,,,,,,,,,,,,,0.000006,
0.00106,0.000004,0.000104,0.000002,0.00022,0.000253,0.000804,0.016667,0.0,0.0,0.0,0.0,0.0,0.000004,0.000004,0.000002,0.000058,0.000037,0.000001,0.000002,0.0,0.000002,,,,,0.000017,,,0.000076,0.000016,,0.000012,0.000009,0.000007,,,,0.000009,,,,,,,,,,,,,,,0.000017,,,,,,0.0,,,,,,,,,,,,,,,,,,,,,0.000016,,,0.000003,,,,,,,,,,,,,,,,,,0.0,,,,0.0,0.000001,,0.000018,0.000019,0.000006,0.00001,0.000012,0.000008,0.00001,0.000007,,0.000004,0.000002,0.000001,,,,,,,0.000006,,,,0.000003,
0.003936,0.0,0.0,0.000003,0.000078,0.0,0.003935,0.016667,,,,,,,,,,,,,0.0,0.000003,,,,,,,,0.00004,0.000007,,0.000005,0.000007,0.000004,,,,0.000003,,,,,,,,,,,,,,,0.000008,,,,,,0.0,,,,,,,,,,,,,,,,,,,,,0.00001,,,0.000002,,,,,,,,,,,,,,,,,,0.0,,,,0.0,0.0,,,,,,,,,,,,,,,,,,,,,,,,0.000002,
0.006761,0.0,0.0,0.000036,0.000438,0.0,0.006758,0.016667,,,,,,,,,,,,,0.000017,0.000019,,,,,,,,0.000245,0.000039,,0.000036,0.000038,0.000014,,,,0.000024,,,,,,,,,,,,,,,0.000053,,,,,,0.0,,,,,,,,,,,,,,,,,,,,,0.000025,,,0.000011,,,,,,,,,,,,,,,,,,0.000001,,,,0.000001,0.0,,,,,,,,,,,,,,,,,,,,,,,,0.000015,
0.014395,0.000007,0.000086,0.000046,0.000195,0.0004,0.01399,0.016667,0.0,0.0,0.0,0.0,0.0,0.000007,0.000002,0.000002,0.000055,0.000025,0.0,0.000002,0.000019,0.000027,,,,,0.000017,,,0.000059,0.000013,,0.000011,0.00001,0.000005,,,,0.000007,,,,,,,,,,,,,,,0.000015,,,,,,0.000001,,,,,,,,,,,,,,,,,,,,,0.000014,,,0.000003,,,,,,,,,,,,,,,,,,0.0,,,,0.0,0.0,,0.000022,0.000019,0.000007,0.00001,0.000013,0.000008,0.000013,0.000007,,0.000004,0.000002,0.000001,,,,,,,0.000006,,,,0.000003,
0.004823,0.0,0.0,0.000083,0.000153,0.0,0.00482,0.016667,,,,,,,,,,,,,0.00007,0.000013,,,,,,,,0.000076,0.000014,,0.000011,0.000014,0.000005,,,,0.000007,,,,0.000004,,,,,,,0.000002,,,,0.000016,,,,,,0.0,,,,,,,,,,,,,,,,,,,,,0.000016,,,0.000004,,,,,,,,,,,,,,,,,,0.0,,,,0.0,0.0,,,,,,,,,,,,,,,,,,,,,,,,0.000004,
0.006428,0.000004,0.000098,0.000037,0.000197,0.000376,0.00605,0.016667,0.0,0.0,0.0,0.0,0.0,0.000004,0.000003,0.000003,0.000051,0.000039,0.000001,0.000001,0.00002,0.000017,,,,,0.000016,,,0.00007,0.00001,,0.00001,0.00001,0.000004,,,,0.000006,,,,,,,,,,,,,,,0.000012,,,,,,0.000001,,,,,,,,,,,,,,,,,,,,,0.00001,,,0.000003,,,,,,,,,,,,,,,,,,0.0,,,,0.000001,0.0,,0.000021,0.000022,0.000008,0.000008,0.000013,0.000009,0.000011,0.000007,,0.000003,0.000001,0.000002,,,,,,,0.000011,0.000002,,,0.000003,
0.007213,0.0,0.0,0.000006,0.000207,0.0,0.00721,0.016667,,,,,,,,,,,,,0.0,0.000006,,,,,,,,0.000105,0.000017,,0.000013,0.000016,0.000007,,,,0.000008,,,,,,,,,,,,,,,0.000025,,,,,,0.0,,,,,,,,,,,,,,,,,,,,,0.000027,,,0.000007,,,,,,,,,,,,,,,,,,0.000001,,,,0.000001,0.0,,,,,,,,,,,,,,,,,,,,,,,,0.000005,
0.014482,0.000003,0.000103,0.000151,0.000361,0.000248,0.014233,0.016667,0.0,0.0,0.0,0.0,0.0,0.000003,0.000005,0.000003,0.000054,0.000039,0.000001,0.000001,0.000122,0.000029,,,,,0.000017,,,0.000077,0.000059,,0.000066,0.000011,0.000005,,,,0.000008,,,,,,,,,,,,,,,0.000012,,,,,,0.0,,,,,,,,,,,,,,,,,,,,,0.000066,,,0.000003,,,,,,,,,,,,,,,,,,0.0,,,,0.0,0.0,,0.000018,0.000023,0.000006,0.000009,0.000012,0.000009,0.00001,0.000007,,0.000004,0.000002,0.000002,,,,,,,0.000011,0.000002,,,0.000003,
0.00356,0.0,0.0,0.000004,0.000133,0.0,0.003558,0.016667,,,,,,,,,,,,,0.0,0.000004,,,,,,,,0.000073,0.000012,,0.000011,0.000013,0.000005,,,,0.000007,,,,,,,,,,,,,,,0.000013,,,,,,0.0,,,,,,,,,,,,,,,,,,,,,0.00001,,,0.000004,,,,,,,,,,,,,,,,,,0.0,,,,0.000001,0.0,,,,,,,,,,,,,,,,,,,,,,,,0.000005,
0.00216,0.000003,0.000147,0.000096,0.000272,0.000385,0.001773,0.016667,0.0,0.0,0.0,0.0,0.0,0.000003,0.000005,0.000002,0.000045,0.000022,0.000001,0.000072,0.000088,0.000008,,,,,0.000015,,,0.00007,0.000012,,0.000009,0.000012,0.000006,,,,0.000007,,,,,,,,,,,,,,,0.000013,,,,,,0.0,,,,,,,0.000056,,,,,,,,,,,,,,0.000012,,,0.000003,,,,,,,,,,,,,,,,,,0.0,,,,0.000001,0.0,,0.000026,0.000026,0.000008,0.00001,0.000018,0.000011,0.000016,0.00001,,0.000005,0.000002,0.000001,,,,,,,0.000013,0.000003,,,0.000006,
0.007147,0.0,0.0,0.000005,0.000078,0.0,0.007146,0.016667,,,,,,,,,,,,,0.0,0.000005,,,,,,,,0.000034,0.000008,,0.000006,0.000008,0.000004,,,,0.000005,,,,,,,,,,,,,,,0.000011,,,,,,0.0,,,,,,,,,,,,,,,,,,,,,0.000009,,,0.000002,,,,,,,,,,,,,,,,,,0.0,,,,0.0,0.0,,,,,,,,,,,,,,,,,,,,,,,,0.000002,
0.006964,0.0,0.0,0.000029,0.000136,0.0,0.006962,0.016667,,,,,,,,,,,,,0.000015,0.000014,,,,,,,,0.000069,0.000013,,0.00001,0.000011,0.000006,,,,0.000007,,,,,,,,,,,,,,,0.000015,,,,,,0.0,,,,,,,,,,,,,,,,,,,,,0.000016,,,0.000003,,,,,,,,,,,,,,,,,,0.000001,,,,0.0,0.0,,,,,,,,,,,,,,,,,,,,,,,,0.000003,
0.014403,0.000002,0.000114,0.000076,0.000211,0.000242,0.014159,0.016667,0.0,0.0,0.0,0.0,0.0,0.000002,0.000007,0.000003,0.000054,0.000047,0.000001,0.000002,0.000055,0.000021,,,,,0.000018,,,0.000085,0.000012,,0.00001,0.00001,0.000005,,,,0.000007,,,,,,,,,,,,,,,0.000011,,,,,,0.0,,,,,,,,,,,,,,,,,,,,,0.000009,,,0.000003,,,,,,,,,,,,,,,,,,0.0,,,,0.0,0.0,,0.000018,0.000024,0.000006,0.00001,0.000012,0.000009,0.000009,0.000007,,0.000004,0.000001,0.000002,,,,,,,0.000012,0.000003,,,0.000002,
0.004009,0.000003,0.000078,0.000018,0.000258,0.000282,0.003725,0.016667,0.0,0.0,0.0,0.0,0.0,0.000003,0.000004,0.000002,0.000037,0.000018,0.0,0.000017,0.00001,0.000008,,,,,0.000017,,,0.000096,0.000016,,0.000014,0.000014,0.000008,,,,0.000008,,,,,,,,,,,,,,,0.000019,,,,,,0.0,,,,,,,,,,,,,,,,,,,,,0.000019,,,0.000006,,,,,,,,,,,,,,,,,,0.0,,,,0.000001,0.000001,,0.000023,0.000024,0.000006,0.000009,0.000013,0.000011,0.00001,0.000007,,0.000004,0.000002,0.000002,,,,,,,0.000012,0.000003,,,0.000005,
0.001749,0.0,0.0,0.000002,0.00017,0.0,0.001748,0.016667,,,,,,,,,,,,,0.0,0.000002,,,,,,,,0.000094,0.000015,,0.000012,0.000014,0.000006,,,,0.000008,,,,,,,,,,,,,,,0.000017,,,,,,0.0,,,,,,,,,,,,,,,,,,,,,0.000017,,,0.000004,,,,,,,,,,,,,,,,,,0.000001,,,,0.0,0.0,,,,,,,,,,,,,,,,,,,,,,,,0.000004,
0.007211,0.000002,0.000095,0.000071,0.000191,0.000266,0.006944,0.016667,0.0,0.0,0.0,0.0,0.0,0.000002,0.000008,0.000005,0.000042,0.000028,0.0,0.000012,0.000059,0.000012,,,,,0.000012,,,0.000069,0.000009,,0.000009,0.000008,0.000005,,,,0.000006,,,,,,,,,,,,,,,0.00001,,,,,,0.0,,,,,,,,,,,,,,,,,,,,,0.00001,,,0.000002,,,,,,,,,,,,,,,,,,0.0,,,,0.0,0.0,,0.000016,0.000019,0.000006,0.000007,0.000012,0.000022,0.000009,0.000007,,0.000004,0.000002,0.000001,,,,,,,0.000009,0.000002,,,0.000003,0.000004
0.007945,0.0,0.0,0.000042,0.000166,0.0,0.007942,0.016667,,,,,,,,,,,,,0.00002,0.000022,,,,,,,,0.000081,0.000016,,0.000013,0.000016,0.000007,,,,0.000009,,,,,,,,,,,,,,,0.000017,,,,,,0.0,,,,,,,,,,,,,,,,,,,,,0.000019,,,0.000005,,,,,,,,,,,,,,,,,,0.000001,,,,0.000001,0.0,,,,,,,,,,,,,,,,,,,,,,,,0.000006,
0.015826,0.000002,0.000108,0.000041,0.00043,0.000282,0.01554,0.016667,0.0,0.0,0.0,0.0,0.0,0.000002,0.000006,0.000003,0.000081,0.000016,0.000001,0.000001,0.000017,0.000024,,,,,0.000018,,,0.00021,0.000013,,0.000067,0.000014,0.000006,,,,0.000012,,,,,,,,,,,,,,,0.000019,,,,,,0.0,,,,,,,,,,,,,,,,,,,,,0.000012,,,0.000004,,,,,,,,,,,,,,,,,,0.0,,,,0.0,0.0,,0.000018,0.000025,0.000008,0.00001,0.000014,0.000025,0.000009,0.000007,,0.000005,0.000002,0.000001,,,,,,,0.000012,0.000003,,,0.000005,
0.000632,0.0,0.0,0.000001,0.000131,0.0,0.00063,0.016667,,,,,,,,,,,,,0.0,0.000001,,,,,,,,0.000066,0.000012,,0.000011,0.000012,0.000005,,,,0.000007,,,,,,,,,,,,,,,0.000015,,,,,,0.0,,,,,,,,,,,,,,,,,,,,,0.000013,,,0.000004,,,,,,,,,,,,,,,,,,0.0,,,,0.0,0.000001,,,,,,,,,,,,,,,,,,,,,,,,0.000005,
0.002551,0.000002,0.000094,0.000091,0.000191,0.000259,0.002291,0.016667,0.0,0.0,0.0,0.0,0.0,0.000002,0.000007,0.000002,0.000039,0.000043,0.000001,0.000002,0.00008,0.000011,,,,,0.000013,,,0.000066,0.000011,,0.000008,0.00001,0.000006,,,,0.000005,,,,,,,,,,,,,,,0.000012,,,,,,0.0,,,,,,,,,,,,,,,,,,,,,0.000014,,,0.000002,,,,,,,,,,,,,,,,,,0.0,,,,0.000001,0.0,,0.000016,0.000017,0.000005,0.000006,0.000012,0.000022,0.000008,0.000006,,0.000004,0.000002,0.000002,,,,,,,0.000009,0.000002,,,0.000002,
0.007002,0.0,0.0,0.000003,0.000089,0.0,0.007001,0.016667,,,,,,,,,,,,,0.0,0.000003,,,,,,,,0.000046,0.000009,,0.000007,0.000008,0.000004,,,,0.000004,,,,,,,,,,,,,,,0.000009,,,,,,0.0,,,,,,,,,,,,,,,,,,,,,0.000009,,,0.000002,,,,,,,,,,,,,,,,,,0.0,,,,0.0,0.0,,,,,,,,,,,,,,,,,,,,,,,,0.000003,
0.006398,0.0,0.0,0.000029,0.000131,0.0,0.006396,0.016667,,,,,,,,,,,,,0.000006,0.000023,,,,,,,,0.000074,0.000011,,0.000009,0.000011,0.000005,,,,0.000006,,,,,,,,,,,,,,,0.000013,,,,,,0.0,,,,,,,,,,,,,,,,,,,,,0.000012,,,0.000004,,,,,,,,,,,,,,,,,,0.0,,,,0.0,0.0,,,,,,,,,,,,,,,,,,,,,,,,0.000004,
0.015731,0.000004,0.000109,0.000034,0.000249,0.000288,0.01544,0.016667,0.0,0.0,0.0,0.0,0.0,0.000004,0.000007,0.000002,0.000064,0.000034,0.0,0.000002,0.000012,0.000022,,,,,0.00002,,,0.00009,0.000012,,0.00001,0.000011,0.000005,,,,0.000006,,,,,,,,,,,,,,,0.000013,,,,,,0.0,,,,,,,,,,,,,,,,,,,,,0.000012,,,0.000003,,,,,,,,,,,,,,,,,,0.0,,,,0.0,0.000001,,0.000021,0.000026,0.000008,0.00001,0.000015,0.000024,0.000011,0.000008,,0.000005,0.000002,0.000002,,,,,,,0.000013,0.000002,,,0.000004,
0.000636,0.0,0.0,0.000093,0.000128,0.0,0.000633,0.016667,,,,,,,,,,,,,0.000085,0.000008,,,,,,,,0.000067,0.000013,,0.00001,0.000014,0.000005,,,,0.000007,,,,,,,,,,,,,,,0.000013,,,,,,0.0,,,,,,,,,,,,,,,,,,,,,0.000011,,,0.000004,,,,,,,,,,,,,,,,,,0.0,,,,0.0,0.000001,,,,,,,,,,,,,,,,,,,,,,,,0.000005,
0.003873,0.000002,0.000067,0.000003,0.00015,0.000217,0.003655,0.016667,0.0,0.0,0.0,0.0,0.0,0.000002,0.000009,0.000003,0.000038,0.000016,0.0,0.000001,0.0,0.000003,,,,,0.000012,,,0.000042,0.000007,,0.000006,0.00001,0.000003,,,,0.000004,,,,,,,,,,,,,,,0.000007,,,,,,0.0,,,,,,,,,,,,,,,,,,,,,0.000009,,,0.000002,,,,,,,,,,,,,,,,,,0.0,,,,0.000001,0.0,,0.000022,0.000018,0.00001,0.000007,0.000013,0.000019,0.00001,0.000007,,0.000003,0.000001,0.000001,,,,,,,0.000009,0.000003,,,0.000001,
0.007662,0.0,0.0,0.000032,0.000115,0.0,0.00766,0.016667,,,,,,,,,,,,,0.000013,0.000019,,,,,,,,0.000054,0.000011,,0.000009,0.00001,0.000006,,,,0.000007,,,,,,,,,,,,,,,0.000014,,,,,,0.0,,,,,,,,,,,,,,,,,,,,,0.000014,,,0.000003,,,,,,,,,,,,,,,,,,0.0,,,,0.0,0.0,,,,,,,,,,,,,,,,,,,,,,,,0.000003,
0.018628,0.000003,0.00006,0.000112,0.000219,0.000279,0.018347,0.016667,0.0,0.0,0.0,0.0,0.0,0.000003,0.000007,0.000002,0.000035,0.000015,0.0,0.000001,0.000071,0.000041,,,,,0.000024,,,0.000073,0.000012,,0.00001,0.00001,0.000005,,,,0.000007,,,,,,,,,,,,,,,0.000012,,,,,,0.0,,,,,,,,,,,,,,,,,,,,,0.00001,,,0.000003,,,,,,,,,,,,,,,,,,0.0,,,,0.000001,0.000001,,0.000016,0.00003,0.000005,0.000013,0.000014,0.000017,0.000009,0.000007,,0.000005,0.000002,0.000002,,,,,,,0.000012,0.000003,,,0.000003,
0.000902,0.0,0.0,0.0,0.000167,0.0,0.000899,0.016667,,,,,,,,,,,,,0.0,0.0,,,,,,,,0.000082,0.000016,,0.000014,0.000016,0.000008,,,,0.000009,,,,,,,,,,,,,,,0.000019,,,,,,0.0,,,,,,,,,,,,,,,,,,,,,0.000018,,,0.000005,,,,,,,,,,,,,,,,,,0.000001,,,,0.0,0.0,,,,,,,,,,,,,,,,,,,,,,,,0.000005,
0.000968,0.000002,0.000073,0.000001,0.000215,0.000272,0.000695,0.016667,0.0,0.0,0.0,0.0,0.0,0.000002,0.000008,0.000003,0.000041,0.000019,0.000001,0.000001,0.0,0.000001,,,,,0.000014,,,0.000072,0.000014,,0.000011,0.000012,0.000006,,,,0.000007,,,,,,,,,,,,,,,0.000013,,,,,,0.000001,,,,,,,,,,,,,,,,,,,,,0.000016,,,0.000004,,,,,,,,,,,,,,,,,,0.0,,,,0.0,0.000001,,0.000016,0.00002,0.000006,0.000008,0.000013,0.000017,0.000008,0.000008,,0.000005,0.000001,0.000002,,,,,,,0.00001,0.000002,,,0.000004,
0.006097,0.0,0.0,0.000002,0.000067,0.0,0.006096,0.016667,,,,,,,,,,,,,0.0,0.000002,,,,,,,,0.000038,0.000006,,0.000004,0.000004,0.000003,,,,0.000003,,,,,,,,,,,,,,,0.000008,,,,,,0.0,,,,,,,,,,,,,,,,,,,,,0.000008,,,0.000001,,,,,,,,,,,,,,,,,,0.0,,,,0.0,0.0,,,,,,,,,,,,,,,,,,,,,,,,0.000001,
0.006796,0.0,0.0,0.000122,0.00013,0.0,0.006794,0.016667,,,,,,,,,,,,,0.0001,0.000022,,,,,,,,0.000066,0.000013,,0.00001,0.000012,0.000006,,,,0.000006,,,,,,,,,,,,,,,0.000014,,,,,,0.0,,,,,,,,,,,,,,,,,,,,,0.000015,,,0.000003,,,,,,,,,,,,,,,,,,0.0,,,,0.0,0.0,,,,,,,,,,,,,,,,,,,,,,,,0.000003,
0.014612,0.000003,0.000113,0.000038,0.000256,0.000376,0.014235,0.016667,0.0,0.0,0.0,0.0,0.0,0.000003,0.000006,0.000003,0.000064,0.000038,0.0,0.000002,0.000013,0.000025,,,,,0.000023,,,0.000079,0.00001,,0.00001,0.000012,0.000005,,,,0.000007,,,,,,,,,,,,,,,0.000013,,,,,,0.0,,,,,,,,,,,,,,,,,,,,,0.000014,,,0.000003,,,,,,,,,,,,,,,,,,0.0,,,,0.0,0.0,,0.00003,0.000032,0.00001,0.000013,0.000022,0.000024,0.000018,0.000012,,0.000007,0.000003,0.000002,,,,,,,0.000014,0.000003,,,0.000003,
0.005114,0.0,0.0,0.000093,0.000186,0.0,0.005112,0.016667,,,,,,,,,,,,,0.000082,0.000011,,,,,,,,0.000096,0.000015,,0.000013,0.000015,0.000007,,,,0.000008,,,,0.000008,,,,,,,0.000003,,,,0.000019,,,,,,0.0,,,,,0.0,,,,,,,,,,,,,,,,0.000018,,,0.000005,,,,,,,,,,,,,,,,,,0.0,,,,0.0,0.0,,,,,,,,,,,,,,,,,,,,,,,,0.000004,
0.00099,0.000003,0.00012,0.000002,0.000254,0.000328,0.000661,0.016667,0.0,0.0,0.0,0.0,0.0,0.000003,0.000012,0.000004,0.000073,0.000029,0.000001,0.000001,0.0,0.000002,,,,,0.000017,,,0.000078,0.000011,,0.00001,0.000016,0.000006,,,,0.000007,,,,,,,,,,,,,,,0.000015,,,,,,0.0,,,,,,,,,,,,,,,,,,,,,0.000018,,,0.000004,,,,,,,,,,,,,,,,,,0.0,,,,0.000001,0.0,,0.000024,0.000028,0.000009,0.000012,0.000018,0.000028,0.000013,0.000012,,0.000006,0.000002,0.000002,,,,,,,0.000014,0.000003,,,0.000003,
0.007075,0.0,0.0,0.00003,0.000073,0.0,0.007074,0.016667,,,,,,,,,,,,,0.000015,0.000015,,,,,,,,0.000037,0.000006,,0.000006,0.000005,0.000003,,,,0.000004,,,,,,,,,,,,,,,0.000009,,,,,,0.0,,,,,,,,,,,,,,,,,,,,,0.000008,,,0.000001,,,,,,,,,,,,,,,,,,0.000001,,,,0.0,0.000001,,,,,,,,,,,,,,,,,,,,,,,,0.000001,
0.006376,0.0,0.0,0.000082,0.000142,0.0,0.006374,0.016667,,,,,,,,,,,,,0.000072,0.00001,,,,,,,,0.000084,0.000012,,0.00001,0.000011,0.000005,,,,0.000006,,,,,,,,,,,,,,,0.000014,,,,,,0.0,,,,,,,,,,,,,,,,,,,,,0.00001,,,0.000004,,,,,,,,,,,,,,,,,,0.0,,,,0.000001,0.000001,,,,,,,,,,,,,,,,,,,,,,,,0.000004,
0.014365,0.000003,0.00011,0.000035,0.000249,0.000304,0.014059,0.016667,0.0,0.0,0.0,0.0,0.0,0.000003,0.000008,0.000002,0.000057,0.00004,0.000001,0.000002,0.000012,0.000023,,,,,0.000021,,,0.000082,0.000012,,0.00001,0.00001,0.000004,,,,0.000006,,,,,,,,,,,,,,,0.000011,,,,,,0.0,,,,,,,,,,,,,,,,,,,,,0.000011,,,0.000002,,,,,,,,,,,,,,,,,,0.0,,,,0.0,0.000001,,0.000024,0.000033,0.000008,0.000014,0.00002,0.000023,0.000014,0.000011,,0.000006,0.000003,0.000002,,,,,,,0.000015,0.000004,,,0.000003,
0.002729,0.0,0.0,0.000004,0.000169,0.0,0.002727,0.016667,,,,,,,,,,,,,0.0,0.000004,,,,,,,,0.000088,0.000016,,0.000014,0.000014,0.000007,,,,0.000008,,,,,,,,,,,,,,,0.000019,,,,,,0.0,,,,,,,,,,,,,,,,,,,,,0.000018,,,0.000004,,,,,,,,,,,,,,,,,,0.0,,,,0.0,0.000001,,,,,,,,,,,,,,,,,,,,,,,,0.00001,
0.003485,0.000002,0.000071,0.000023,0.0002,0.000251,0.003234,0.016667,0.0,0.0,0.0,0.0,0.0,0.000002,0.000004,0.000003,0.000046,0.000016,0.000001,0.000001,0.000014,0.000009,,,,,0.00001,,,0.000073,0.000012,,0.000008,0.000009,0.000006,,,,0.000006,,,,,,,,,,,,,,,0.000013,,,,,,0.0,,,,,,,,,,,,,,,,,,,,,0.000014,,,0.000002,,,,,,,,,,,,,,,,,,0.0,,,,0.0,0.000001,,0.000016,0.00002,0.000006,0.000007,0.000012,0.000015,0.000009,0.000007,,0.000004,0.000002,0.000002,,,,,,,0.00001,0.000002,,,0.000003,
0.006859,0.0,0.0,0.000009,0.000074,0.0,0.006858,0.016667,,,,,,,,,,,,,0.0,0.000009,,,,,,,,0.000039,0.000008,,0.000006,0.000006,0.000003,,,,0.000004,,,,,,,,,,,,,,,0.000008,,,,,,0.0,,,,,,,,,,,,,,,,,,,,,0.000008,,,0.000002,,,,,,,,,,,,,,,,,,0.0,,,,0.0,0.0,,,,,,,,,,,,,,,,,,,,,,,,0.000001,
0.007077,0.0,0.0,0.000069,0.000184,0.0,0.007075,0.016667,,,,,,,,,,,,,0.000057,0.000012,,,,,,,,0.000105,0.000015,,0.000014,0.000016,0.000007,,,,0.000008,,,,,,,,,,,,,,,0.000017,,,,,,0.0,,,,,,,,,,,,,,,,,,,,,0.000017,,,0.000004,,,,,,,,,,,,,,,,,,0.0,,,,0.0,0.0,,,,,,,,,,,,,,,,,,,,,,,,0.000005,
0.014367,0.000003,0.000108,0.00004,0.000406,0.000279,0.014085,0.016667,0.0,0.0,0.0,0.0,0.0,0.000003,0.000006,0.000002,0.000062,0.000036,0.0,0.000002,0.000017,0.000023,,,,,0.00002,,,0.00023,0.000016,,0.000012,0.000011,0.000006,,,,0.00001,,,,,,,,,,,,,,,0.000022,,,,,,0.0,,,,,,,,,,,,,,,,,,,,,0.000014,,,0.000004,,,,,,,,,,,,,,,,,,0.000001,,,,0.000001,0.0,,0.000018,0.000031,0.000007,0.000013,0.000015,0.000019,0.000009,0.000007,,0.000005,0.000002,0.000002,,,,,,,0.000015,0.000003,,,0.000003,
0.001084,0.000008,0.000072,0.00061,0.000254,0.0,0.000842,0.016667,0.0,0.0,0.0,0.0,0.0,0.000008,0.000006,0.000003,0.000042,0.000019,0.0,0.000002,0.000424,0.000186,,,,,0.00002,,,0.000092,0.000015,,0.000011,0.000011,0.000004,,,,0.000007,,,,,,,,,,,,,,,0.00001,,,,,,0.0,,,,,,,,,,,,,,,,,,,,,0.000009,,,0.000002,,,,,,,,,,,,,,,,,,0.0,,,,0.0,0.0,,0.000028,0.000034,0.00001,0.000014,0.000025,0.000012,0.000016,0.000016,,0.000006,0.000002,0.000001,,,,,,,0.000016,0.000003,,0.000001,0.000002,
